failed_attempts,successful_attempts,failed_ratio,confidence_score,spoof_indicator,spoof_attempts,time_since_last,login_frequency,ip_changes,current_success,packets_per_sec,bytes_per_sec,unique_ports,syn_count,failed_connections,traffic_ratio,after_hours,label
0,5,0.0,0.8643486485434053,0,0,3037.2072595428463,6,1,0,429.03862343198114,8638.083497713014,6,7,11,1.0559578572094885,0,1
0,1,0.0,0.8795,0,0,3205.2265,9,2,1,61.8179,2364.4094,7,4,4,0.7582,1,0
0,2,0.08748425045448908,0.9655681204002113,0,0,2663.207435156054,6,2,1,70.8627631339448,2723.9006409764843,16,3,11,0.7114842784598013,0,0
0,2,0.0,0.9585408609641487,0,0,1644.2280658315171,1,1,0,252.63861095337936,204895.18889283706,6,8,6,0.6358472816174175,0,0
3,0,1.0,0.6918,0,0,3.81,6,0,1,288.9458,1822.0159,60,74,8,0.8538,0,1
0,3,0.0,0.9054,0,0,3183.6555,2,0,1,58.8881,188877.8535,5,5,12,1.1294,0,0
0,5,0.0,0.7391,0,0,2596.1855,3,0,1,41.9557,800000.0,3,0,5,1.5969,0,0
2,2,0.5,0.9493,0,0,2806.0417,3,2,1,5.0838,7508.9302,13,8,8,0.9351,0,0
0,1,0.0,0.7468,0,0,1171.0598,8,2,1,16.9319,38541.3421,17,8,0,0.1927,0,0
1,3,0.25,0.5428,0,0,3341.626,5,0,1,27.4166,6109.1988,16,3,0,1.4676,0,0
3,2,0.6,0.3027,0,0,5.3054,8,1,1,89.4096,3558.6127,71,47,27,0.755,0,1
0,5,0.0,0.5933,0,0,3294.2454,10,1,1,672.7774,11206.8073,8,1,16,0.6408,0,0
0,1,0.0,0.8806,0,0,2896.3446,6,1,1,72.0278,32135.4729,4,8,10,0.9699,0,0
0,2,0.0,0.4543,0,0,2429.5824,10,0,1,358.5026,98936.106,9,7,11,1.3447,0,0
0,4,0.0,0.816,0,0,1172.7259,2,1,1,494.1756,26954.8132,12,0,8,0.49,0,0
1,4,0.2,0.7601,0,0,3583.0623,4,1,1,9.2213,800000.0,10,5,16,0.9431,0,0
1,4,0.2,0.8494,0,0,1445.0889,6,1,1,14.7165,800000.0,17,8,15,1.4001,0,0
2,0,1.0,0.5748,0,0,4.4884,4,1,0,63.3031,604.1965,160,94,18,0.5183,1,1
0,1,0.0,0.8527640427595985,0,0,1882.5945404229394,6,1,0,1163.7005575070496,-31711.11382295809,5,2,12,1.4201144304685513,0,0
0,2,0.0,0.6121,0,0,1427.6983,8,0,0,58.9949,67973.7071,4,1,0,0.8253,0,0
0,2,0.0,0.5862,0,0,983.9852,9,2,1,855.763,262570.1776,13,4,13,1.9111,0,0
11,0,1.0,0.6872293264346256,0,2,301.93578644145873,35,9,0,-81.06640728252019,-8961.617295996506,1,6,13,1.289431469513511,1,1
1,5,0.1667,0.6731,0,0,2999.253,9,2,0,135.1129,28818.7291,3,8,11,0.5595,0,0
0,2,0.0,0.5848,0,0,682.446,6,1,1,41.2641,3215.8714,9,8,16,1.4021,0,1
2,1,0.6667,0.7477,0,0,2.4038,9,0,0,177.5289,1008.7176,272,80,9,0.1668,1,1
0,2,0.0,0.6339,0,0,93.5883,4,2,1,83.8326,465536.5586,9,0,12,0.4098,1,0
1,3,0.25,0.6222,0,0,1393.7458,8,2,1,344.4707,3796.6474,13,1,3,0.8755,0,0
3,1,0.75,0.4791,0,0,186.9035,5,0,0,11.7457,720.5041,2,8,3,1.2254,1,1
1,1,0.5,0.4833,0,0,3205.5029,10,1,1,23.2032,2374.6529,5,8,4,1.8403,0,0
0,1,0.0,0.7878,0,0,2242.1243,7,0,1,6.3748,39571.8597,7,5,13,0.7821,0,0
9,0,1.0,0.4942,0,1,3.3414,53,2,0,85.3268,12961.7381,13,5,3,1.827,1,1
6,1,0.8571,0.098,1,6,5.2862,6,1,0,24.6921,1939.5622,7,2,1,1.0139,1,1
0,1,0.0,0.6888,0,0,1199.6793,9,1,1,31.0571,90925.7998,1,0,8,1.4452,1,0
0,3,0.0,0.8022,0,0,2568.3086,12,0,0,46.0359,7366.962,7,8,8,1.6011,0,0
0,4,0.0,0.8689,0,0,370.9787,4,2,0,611.8471,12145.9953,15,4,10,1.0959,0,0
1,4,0.18364044648578196,0.7838413700274502,0,0,3116.334541452872,11,0,1,111.50420482221983,-68374.8914378126,5,3,6,1.407557657581921,0,0
1,1,0.5,0.7832,0,0,3557.0659,4,1,1,63.1574,6342.8514,11,6,4,0.7306,0,0
0,2,0.0,0.9224,0,0,1150.1219,11,1,0,102.0041,1493.8918,12,2,7,0.9518,0,0
4,0,1.0,0.016,0,0,0.2368,30,7,0,38.8779,6056.2384,14,9,12,1.7777,1,1
0,4,0.0,0.5849,0,0,3212.4929,6,0,0,242.6513,629750.7702,12,1,13,1.3838,0,0
0,4,0.0,0.978349513134344,0,0,2401.042195426123,12,0,0,-50.781480265757516,34477.6768860293,6,8,7,0.610099628645764,0,0
1,2,0.3333,0.9293,0,0,274.7619,12,1,1,149.0924,10044.8342,6,7,10,1.4426,0,0
0,1,0.0,0.9709,0,0,1594.8539,4,2,0,30.676,119686.9591,6,1,12,0.3685,0,1
0,3,0.0,0.9095694642759209,0,0,207.83572547577444,8,2,1,117.28386441215156,-15838.265523849748,8,3,19,0.0,0,0
6,1,0.8571,0.0314,1,3,11.1596,11,0,0,29.7046,2117.4889,5,2,0,0.5918,0,1
0,5,0.0,0.5875,0,0,195.8494,4,1,1,35.3353,15425.0941,9,0,11,0.5989,1,0
9,1,0.9,0.3794,0,3,8.5807,56,5,0,49.0629,1940.9037,4,3,12,1.6094,1,1
1,5,0.1667,0.8359,0,0,1516.8264,8,0,1,691.0196,79512.7445,15,1,12,1.01,1,0
1,5,0.1667,0.5322,0,0,937.1151,6,0,1,7.693,2421.8055,4,5,14,1.3541,0,0
0,3,0.0,0.7645,0,0,2289.5205,12,0,1,190.9291,66440.4028,2,7,19,1.0511,0,0
0,4,0.0,0.5829,0,0,42.6193,6,1,1,237.7211,8237.3458,14,6,10,0.5684,0,0
1,1,0.4911977023864763,0.7177988803194649,0,0,1398.932689349418,11,0,0,51.25512465280702,13019.900861442322,6,8,19,0.4857938040819749,0,0
0,2,0.0,0.75,0,0,3312.3517,5,1,1,150.2721,405899.9395,8,0,19,1.525,0,0
1,2,0.3333,0.8651,0,0,1754.9918,4,1,1,118.2801,7692.8488,13,6,5,1.4689,0,0
0,1,0.0,0.5008803739471519,0,0,3408.836273657366,8,1,1,250.193384565968,78948.12480657779,17,6,14,1.2222381735587036,0,0
9,1,0.9,0.5239,1,0,17.8274,38,2,0,127.2371,10856.7796,9,2,5,1.5682,1,0
0,4,0.0,0.6797,0,0,37.7234,3,2,1,104.4311,10884.9749,1,7,15,1.5757,0,0
3,5,0.375,0.6227,0,0,1633.0709,4,2,1,3.4184,25345.4573,10,8,17,0.1973,1,0
0,4,0.0,0.647,0,0,2317.476,7,0,1,464.6685,207730.6611,5,2,4,1.4316,0,0
2,0,1.0,0.3874,1,4,58.1603,7,0,0,22.4054,4731.9867,3,4,3,0.8111,0,1
0,1,0.07661021135605554,0.6215376146500682,0,0,969.9562716645153,3,1,1,152.5761621998218,-11971.565191191814,14,7,18,1.07081220777541,1,0
1,3,0.25,0.7114,1,2,382.4167,8,0,1,16.5173,1093.9077,7,3,7,1.9771,0,0
6,1,0.8571,0.1842,0,1,6.3294,50,3,0,42.6925,4300.1628,4,3,13,1.503,0,1
3,1,0.75,0.0209,1,0,19.2052,36,1,0,126.1519,6312.6751,9,14,9,1.6284,0,1
1,4,0.2,0.8068,1,2,2337.9017,10,2,1,345.6196,9145.5049,2,2,5,2.0299,0,0
1,3,0.25,0.5727,0,0,659.6589,5,1,1,188.0302,8476.0827,2,8,10,0.3849,0,0
0,5,0.0,0.7201,0,0,432.1719,8,0,1,23.3622,12050.5919,5,1,4,0.751,0,0
0,1,0.0,0.5498,0,0,968.0135,11,2,1,234.7751,800000.0,10,5,19,1.456,0,0
0,5,0.0,0.9665,0,0,1534.0665,9,1,1,45.5862,458205.5877,13,6,4,1.0123,0,0
0,3,0.0,0.9100054612456124,0,0,3445.5565279247476,6,2,1,270.91350865562424,79306.80038238519,6,6,11,1.8945933998950375,0,0
0,3,0.0,0.5292,0,0,1276.8511,10,0,1,57.035,18571.6686,10,7,11,0.9448,0,0
8,0,1.0,0.3527105426456634,0,1,182.87071791259373,32,0,0,121.21919362827306,-148287.73554098763,9,7,9,1.916340225690484,1,1
0,3,0.0,0.5609419610457023,0,0,376.4266077163678,9,0,1,30.51030693980906,115694.65114985083,10,5,5,1.6370772468731092,0,0
0,1,0.004514202532596702,0.8068582848935012,0,0,1001.9322203319704,11,0,1,3.5499288791627954,695100.2426185685,13,6,18,0.0,0,0
1,2,0.3333,0.6257,0,0,1678.5183,3,1,0,157.7942,11923.9717,17,8,12,1.0181,1,0
0,5,0.0,0.9613,0,0,2487.014,10,0,0,394.9327,7648.8633,2,1,10,0.8775,0,0
1,1,0.5227493099177576,0.9536481125847407,0,0,749.1265137727914,12,2,1,-49.01282559474016,36806.682931218755,10,3,2,0.7074133953610866,0,0
0,2,0.0,0.5374,0,0,2639.2632,2,1,1,45.5439,189616.7892,14,7,19,0.9804,0,1
0,4,0.0,0.6397,0,0,2983.9321,8,0,1,19.7214,118700.8673,12,3,14,0.6375,0,0
2,4,0.3333,0.9761,0,0,2352.8935,10,1,1,51.6202,568179.8147,17,4,11,0.9602,0,0
0,5,0.0,0.9653,0,0,990.575,8,1,1,131.1483,8597.2839,14,2,19,0.611,1,0
2,2,0.5,0.7088,0,0,313.5989,12,0,0,1002.0884,116000.7927,5,8,18,0.9042,1,0
0,4,0.0,0.7433,0,0,3116.477,6,2,0,894.603,800000.0,3,5,19,0.8441,1,0
0,4,0.0,0.7133,0,0,1879.4534,9,0,1,48.8582,48088.6166,15,0,4,0.802,0,0
0,1,0.0,0.7333,1,2,205.8113,2,2,1,39.9732,3031.2616,9,1,4,1.1834,0,0
2,0,1.0,0.3294,0,0,4.3722,2,2,1,298.8143,1144.4981,45,70,10,0.5638,1,1
0,3,0.0,0.6453,0,0,317.8383,3,2,1,34.7889,69932.5004,7,0,4,0.8914,0,0
1,2,0.3333,0.8868,0,0,1108.897,11,0,1,804.3133,201.8821,6,4,17,0.4458,0,0
0,5,0.0,0.5683,0,0,3491.0664,11,2,1,5.8302,14335.202,17,8,7,1.425,0,0
0,5,0.0,0.8005,0,0,129.9662,9,2,0,745.934,29561.6015,15,2,8,0.8688,0,0
1,1,0.6330875406751381,0.5741998352028713,0,0,1587.8654843642194,12,1,1,-5.076961787770237,3246.078976359113,13,7,0,0.14440301341846234,0,0
1,3,0.27855354001841937,0.5325879221334768,0,0,2796.680426876177,10,2,1,275.0722080104095,-18132.03690949495,12,1,13,0.6898176613682526,0,0
3,1,0.7016177128497084,0.4923840451756366,1,1,-11.108139217223977,47,3,0,150.82144587254237,47929.3805943216,3,4,6,1.2204702903499154,0,1
0,1,0.0,0.8644664285426793,0,0,2646.853784959049,6,2,1,1273.8413975782373,16625.0030953646,4,8,12,0.8453734176769798,0,0
0,3,0.0,0.8837606007115398,0,0,652.4623741410837,3,2,1,52.74474764439929,16391.29640620564,3,0,5,1.702502091939999,0,1
1,5,0.13378381308929924,0.7124083991660621,0,0,-197.23155111286098,1,1,1,100.86717253794413,25246.693623865667,5,1,13,1.4871310467028334,1,0
1,1,0.5,0.4883,0,0,819.3777,10,0,1,161.5837,949.7963,10,1,7,0.3951,0,0
1,3,0.25,0.9001,0,0,1906.9015,9,1,1,54.1012,9859.8774,3,8,15,0.02,0,0
1,3,0.25,0.9857,0,0,1676.9167,1,0,1,180.7448,24092.9799,16,7,13,0.9841,0,0
1,2,0.3333,0.799,0,0,2937.4018,11,0,1,40.4657,1027.6965,8,2,4,1.1997,0,0
0,2,0.0,0.6253,0,0,1332.3812,9,2,0,34.4342,800000.0,6,7,1,0.2402,0,0
0,2,0.0,0.8754,0,0,1095.7581,8,0,0,21.8362,25970.7938,12,5,15,0.3842,0,0
2,1,0.6667,0.8875,0,0,1.7546,7,3,0,216.4624,4711.1592,27,30,7,0.8759,1,0
0,5,0.0,0.8776,0,0,948.8255,9,0,1,232.5459,10308.4263,15,5,5,1.131,0,0
0,3,0.0,0.6749,0,0,3135.6609,11,2,1,105.1174,5015.4478,16,8,3,1.3069,0,0
12,1,0.9231,0.1587,0,0,7.6953,14,0,0,51.5998,5496.7724,3,11,11,0.9915,1,0
0,2,0.0,0.6337,0,0,3292.1247,3,1,1,330.678,543817.1407,7,8,0,0.2,0,0
0,4,0.0,0.8918179080006085,0,0,3432.8357448661295,7,1,1,65.64997435537236,37073.63167410751,2,0,1,1.7553648109840045,0,0
0,1,0.0,0.878,0,0,3577.6783,5,2,1,4.6779,106179.0041,11,8,2,0.8378,0,0
1,5,0.1667,0.6866,0,0,3439.2064,4,2,1,182.3549,3409.8132,5,5,17,1.1045,0,0
0,5,0.0,0.8336,0,0,1126.7562,12,2,1,663.1698,125172.5235,17,1,12,1.5151,0,0
10,0,1.0,0.3215,0,0,1.2677,29,8,0,78.481,6916.0749,3,5,14,1.2025,0,1
0,5,0.0,0.7787,0,0,193.0621,3,0,0,14.5212,748794.6877,7,5,12,1.4614,0,0
1,1,0.5,0.5133,0,0,2242.5387,7,1,0,19.3762,31253.6112,11,7,2,1.1942,0,0
0,5,0.0,0.7780892933153608,0,0,3028.9009488192,5,2,1,662.9808658528542,71895.93123099947,11,4,3,0.759089767780172,0,0
0,3,0.10045968716950027,0.4116091930305422,0,0,2380.8928999591994,7,2,1,946.139979755824,77722.97077497785,17,2,11,0.7173760674230841,0,0
1,3,0.25,0.7574,0,0,3335.7278,8,2,1,348.922,379.444,12,5,15,0.7068,0,0
0,4,0.0,0.9251,0,0,3424.94,10,2,1,1196.1491,16553.4059,12,1,16,1.3789,0,1
0,5,0.0,0.4631,0,0,1450.0082,3,0,1,166.9341,459.5856,8,6,13,0.5836,0,0
1,1,0.5,0.5593,0,0,2320.1054,1,1,1,20.7472,446269.0396,8,8,18,1.1712,0,0
1,4,0.2,0.9139,0,0,1647.8805,8,1,1,36.3892,312164.1178,10,6,5,0.587,0,0
0,5,0.032564935114930124,0.6983175221406464,0,0,1404.7978711065416,8,0,1,24.139287855711686,-5024.151167012433,11,7,18,0.0868435060032619,0,0
0,5,0.0,0.8988,0,0,1296.1109,7,1,0,1200.0,310617.0466,16,0,4,0.8985,1,0
0,5,0.01629914119546272,0.8485482950720764,0,0,1676.1473422594254,5,2,1,11.269578902873178,576633.565934639,6,5,8,0.6437634950905327,1,0
1,2,0.3333,0.872,0,0,724.9526,3,1,1,167.3629,336304.253,1,7,12,0.8142,0,0
4,0,1.0,0.1001,0,0,512.1144,8,0,0,47.9718,2236.166,6,5,2,1.6131,1,1
2,5,0.2857,0.4924,0,0,2696.1436,12,2,0,461.9605,4858.1197,7,0,9,1.8603,0,0
1,2,0.3333,0.9844,0,0,380.6744,4,1,1,338.9767,233133.9095,15,2,7,0.2161,0,0
6,1,0.7331546170270762,0.3800265302309208,1,7,7.776170663939276,6,0,0,-26.499264804185152,81537.60179214895,2,0,3,0.8479773500499133,0,1
0,3,0.0,0.7351,0,0,584.2954,4,0,0,1200.0,3042.1227,2,8,3,1.2557,0,0
8,2,0.8,0.1343,0,0,17.6916,25,0,0,127.4113,14519.0792,8,7,10,1.3925,0,1
2,1,0.6667,0.1719,1,7,1.3682,4,0,0,11.1848,4153.2148,7,4,1,0.8477,0,1
0,3,0.032417605211328415,0.3576365300575445,0,0,1963.5975209644175,2,0,1,183.24403674510242,26667.963293929,1,4,8,1.0396115656525096,0,0
1,3,0.25,0.571,0,0,3527.2009,12,2,1,15.5543,4841.9631,17,2,9,1.489,1,1
1,1,0.5,0.8513,0,0,2456.2951,3,0,1,37.1004,36654.7319,6,2,12,0.02,0,0
1,5,0.1667,0.9392,0,0,3572.2046,8,1,1,500.7242,238283.3561,1,4,17,1.482,0,0
0,2,0.01941931938611293,0.6856981061097597,0,0,2369.658369883807,9,2,1,273.2260423364817,226424.06036892798,3,0,19,1.1254497957666119,0,0
1,3,0.25,0.9563,0,0,509.4527,12,1,1,137.5291,800000.0,14,8,15,1.3228,0,0
2,3,0.4,0.5178,0,0,2012.7697,6,0,1,42.3733,20068.4977,10,5,0,1.3246,0,0
0,2,0.0,0.9448,0,0,2637.4884,4,2,0,1099.8999,14692.9948,11,3,6,0.7149,0,0
1,3,0.25,0.8639,0,0,3015.1202,6,0,1,231.0315,22749.3008,7,5,11,1.2837,0,0
1,4,0.2792336777469952,0.6063419345417728,0,0,3337.279163619492,12,2,1,1176.9096692889989,144252.4141736709,3,4,12,1.2053437047677957,0,0
1,1,0.5,0.9576,0,0,2507.336,6,1,0,629.8586,55553.8796,13,3,10,1.566,0,0
9,0,1.0,0.5269,1,1,7.7634,23,4,0,74.8544,12418.5637,6,6,10,0.4827,0,1
0,1,0.0,0.8802,0,0,1097.6223,8,1,0,318.9963,83511.5016,5,7,13,1.3578,0,0
0,5,0.0,0.6114,0,0,1035.1968,9,0,1,560.1726,125500.4193,11,0,1,0.9284,0,0
2,2,0.5,0.8767,0,0,2278.2968,10,0,1,41.4633,727119.5576,11,7,9,1.5837,0,1
0,5,0.0,0.4698,0,0,2138.0434,3,0,0,11.0176,6032.5298,17,1,18,1.6356,0,0
0,5,0.0,0.8733,0,0,2817.1798,12,1,1,186.0282,844.4749,14,0,12,1.5672,0,0
12,2,0.8571,0.2466,0,1,4.8726,38,0,0,30.021,17614.329,9,14,3,2.3913,0,1
0,2,0.0,0.4875,0,0,2269.5937,12,0,1,103.4231,35093.8994,5,3,7,0.5186,0,0
10,1,0.9091,0.3639,0,3,8.4706,48,6,0,39.2034,9809.0093,8,4,8,1.1865,0,1
0,2,0.0,0.9773,0,0,2256.366,4,1,1,72.4977,13122.8153,9,6,2,1.5547,0,0
0,1,0.0,0.545,0,0,1585.5709,2,1,0,312.4642,16851.0611,16,8,18,0.319,0,0
16,0,1.0,0.0979,0,1,18.0871,15,2,0,85.4908,14036.8584,6,14,4,1.5003,0,1
2,1,0.7172850378386154,0.8853580457332374,0,0,1088.2914401091982,12,2,1,360.96503927110746,90025.75079894922,3,6,2,0.908937058282289,0,0
0,4,0.11255220297011667,0.5276814252472258,0,0,2994.957225598188,9,1,1,28.01556418098248,-10778.027242908043,3,1,1,1.4456844845531218,0,0
7,2,0.7778,0.0963,0,1,16.8474,36,0,0,40.7683,10300.403,4,3,9,1.3348,0,1
0,2,0.040656360025345804,0.7334111885448369,0,0,1908.6012653122507,5,2,1,-105.51267986487242,40916.384223530215,2,4,18,1.7597446443725342,0,0
2,2,0.5,0.7166,0,0,1291.6999,2,2,1,22.4887,1609.6611,12,7,13,0.9805,0,0
0,4,0.0,0.7264,1,1,2391.7203,6,0,1,316.487,3865.3615,16,8,15,1.2053,0,0
2,5,0.2857,0.5712,0,0,2486.9655,8,2,1,686.2436,17764.9987,14,0,2,0.5201,0,0
0,2,0.0,0.578,0,0,2095.694,11,0,0,34.0126,67802.9187,8,3,5,1.8881,0,0
1,2,0.3333,0.9401,0,0,437.3924,8,1,0,609.0307,2242.8797,2,6,6,0.6702,0,0
3,1,0.75,0.5941,0,0,255.3005,7,2,1,18.6869,6242.0421,13,2,1,0.9343,1,0
6,0,1.0,0.0141,1,5,4.973,11,1,0,13.6506,4486.2771,2,3,1,1.0161,1,1
0,1,0.0,0.9765,0,0,382.9764,1,0,1,28.7202,43163.2555,2,2,8,1.0313,0,0
0,4,0.0,0.7657,0,0,3400.7274,2,1,1,2.643,219900.3037,2,6,8,0.9763,0,0
2,3,0.4,0.754,0,0,2265.9926,9,1,1,18.1373,142686.3685,12,2,4,1.0867,0,0
0,3,0.0,0.9058,0,0,3520.2774,11,1,1,221.1115,19295.9543,8,0,2,1.4815,0,0
0,3,0.0,0.9381,0,0,1324.3432,9,0,1,1110.7391,1046.4221,8,3,16,0.8447,0,0
1,4,0.2746351533554585,0.4631565436691148,0,0,1659.04677927221,2,2,1,-49.44425324226804,-14762.904115436912,1,4,4,1.034140516075687,0,0
2,1,0.6065441446030033,0.847702302766295,0,0,-83.03034017510595,7,0,1,843.9089923108672,97237.53981350185,14,2,2,0.5873652043810377,0,0
0,1,0.0,0.9561,0,0,1886.2835,4,2,1,19.0644,5200.1971,16,7,3,0.6378,1,0
3,1,0.75,0.5969,0,1,422.7217,1,2,0,33.3914,7807.0026,16,0,4,1.4309,1,1
2,1,0.6667,0.0809,1,6,7.8355,5,0,0,18.2953,2680.1431,2,1,3,1.2468,0,1
12,1,0.9231,0.3738,1,0,9.0975,13,2,0,127.8332,3139.5182,5,8,10,0.9284,0,1
6,0,1.0,0.228,0,3,3.1441,53,9,0,77.2185,4798.2063,4,8,6,1.4966,0,1
1,5,0.09577292309621563,0.494957366142312,0,0,3337.3922963472446,6,1,1,-46.793795858888146,-31436.92171210129,13,1,10,1.4005653709594723,0,0
4,0,1.0,0.5691,0,1,25.9301,9,1,0,34.2103,6128.3199,5,2,5,0.9122,1,1
1,2,0.3333,0.7694,0,0,2250.4746,3,2,0,982.0479,575189.6231,1,5,8,0.8414,0,0
7,0,1.0,0.1901,1,9,6.3281,7,1,0,23.1185,1577.1292,2,4,1,0.8572,0,1
1,0,1.0,0.2036,1,9,51.5794,2,1,0,15.6683,1764.5251,4,4,0,1.2156,0,1
0,3,0.0,0.6536,0,0,3523.4125,5,1,1,1045.0389,14932.3693,10,7,15,1.1858,0,0
3,0,1.0,0.351,0,0,4.3092,1,0,0,163.7013,4788.9908,117,59,11,1.3268,0,1
2,4,0.3333,0.9765,0,0,1105.6107,2,1,0,22.8635,16416.8143,13,1,8,0.8553,0,0
1,2,0.24630327266859103,0.7998864762288579,0,0,1370.853026406192,4,0,0,-106.96815795033957,543403.631333161,6,8,0,1.4598415123665553,0,0
1,5,0.17670403597385556,0.6951042814959292,0,0,1535.396183011886,11,2,0,1110.3563275231331,47809.689803984045,11,2,18,0.7197061580196724,0,0
0,4,0.0,0.8021,0,0,3292.6438,5,2,1,84.8227,1150.7966,2,3,19,0.9794,0,0
1,5,0.1667,0.6534,0,0,184.0696,6,2,0,331.9481,357.7788,8,8,1,0.4497,0,0
0,3,0.0,0.945,0,0,2122.5819,7,1,0,158.4706,62723.898,17,0,0,1.2425,0,0
0,1,0.0,0.9001,0,0,628.1161,6,1,1,57.4343,657024.0013,9,1,19,1.3179,1,0
0,5,0.0,0.7528,0,0,1398.8126,10,2,1,10.5172,390252.3261,7,1,16,1.5989,0,0
0,1,0.0,0.668,0,0,10.4334,6,0,1,75.3373,2598.915,47,64,19,0.3299,1,1
0,1,0.0,0.8764,0,0,3437.7782,1,2,1,217.8584,97986.7759,15,2,10,0.7141,0,0
0,1,0.0,0.5668,0,0,2566.6707,8,1,1,1200.0,132256.3524,12,7,17,1.1296,0,0
2,1,0.6667,0.2554,1,1,77.1364,8,2,0,7.0153,4603.0791,1,9,5,0.933,1,1
3,2,0.499865319089211,0.549354016496954,0,0,-0.7159060581388861,2,2,0,251.33640018171693,-100491.17802194165,243,24,16,0.8334552079144395,0,1
0,4,0.0,0.6732,0,0,2442.0126,10,0,1,169.7445,126989.1761,2,5,8,2.6223,1,0
0,2,0.0,0.5474,0,0,3178.3354,11,2,1,189.1533,261995.5872,10,5,2,0.9311,0,0
2,2,0.5,0.6571,0,0,2248.7021,6,1,0,655.625,14668.5245,10,7,0,1.0715,0,1
2,0,1.0,0.0073,1,8,8.1259,7,0,0,16.2067,2970.9596,3,0,0,1.3089,0,1
0,2,0.010097371451066773,0.9017425570625794,0,0,1481.8065613672234,11,1,1,-123.549981081724,-18746.705275103297,17,8,5,0.6589276002762144,0,0
2,0,1.0,0.2573,1,9,9.6042,3,0,0,26.8758,4595.9666,1,0,0,1.0907,0,1
0,2,0.0,0.8699,0,0,2704.1967,8,1,1,403.1465,135196.8158,13,1,2,1.6323,0,0
1,0,1.0,0.6742513974416422,0,0,445.6247888794934,3,1,0,122.43295804021122,25017.630739396653,169,93,6,1.0869502491059106,1,1
1,4,0.2,0.8513,0,0,834.8932,3,2,1,10.8073,100.0,15,5,1,1.0201,1,0
0,3,0.006646906689775521,0.9248470743966226,1,1,1066.3394943187968,8,1,1,238.67401856842335,130239.7446617751,14,6,12,0.9842544785897556,0,1
1,1,0.5,0.5723,0,0,1849.5809,10,2,0,571.4725,9009.2956,1,1,6,1.3519,0,0
0,3,0.0,0.6575,0,0,1138.0662,11,2,1,16.4422,66003.8852,2,7,19,1.0878,0,0
0,1,0.0,0.515847544319093,0,0,1030.3690969487825,3,2,1,-63.96700940120926,186689.49300963688,9,4,14,1.4754265368538815,1,0
0,5,0.042042038871173665,0.482436398320987,0,0,1861.3872664039218,8,2,0,-67.98118009978711,399229.6544443249,9,3,6,1.1466026568204502,0,0
1,4,0.2,0.7445,0,0,1177.142,7,1,1,23.5174,401631.9051,7,2,12,1.2824,0,0
2,2,0.5,0.9642,0,0,3568.5608,6,0,1,113.0676,889.8172,15,1,14,0.8477,0,0
0,2,0.0,0.815,0,0,2896.3574,3,1,1,49.7216,598494.094,2,0,9,0.7511,1,0
0,4,0.0,0.7987,0,0,2190.5761,2,0,0,22.3725,1525.5204,6,6,2,1.6152,0,1
0,1,0.0,0.7336406355191389,0,0,449.5954608589276,8,2,1,80.88287371799227,717003.3895330839,6,3,2,1.38744876229245,0,0
5,1,0.8097812414332552,0.2249620760200044,1,1,-99.17940887610905,27,1,0,110.96031607893757,73013.55511043304,7,3,10,1.574893456320084,0,1
16,2,0.8889,0.2942,0,1,9.9501,20,1,0,130.1591,15953.5309,7,5,2,1.1384,1,1
0,3,0.0,0.6265,0,0,1978.2887,8,2,0,4.7906,1436.4914,3,3,1,1.1807,0,0
8,0,0.9975371516315701,0.1766134522468041,0,3,-98.19896258468498,21,9,0,-13.024294516990444,19231.900929246673,1,1,5,1.046246374030729,1,1
0,2,0.0,0.8900784837317736,0,0,1120.9575276777505,5,1,0,109.47178051340018,-37125.034167937316,5,4,1,0.5172837277059018,0,0
10,1,0.9091,0.4889,0,1,5.574,47,6,0,17.3775,4258.1873,9,8,3,1.8755,1,1
1,3,0.25,0.6101,0,0,1515.9333,9,0,1,4.1186,3163.9157,9,6,9,0.6115,0,0
0,5,0.0,0.4691,0,0,308.7984,11,2,1,1200.0,2469.4198,15,5,6,0.8167,0,0
1,4,0.2,0.9873,0,0,1576.2493,3,0,1,958.1433,350789.8447,6,4,18,0.9076,0,0
0,4,0.022679099646773657,0.7530634186629066,0,0,2433.234343056095,2,2,1,43.19807626370411,78835.50521488675,10,0,8,1.0345218108448264,0,0
0,2,0.0,0.5344710176748989,0,0,916.1755226876267,5,2,0,93.86517165254686,37741.92816439434,2,1,15,1.532555972371192,0,0
0,4,0.0,0.5424,0,0,1637.8269,1,1,1,12.1743,1446.8284,15,1,5,1.3429,0,1
1,5,0.1667,0.6188,0,0,2986.0806,8,2,1,190.226,4757.6726,16,4,13,1.2758,0,0
1,2,0.3333,0.7167,0,0,1760.1047,1,1,1,1200.0,245.8005,12,1,17,1.6139,0,0
0,4,0.0,0.6552600435695423,0,0,957.288604921188,9,2,1,1146.8750268237618,-127397.39561635102,15,1,8,0.20987675599971217,0,0
2,4,0.40560669814840405,0.5838351007877078,0,0,1520.5306084627598,8,1,0,487.98457876499054,161230.0737464598,8,4,9,1.6312602387270836,1,0
1,1,0.5,0.9068,0,0,3550.8912,12,1,1,365.5669,54990.1466,5,5,4,1.8795,0,0
1,4,0.11066117105424707,0.7797408813279867,0,0,3414.2565059870453,11,2,1,7.965230853096397,269620.3644387342,7,6,3,0.9016773809742878,0,0
2,5,0.11353938348902062,0.5708151941676162,0,0,824.6749258006971,2,2,1,330.7050410489269,-3843.039596907349,3,1,4,1.4073072421021957,1,0
0,4,0.020425916384384527,0.7535544999703248,0,0,2372.816663080593,12,0,1,-54.252935606587315,-21042.658349751833,1,8,15,1.062617681430358,0,0
1,1,0.5,0.5074,0,0,1768.8274,5,0,1,31.2637,49348.9296,13,1,15,0.905,0,0
3,2,0.6,0.5186,0,0,869.2637,1,2,1,37.7691,1534.8647,12,0,4,0.8439,1,0
0,0,0.0,0.376,0,0,1.7976,9,1,0,69.4061,3211.2182,50,27,18,1.1232,0,0
8,1,0.8889,0.4046,0,0,13.4687,33,1,0,103.9238,15493.2961,4,11,7,0.7827,1,1
0,4,0.0,0.9365,0,0,1796.5586,6,1,1,1200.0,82812.2837,14,2,9,0.4223,0,0
0,1,0.0,0.936169015525119,0,0,3384.224147037353,10,1,0,-59.48649218724666,16365.441724322787,8,8,13,0.48441110045298413,0,0
1,1,0.5,0.9817,0,0,721.2828,1,1,1,58.5903,112991.197,8,6,1,1.5587,0,0
2,1,0.6667,0.4793,0,0,7.7115,3,2,1,139.5839,2539.5279,96,37,29,0.9461,1,1
0,4,0.0,0.6207,1,1,2500.2981,9,0,1,768.6381,702.8294,11,5,11,0.6977,1,0
0,2,0.0,0.6958,0,0,1942.9022,6,1,1,197.5732,80754.2407,4,0,0,1.7095,0,0
1,4,0.2,0.6812,0,0,608.9279,8,2,1,29.0239,18075.6433,1,7,18,2.0653,0,0
1,3,0.25,0.8382,0,0,2987.477,11,1,1,7.9167,717196.0407,17,5,18,1.3437,0,0
0,4,0.0,0.6165125343873006,0,0,289.49677729268257,6,2,0,215.10209616366336,335594.21519786946,13,4,19,1.1515883047871818,0,0
0,1,0.0,0.5063,0,0,3072.4561,3,1,1,19.9709,102626.8303,17,7,17,2.0036,0,0
3,0,1.0,0.4436,0,0,8.6684,43,7,0,77.5499,2790.6528,10,4,8,1.5243,1,1
1,2,0.3333,0.4859,0,0,1051.8214,9,2,1,11.2844,98393.5139,4,5,19,1.0165,0,0
3,2,0.6,0.9815,0,0,1021.7679,3,2,1,10.6246,24146.1263,5,5,11,0.14,0,0
0,3,0.0,0.5126,0,0,665.2853,12,0,0,14.8404,6207.6302,16,2,0,1.129,0,0
0,2,0.0,0.8362,0,0,13.4844,9,1,0,71.3231,3450.9555,72,9,14,0.6944,1,1
1,5,0.10097371537591403,0.8132278254135308,0,0,310.2368573909467,8,0,0,27.109869767420196,58954.06206098324,3,6,1,1.530774439289447,0,0
0,1,0.0,0.585,0,0,795.8287,1,0,0,61.7875,367.4807,10,8,2,0.637,0,0
3,0,1.0,0.3746,0,0,3.2311,6,2,0,265.2665,2063.815,136,43,6,0.8133,0,1
0,4,0.0,0.8744,0,0,2711.8778,2,1,0,1200.0,24697.1836,5,1,0,1.7276,0,0
1,2,0.23677485433006235,0.8417931695562479,0,0,2887.8072174054523,12,1,1,109.56230446010183,-67742.38398086475,13,3,15,0.5098486104285853,0,0
0,4,0.0,0.718,0,0,2178.1499,7,0,1,44.3063,682.6688,3,6,15,1.6351,0,0
0,5,0.0,0.7006,0,0,2721.5671,4,2,1,70.725,3383.2858,12,2,11,0.982,0,0
3,4,0.4286,0.6781,0,0,1783.8789,1,2,1,251.9881,233632.3826,13,7,13,0.02,0,0
0,1,0.08332566744732381,1.0,0,0,-205.59813343788966,12,0,1,63.95725238979429,36599.84529445824,17,6,6,0.6133679199043282,0,0
1,2,0.3333,0.6509,0,0,1679.8853,4,0,1,931.0061,5078.3233,2,0,18,0.9586,0,0
4,1,0.8,0.3877,1,3,5.1437,25,6,0,41.1132,1764.6223,14,8,6,0.942,0,1
0,3,0.0,0.5053,1,1,1304.4397,4,2,1,82.6884,58106.0436,11,3,5,0.8136,1,0
8,2,0.8,0.5726,0,0,14.8229,18,0,0,114.7033,8037.3961,1,5,7,1.3072,1,1
2,0,1.0,0.5181,0,2,54.2272,6,1,1,16.3347,6246.8208,19,2,1,0.9974,1,1
3,3,0.5,0.7117,0,0,3464.4875,6,2,0,122.892,100.0,13,2,14,0.02,0,0
1,1,0.5,0.7819,0,0,1188.4365,10,2,1,113.846,410390.9276,13,8,19,1.3746,0,0
5,1,0.8333,0.5445,0,0,557.1592,6,0,1,36.1336,3527.8882,1,8,4,0.9175,1,1
0,2,0.0,0.761,0,0,1636.3479,5,0,1,70.4859,221676.7103,2,2,5,0.02,1,0
1,3,0.25,0.8657,0,0,2793.1822,8,1,1,11.7107,32702.7932,6,7,15,0.6105,0,0
1,5,0.13723928562354215,0.8457077612965731,0,0,3236.1153286708086,3,0,1,74.6329678092115,-104636.4751960204,2,7,10,1.4571186538523688,0,0
3,1,0.740452188223395,0.4980214125294233,0,0,86.2961133448728,3,2,1,100.47081513491594,-52113.74866353131,107,12,26,0.20302232292050554,0,0
0,1,0.0,0.6829,0,0,3367.5432,5,1,0,36.1128,82187.7834,12,7,4,0.998,0,0
4,1,0.8,0.396,0,2,53.3554,1,2,0,20.6238,2513.2725,2,9,0,0.1,1,1
0,2,0.002482954700181503,0.49296671582259344,0,0,2183.9387535988,11,2,1,-82.7401809213571,720377.0590133826,14,0,10,1.3806234865223403,0,0
2,1,0.6667,0.762,0,0,3038.6955,5,1,1,742.9772,2419.3744,6,7,17,1.4166,0,0
1,2,0.3333,0.9856,0,0,459.602,5,1,1,165.2391,10023.6,6,5,16,1.7963,0,0
0,4,0.0,0.5678,0,0,1126.3177,3,1,0,296.4336,39875.502,9,1,12,0.893,0,0
4,2,0.6667,0.9062,0,0,148.7707,9,0,1,67.9399,711083.2682,9,8,4,1.0723,0,0
1,2,0.27104877040475356,0.7979150935107399,0,0,3596.3319006736187,6,1,1,220.48579532431336,-93998.9688766385,17,2,18,0.33452734941610596,0,0
1,4,0.2,0.7797,0,0,61.3733,10,1,1,114.2205,14009.0625,7,4,2,0.6509,0,0
0,4,0.09837955387044847,0.9215133211143135,0,0,1523.8686786192588,3,0,1,320.496027461115,115972.06300266608,17,7,19,1.0849470634195426,0,0
19,1,0.95,0.5436,0,1,8.4407,11,0,0,118.0014,8043.8853,2,3,2,2.0862,0,1
0,2,0.0,0.7898,0,0,11.563,7,3,1,136.3885,3063.7003,153,23,29,0.0027,0,1
1,4,0.2,0.9405,0,0,889.1538,1,2,1,12.0277,11269.9866,11,6,17,0.798,0,0
2,1,0.6667,0.8181,0,0,1841.7245,4,2,1,612.0725,3150.6218,3,7,5,1.6897,1,0
0,3,0.07871856274140543,0.6221528863224095,0,0,9.933955881815649,10,0,1,-32.49216269656962,-14787.388852755901,14,0,8,0.4667561966526042,1,0
1,2,0.3333,0.9816,0,0,1210.8706,2,0,1,77.4884,42114.774,10,1,12,1.7654,0,0
1,4,0.2,0.6374,0,0,2658.3597,11,0,0,155.3634,219903.5838,3,3,12,0.7549,0,0
0,5,0.0,0.7808,0,0,3052.1541,1,0,0,130.8734,7094.7138,2,3,14,0.6349,0,0
6,1,0.8571,0.3511,0,2,6.9819,46,4,0,11.3212,12712.5655,6,8,8,1.3852,1,1
1,1,0.5,0.1822,1,5,5.4517,6,0,0,19.6101,1181.4829,2,2,3,1.227,0,1
1,3,0.25,0.9761,1,2,2341.8467,6,0,1,292.8172,1370.1167,10,3,10,0.5791,0,0
7,0,0.9489503792827009,0.38639662664281327,1,3,-215.03804161201515,7,0,0,15.477325157396578,-60039.09396247406,2,3,2,0.8940707145810562,0,1
0,3,0.0,0.7081,0,0,2792.423,12,2,1,176.1195,37917.1028,3,4,3,0.3914,0,0
0,1,0.0,0.831,0,0,715.1902,8,0,1,4.607,3910.9728,14,1,2,0.7829,0,0
1,4,0.2,0.7043,0,0,3031.1957,10,2,0,206.1724,30787.1565,13,6,12,0.6918,0,0
11,0,1.0,0.4632,1,3,0.5012,41,6,0,89.6846,11607.7062,13,2,9,1.7602,1,1
0,2,0.0,0.817,0,0,520.5048,3,0,0,671.1844,595.1786,3,5,14,1.1058,0,0
11,1,0.916727188644452,0.22822908894343966,1,0,96.38687250803498,54,6,0,141.79333893560568,-63580.02239705552,5,6,5,0.9547966697599615,1,1
1,2,0.3333,0.8206,0,0,3353.9938,6,0,1,693.0275,14206.493,15,2,16,1.1183,0,0
3,0,1.0,0.56,0,1,424.6328,8,2,0,31.1109,4506.9463,14,7,5,1.3052,1,1
1,1,0.5,0.7016,0,0,2148.8933,7,0,1,110.0327,10911.5848,12,1,12,0.954,0,0
9,0,1.0,0.1784,0,3,5.1767,48,7,0,10.4588,14718.5329,12,7,3,0.7624,1,1
1,1,0.5,0.6048,0,0,2091.7299,8,1,0,111.505,919.3377,16,5,18,1.1864,0,1
0,2,0.0,0.8452,0,0,1915.7587,8,1,1,51.7008,31385.0823,15,2,7,1.5557,0,0
1,3,0.295452562282374,0.7891438533448154,0,0,2371.088748411769,9,0,1,433.92171524591646,67504.41655142886,16,1,12,0.19715378736985784,0,0
2,5,0.2857,0.4843,0,0,2835.1216,1,2,1,375.4809,40970.7578,9,0,15,1.063,0,0
0,3,0.0,0.9145,0,0,3449.8227,5,2,1,400.3262,17466.235,3,2,6,1.303,0,0
3,1,0.75,0.539,0,0,8.015,4,0,1,197.0318,935.603,261,46,20,0.4811,1,1
1,1,0.5136306211820788,0.4346939580187174,0,0,1183.148738782159,5,2,1,-1.359093316942321,108929.96695764379,9,5,10,1.5856277240209606,0,1
1,1,0.5382723812587621,0.7668437455341153,0,0,311.327836057491,10,0,0,133.10838412932588,-2808.0729193581287,4,7,17,0.822679370564643,0,0
0,5,0.0,0.8378,0,0,2856.8593,3,2,1,23.4973,89572.2575,7,0,1,0.8804,0,0
0,3,0.0,0.6842,0,0,607.7306,12,1,1,91.8655,205214.6424,9,7,7,2.0697,0,0
0,2,0.0,0.9202,0,0,2752.6538,8,2,1,456.8745,1149.3993,16,0,19,0.8514,0,0
0,4,0.0,0.833832080251765,0,0,2814.186045519433,6,1,0,-104.603518742556,22250.972619521744,14,1,11,0.5657425226461714,0,0
9,0,1.0,0.4785,0,1,8.3569,28,8,0,45.1983,4962.9677,5,6,4,1.9341,1,1
0,3,0.0,0.8959,0,0,40.582,11,2,1,412.1671,73842.366,2,4,4,1.3552,0,0
2,2,0.5,0.5169,0,0,167.8615,3,1,0,99.4139,337553.0719,4,8,7,1.0126,1,0
2,5,0.264077839657797,0.6282598651771641,0,0,526.0174445689697,5,1,1,-89.05387262266177,105773.26775383965,6,4,1,1.7904179543579113,1,0
6,0,1.0,0.3788,1,8,12.7442,10,1,0,28.1406,1190.511,6,2,0,1.034,0,1
1,3,0.25,0.7369,0,0,382.3178,10,2,1,230.7377,1666.1042,11,6,0,0.7771,0,0
0,1,0.0,0.9721,0,0,1412.3375,8,0,1,238.7807,80019.3215,1,8,7,1.2359,0,0
0,3,0.0,0.6723066085832786,0,0,3647.3507651237073,2,2,1,480.74078360493695,395866.60533395,17,8,10,0.9380057334115769,1,0
8,1,0.8889,0.3679,0,0,19.7438,30,0,0,65.5813,19091.1003,8,3,6,0.6502,1,1
21,1,0.9545,0.2515,0,1,18.6623,25,1,0,49.04,8167.4624,8,11,5,1.7819,0,1
0,5,0.0,0.9461,0,0,291.4681,4,0,1,753.3668,1530.8986,4,3,14,1.2612,0,0
8,1,0.8889,0.2323,1,2,1.5977,50,3,0,55.8503,1412.0896,7,2,14,1.0042,1,1
1,2,0.3333,0.5108,0,0,1864.3269,3,2,0,200.0121,55890.609,13,1,15,1.4571,0,0
4,1,0.8,0.163,1,2,2.7615,52,4,0,23.8518,8015.8089,5,5,11,1.2974,1,1
1,4,0.2,0.6424,0,0,410.7113,5,1,1,20.0333,115490.9297,3,6,19,0.8533,0,0
0,3,0.06686602174004184,0.9604474923021684,0,0,1113.784590170304,9,1,1,142.93966046084827,53146.160456752936,10,2,11,1.6190783087785112,0,0
0,5,0.0,0.6501,0,0,2107.6119,4,0,1,41.1583,800000.0,6,5,8,0.9697,0,0
2,3,0.4207573821139286,0.6972901132380992,0,0,686.8693303795606,9,0,1,180.44933501263108,124418.3788967739,9,1,1,1.1088448971144262,1,0
4,2,0.6667,0.5992,1,1,9.0224,27,1,0,70.4424,19500.4853,2,8,7,0.6844,1,1
1,2,0.3333,0.5106,0,0,1392.403,4,0,0,1200.0,29753.7187,4,2,10,2.182,0,0
2,3,0.5093240345612545,0.7221180519383661,0,0,3196.6789020637125,12,0,1,4.400005575940586,310592.6623658224,13,0,9,0.6080370975029898,0,0
0,3,0.0,0.9185,0,0,2300.177,9,2,0,305.8263,13178.4904,9,4,7,1.003,0,0
0,2,0.0,0.8412,1,1,2667.1545,7,1,0,11.2544,5461.9987,16,8,14,0.6034,0,0
1,4,0.2,0.5432,0,0,2233.6484,5,2,1,28.2698,353.4936,7,1,12,0.8672,0,0
0,5,0.0,0.8946,0,0,2996.1687,7,0,1,5.249,7504.028,5,8,18,1.4691,0,0
1,4,0.2,0.5892,0,0,1318.691,12,2,0,242.8946,682352.7095,12,0,9,0.2169,0,1
0,1,0.0,0.9319,0,0,2100.6112,5,0,0,434.7814,1254.3554,4,3,8,1.0404,0,0
2,3,0.4,0.573,0,0,1194.362,8,1,1,266.5178,854.4994,5,8,5,1.2856,0,0
0,3,0.0,0.5551,0,0,1454.0313,5,0,0,32.0764,29797.2539,3,6,9,0.9495,0,0
6,0,1.0,0.127,1,4,22.0525,4,0,0,13.335,1484.7512,5,5,2,0.5221,0,1
2,4,0.3333,0.5026,0,0,2303.8437,9,0,1,16.6304,68270.5502,9,8,14,1.9874,0,0
0,2,0.0,0.7105,0,0,3349.7961,1,0,1,174.1895,800000.0,2,7,18,1.8293,1,0
2,0,1.0,0.4273,1,5,15.6294,7,0,0,26.8467,436.0723,2,5,1,1.5648,0,1
19,1,0.8414771572676809,0.45499144259962343,0,1,537.3707648661612,26,1,0,-76.1386787765925,29374.52199129521,8,3,6,1.4811567567145933,0,1
0,5,0.0,0.9425,0,0,414.7426,1,1,1,154.5553,221787.0889,14,5,17,1.7224,0,0
0,0,0.0,0.3784,0,0,10.8807,7,0,1,92.7956,4288.8147,36,92,10,0.5629,1,1
4,1,0.8,0.1111,1,9,17.8365,6,1,0,24.3303,360.8687,7,0,0,0.9828,0,1
0,4,0.0,0.9221496022002729,0,0,3525.845811937734,2,2,1,-17.268176877505283,88410.7991020684,13,6,5,0.7592903722977729,0,0
1,2,0.3333,0.4765,0,0,3.2028,2,0,0,67.0564,3616.5546,125,70,19,0.3451,1,1
0,4,0.0,0.4858,0,0,820.9269,3,2,1,1158.8095,13842.2179,9,8,10,2.2595,0,0
0,4,0.0,0.5503,0,0,1417.9999,3,0,1,205.3411,25707.9907,13,0,19,0.8534,0,0
1,3,0.25,0.7806,0,0,1776.5835,7,1,0,71.0574,800000.0,5,4,0,0.8965,0,0
3,3,0.5,0.8778,0,0,2280.8615,5,2,0,101.0709,8776.4462,9,4,12,1.3276,0,0
0,5,0.0,0.7795,0,0,190.391,7,0,1,511.8609,81126.188,15,2,19,1.6445,0,1
10,0,1.0,0.0534,1,3,9.5154,54,3,0,96.8631,3860.4852,14,4,5,0.3862,1,1
1,1,0.5,0.8961,0,0,2941.1259,10,1,1,165.0644,6545.8518,8,3,13,1.6153,1,0
0,1,0.0,0.6416,0,0,1761.6232,6,1,1,649.9341,138021.3313,6,1,17,0.5668,0,0
0,1,0.0,0.9706,0,0,1172.5879,1,1,1,430.617,2924.5811,15,7,13,2.0464,0,0
1,2,0.3333,0.5083,0,0,2844.0796,9,1,0,376.5197,338403.9153,16,4,2,0.6917,0,0
0,2,0.0,1.0,1,1,579.0493557231953,4,1,1,65.34219859384673,129539.71943387024,4,7,16,1.4488340284576804,0,0
0,0,0.0,0.3355,0,0,9.6317,5,2,1,269.526,4979.2984,195,45,6,0.6857,1,1
1,5,0.1667,0.9022,0,0,3130.2389,10,0,1,1200.0,800000.0,15,4,11,0.4475,0,0
0,4,0.0,0.7094,0,0,3372.1563,8,1,1,874.242,76569.4337,8,6,15,0.7013,0,0
0,4,0.0,0.5565,0,0,2585.8154,5,1,0,28.9452,13851.4403,12,1,8,1.2401,1,0
1,2,0.3333,0.4797,0,0,3140.0825,1,2,0,617.1318,40389.2501,3,0,13,0.5211,0,1
0,4,0.07245330819594253,0.9589302509283916,0,0,3487.213013002005,6,1,0,787.0829214888331,149455.03879282292,14,5,11,0.5313956363715506,0,0
1,2,0.3333,0.5705,0,0,2809.5381,1,2,1,9.675,800000.0,2,5,0,0.5924,0,0
0,3,0.15553883033235943,0.8988757842415005,0,0,494.1351860892727,12,1,1,1226.7032637491088,806.1654519105963,10,8,17,1.3015575929706245,0,0
3,5,0.375,0.7752,0,0,3521.3132,3,1,0,943.1395,10996.0335,10,8,10,0.7805,0,0
3,4,0.4286,0.5595,0,0,3051.2264,4,1,1,50.1588,22341.5929,15,5,1,1.3327,0,0
2,3,0.4,0.6109,0,0,2106.7557,8,2,1,904.3232,800000.0,14,3,4,0.0238,0,0
3,0,1.0,0.2466,0,2,235.6852,3,2,0,28.1465,1980.2138,9,6,0,0.4352,1,1
5,1,0.8333,0.3772,1,0,1.8457,49,4,0,41.9863,7130.7039,2,7,10,0.3459,1,0
0,1,0.0,0.4633,0,0,1214.0165,7,1,1,52.0664,315.0029,14,4,10,1.0691,0,0
4,1,0.8,0.0914,1,0,5.5831,54,3,0,33.2322,9521.0188,9,10,9,0.638,0,1
2,0,0.9551179895556403,0.3045469624003001,1,8,907.6473471828077,4,1,0,-22.021865942823975,50272.77274452342,4,3,0,0.7667372597832705,0,1
0,2,0.0,0.8557,0,0,2186.8097,2,2,1,262.2848,26664.5328,9,8,9,0.4853,0,0
3,1,0.7637472335961017,1.0,0,0,909.0202201641359,5,2,1,180.68664538333485,14791.667059202264,2,3,1,0.6446579641666665,0,0
1,3,0.25,0.8468,0,0,506.957,5,1,1,599.2692,251055.2823,17,7,1,0.7319,1,0
1,0,1.0,0.1106,0,0,544.905,9,2,1,31.1907,6562.3531,18,0,5,0.2752,1,1
0,1,0.0,0.8623,0,0,2428.4066,12,1,1,158.8952,5558.3458,15,3,13,0.8725,0,0
5,1,0.8333,0.0954,0,0,8.4909,50,4,0,40.0616,3330.8983,11,10,7,1.7877,0,1
0,2,0.0,0.5554,1,1,401.2173,7,1,1,93.9856,184.6514,7,6,3,0.0788,0,0
11,1,0.9167,0.5962,1,3,6.8836,44,7,0,99.5213,8754.3905,14,8,12,1.4705,1,0
0,2,0.0,0.5591,0,0,280.2427,9,1,1,549.4343,20044.8576,13,7,15,0.3329,0,0
0,2,0.0,0.6027,0,0,3107.3108,4,2,1,81.5109,23215.4445,10,6,5,0.682,0,0
0,3,0.21456491341394485,0.9040655352606384,0,0,792.0669453319657,9,0,0,39.234701320174096,-3864.4626409785196,8,7,2,1.2713803553455356,0,0
1,2,0.3333,0.6235,0,0,2802.4998,3,1,0,1200.0,27071.1144,15,7,2,1.1863,0,0
8,1,0.8404677707699989,0.3647465754611986,0,0,-99.56694498958521,30,4,0,33.28691614331992,-48474.07827877084,4,10,11,1.9781664045744132,1,0
2,0,1.0,0.5924,0,0,63.0048,1,2,0,27.2576,1115.0029,2,5,1,1.585,1,1
0,4,0.0,0.4953,0,0,273.8325,5,1,1,1200.0,120690.7794,15,8,13,0.7878,0,0
4,1,0.8048979863890744,0.13527576335212174,0,1,626.5147923244083,7,2,1,0.3890550352270026,-64719.968132930124,8,6,0,1.284071108377873,1,1
0,3,0.0,0.6311,0,0,3171.6156,9,0,1,1136.5065,952.9748,3,2,17,1.1186,0,0
1,5,0.1667,0.7045,0,0,3333.9793,3,2,0,567.3421,15568.0695,5,0,18,1.2969,0,0
1,5,0.22257837206919703,0.8601273493154026,0,0,-90.8443433759418,8,1,1,91.33339054636181,46964.274774876496,16,4,9,0.0,0,0
5,1,0.8333,0.225,1,9,31.3693,4,1,0,25.7368,5085.2039,5,2,2,1.0501,1,1
0,4,0.0,0.8176,0,0,1122.6531,11,0,0,193.8883,102573.6752,3,7,3,0.1979,0,0
0,4,0.0,0.899,0,0,2011.4667,3,1,0,468.2654,800000.0,10,3,3,1.1392,1,0
1,1,0.5,0.5478,0,0,3549.3608,6,0,1,13.0886,24416.6896,15,6,4,0.4566,0,0
0,2,0.0,0.8554,0,0,2182.0473,3,2,1,40.8485,47202.3772,9,4,17,0.8108,1,0
0,5,0.0,0.6423,0,0,897.2591,12,1,0,1062.873,77292.8292,12,5,9,1.9107,0,0
1,4,0.18339892444062197,0.5602248045044206,0,0,1717.3839418526993,9,2,1,1174.7122156548014,143070.95358083007,10,5,1,0.7479072572424197,0,0
7,0,1.0,0.07983886730245454,1,8,264.96742883323304,11,1,0,116.45505890050646,25378.94965912463,7,3,2,0.0,0,1
3,2,0.6,0.913,0,0,131.0301,1,0,1,42.6715,3962.7962,6,6,0,1.3677,0,0
0,2,0.0,0.874,0,0,788.5447,10,0,1,456.1509,1077.3062,8,6,1,0.098,0,0
1,5,0.1667,0.8339,0,0,3315.2748,4,1,0,39.7142,461729.6068,2,7,7,1.349,0,0
0,3,0.0,0.4586,0,0,2596.59,11,1,1,520.2569,1595.0725,14,5,19,1.9345,0,0
1,2,0.2552808412636529,0.5209281859589101,0,0,1462.0193037763488,9,1,1,329.3708934957049,2734.528102060409,14,7,11,1.0536138693942942,0,0
4,2,0.6667,0.3533,0,1,5.3226,10,1,0,124.3375,6019.6317,7,6,3,1.9575,1,1
2,0,1.0,0.4977,0,0,576.4066,3,0,0,26.0893,4927.1132,2,0,5,1.2157,1,1
5,2,0.7143,0.2406,0,0,8.77,37,0,0,90.6441,16966.5048,1,10,7,0.7468,1,1
1,1,0.5,0.5459,0,0,180.2842,9,2,1,293.6958,167990.7842,7,1,9,0.2526,0,0
1,1,0.5,0.569,0,0,2048.0576,12,2,1,335.9349,165834.4444,4,2,14,1.3139,0,0
0,5,0.0,0.9289716431597145,0,0,2205.3097002352733,4,0,1,1186.936039222118,758031.2103154486,2,8,13,0.7904380723316217,0,0
0,3,0.0,0.6471,0,0,1015.2362,12,1,1,170.2334,800000.0,13,8,15,0.02,0,0
0,3,0.0,0.688,0,0,3242.8322,10,1,0,204.3431,1898.2778,5,4,19,1.4334,0,0
2,1,0.6667,0.8203,0,0,961.7034,1,0,0,129.6836,2108.5359,5,8,10,1.3522,0,0
4,0,1.0,0.1449,1,6,28.3977,8,1,0,5.6397,949.6466,6,0,0,1.6864,0,0
19,2,0.9048,0.5457,0,0,18.6186,35,1,0,114.2845,11127.6815,1,11,5,1.2162,0,1
1,2,0.3333,0.7237,0,0,3260.951,8,1,1,570.7994,107649.8585,13,1,9,1.0862,0,0
0,5,0.0,0.747,0,0,454.5822,11,2,0,83.4467,46339.6039,7,0,1,0.9249,0,0
1,2,0.3333,0.5303,0,0,1874.7126,2,0,0,73.0346,1131.3151,16,1,6,0.9832,0,0
0,1,0.0,0.9495,0,0,3269.3296,8,1,0,1200.0,52511.8296,5,3,8,0.6953,0,1
2,4,0.3333,0.476,0,0,1197.3557,4,0,1,36.7494,5934.3615,5,4,6,1.3256,0,0
0,5,0.0,0.6303479577102172,0,0,2238.480919763881,7,2,1,-13.456887909021539,720415.9930152125,1,6,5,1.6328022669454119,0,0
2,1,0.6667,0.7333,0,0,3564.762,4,0,1,350.0786,1683.35,17,0,1,1.1815,0,0
0,5,0.0,0.6556675131569217,0,0,150.47631803548063,12,0,1,783.3874568269027,-44814.23029318703,8,5,4,1.4678655976645882,0,0
0,2,0.0,0.6286,0,0,1161.2054,9,2,1,389.08,34685.4032,3,2,18,0.504,0,0
0,4,0.03629822331225869,0.6361593128695964,0,0,2023.0841837020055,11,2,1,251.80574607509374,274778.4549348747,14,2,18,0.6721522001036075,0,0
3,3,0.5,0.9596,0,0,1296.7066,9,0,0,64.7299,41887.1298,7,5,10,0.5889,0,0
1,3,0.25,0.5862,0,0,1034.7438,5,0,1,1106.6283,22650.8013,9,6,6,1.4045,0,0
1,4,0.2,0.628,0,0,1444.6141,5,0,1,5.629,75685.3235,16,3,10,0.02,0,0
0,4,0.0,0.8969,0,0,1509.5022,3,1,1,1200.0,1348.9242,8,3,9,1.419,0,0
7,1,0.875,0.364,1,7,31.2868,11,1,0,25.5789,4977.3501,4,5,2,1.3821,1,1
9,0,1.0,0.5325,0,3,9.2693,34,4,0,39.3321,4235.0159,5,3,8,0.9753,1,1
0,2,0.0,0.6738,0,0,779.0698,7,0,1,212.063,43432.0879,16,4,7,0.4912,0,0
0,1,0.0,0.8685194013903238,0,0,2969.0910964037453,12,2,1,-106.25980522510868,50843.639616839864,16,7,19,0.019123793086176677,0,0
24,1,0.96,0.4199,0,1,15.4609,36,1,0,120.0175,10984.4558,5,8,2,1.1795,1,1
0,1,0.0,0.4679,0,0,2230.1038,1,2,1,877.7106,40816.0963,14,5,15,0.5344,0,0
0,4,0.0,0.4372069252159419,0,0,1182.334319203552,7,2,1,140.90527081733015,83184.03825022855,10,5,13,0.45926518432878216,0,0
6,0,1.0,0.1576,1,2,2.9134,15,6,0,69.775,9940.0509,2,5,5,0.4717,1,1
1,5,0.1667,0.6608,0,0,3316.9731,12,1,1,17.7998,1900.5842,4,6,10,1.8517,0,0
0,5,0.0,0.704020315314617,0,0,2057.207588982973,3,1,1,76.41391255001106,-76797.62453625031,10,8,2,1.2463017839831005,1,0
3,2,0.6,0.5082,0,0,2380.1748,8,2,1,340.5474,14463.8679,2,4,16,0.3146,0,0
3,0,0.9349432459276559,0.6502065352616557,0,0,-122.4280252615601,2,2,0,42.83672397825693,-38420.920282590865,92,26,23,0.2428941072215678,0,1
0,5,0.0,0.9684,0,0,2916.3605,3,0,1,1.3907,311505.6412,1,1,1,0.5274,0,0
2,0,1.0,0.3789,1,4,23.053,11,1,0,4.604,1849.4564,2,3,3,1.3469,1,1
0,3,0.0,0.6008,0,0,3264.4084,6,1,0,10.3483,6819.0336,13,7,6,0.1238,0,0
0,2,0.0,0.8138,0,0,318.3112,2,2,1,1.3676,8774.3465,5,2,11,1.3172,0,0
1,4,0.2,0.9461,0,0,565.7081,4,1,1,716.7733,28126.4016,17,2,18,0.8073,0,0
0,1,0.0,0.6805,0,0,2832.905,3,2,1,9.821,31091.6418,3,6,13,0.8154,0,0
2,3,0.4152186353992188,0.5926958936094315,0,0,2302.43486928278,6,2,1,-80.41906579586458,165596.49344848766,12,7,14,0.27500731397025446,1,0
0,1,0.0,0.5095,0,0,1330.9271,10,0,0,1.0,1398.4414,6,7,15,1.259,0,0
1,2,0.3333,0.6259,0,0,370.7967,10,1,0,252.2496,1302.4826,2,8,16,1.3816,1,0
0,5,0.0,0.5296,0,0,320.7118,3,2,1,136.8286,800000.0,4,3,13,0.5876,1,0
0,5,0.0,0.7591,1,2,384.7297,6,1,1,36.7396,5960.4866,17,5,9,2.3335,0,0
0,4,0.0,0.8567511926015693,0,0,2765.5915671534362,3,1,1,276.6783845049632,-56250.09159882525,1,5,6,0.4221321303642336,0,0
0,4,0.0,0.8789,0,0,1632.2236,11,1,0,790.6412,97793.489,4,2,2,0.2577,0,0
2,3,0.4,0.804,0,0,2555.9725,11,1,1,50.3325,37499.1247,2,5,17,1.2184,0,0
19,0,0.9423301954357594,0.39381901878633013,1,0,-9.087365256821574,13,2,0,26.79296908797098,-22203.161621728916,6,10,2,2.1128799680720483,0,1
4,1,0.8,0.3228,0,1,92.8721,9,1,0,15.0051,5079.4344,12,0,4,0.7515,1,1
1,4,0.2,0.6017,0,0,115.7838,6,0,1,10.7923,18482.8178,10,3,2,0.8815,0,0
1,1,0.5,0.4798,0,0,103.6124,3,1,1,44.7929,343582.3406,8,5,12,1.0565,0,0
0,1,0.13863204518537417,0.4922376759747124,0,0,2283.7684397717962,7,2,0,90.45733259643417,57181.437465015115,5,2,10,1.2175674586829495,0,0
1,5,0.10166949913224711,0.7062286696279431,0,0,2538.4895164832174,5,2,1,130.09258433103648,89676.23449184396,6,6,17,0.6236777562465794,0,0
0,2,0.0,0.8671,0,0,2581.1617,9,0,1,82.1752,260540.1614,14,7,0,0.8624,1,0
1,3,0.25,0.7696,0,0,597.6574,10,1,1,342.3063,8786.5695,8,3,8,1.0652,0,0
1,3,0.25,0.7585,0,0,2672.3585,1,0,1,96.5748,50878.787,17,7,13,2.1582,0,0
0,2,0.0,0.555,0,0,1514.1592,2,1,1,16.3905,16334.3328,6,4,11,0.3431,0,0
0,5,0.0,0.6076,0,0,41.1135,8,0,1,12.0307,421606.5831,13,3,15,1.2725,0,0
0,5,0.027315608335572606,0.5265356747653525,0,0,2766.5243182119016,3,2,1,-46.61533395119016,82023.9004925003,1,2,9,1.6629447465768599,0,0
3,0,0.918077990626306,0.5079834612938524,0,0,-102.89466458241458,2,2,1,41.17062236804854,-72416.57710020046,210,73,9,0.6373245391583368,0,1
4,1,0.8,0.2535,0,2,9.7242,59,3,0,10.2626,11747.9597,9,4,14,0.7656,1,1
12,2,0.8571,0.058,0,1,7.4632,25,2,0,73.5089,8326.3632,3,10,6,0.9812,1,1
7,2,0.902887882452303,0.0,0,1,173.03493807373877,28,0,0,152.29668925648016,-30345.396193658707,6,12,9,1.4201280116289543,1,1
0,5,0.0,0.9818,0,0,3028.6758,6,2,1,67.1761,11750.7304,7,6,17,0.7527,0,0
0,3,0.0,0.8046,0,0,2661.4666,9,2,0,264.7105,196.2095,7,0,3,1.2067,0,0
0,3,0.0,0.687190282495682,0,0,2302.932313601729,9,1,0,1314.0592043021998,302596.9003860498,15,5,12,0.51088077901795,0,0
1,4,0.17666322343582222,1.0,0,0,1012.0134030713125,11,1,1,118.40282834751511,135260.44781488355,15,6,16,1.1690614129349832,0,0
11,1,0.9167,0.2912,1,3,5.3779,19,7,0,36.2167,11211.7263,12,3,11,1.8123,0,1
1,5,0.1667,0.6819,0,0,3475.4416,11,2,1,6.9047,114445.0985,10,8,9,1.6574,0,0
7,0,0.9116045605046831,0.3666544709463384,0,0,-375.9653821912613,59,7,0,52.07669964729883,-22078.260544753724,8,9,5,0.6792242914222648,1,1
1,2,0.3333,0.8107,0,0,582.4494,1,0,1,18.278,1175.5817,15,0,10,0.02,0,0
2,2,0.5,0.561,0,0,61.3361,10,2,1,355.0858,6765.6362,11,8,15,0.9391,0,0
0,1,0.0,0.7008128254633778,0,0,3131.27375545702,5,0,1,260.7952703659809,33879.65913657831,15,3,14,0.9584438867610302,0,0
2,3,0.4,0.5181,0,0,2776.9933,2,2,0,9.7698,9731.182,3,8,2,1.3424,0,0
0,3,0.013738516265842248,0.8884673929666009,0,0,3134.3211504406427,2,0,1,123.37004508039672,-1179.044746013667,17,3,8,0.7627660979962803,0,0
1,4,0.2,0.9253,0,0,2917.1507,6,1,1,879.934,41200.2456,10,6,17,0.9569,0,0
1,1,0.5,0.9059,0,0,1916.1343,10,2,1,135.1557,55704.7131,1,1,19,1.2694,0,0
0,4,0.0,0.5926,0,0,881.5474,1,2,0,53.2324,141286.9678,4,2,8,0.8488,0,0
2,1,0.6667,0.2202,0,2,316.9593,6,2,0,42.4875,6728.2852,15,1,3,0.3547,1,1
0,2,0.0,0.6883,0,0,687.4441,1,0,1,186.2752,7714.138,1,2,7,0.7914,0,0
1,3,0.25,0.7336,0,0,3154.6463,8,1,0,336.9214,12125.7254,8,6,5,0.7843,0,0
5,1,0.8333,0.5645,0,2,411.4982,2,2,1,24.9291,8694.7625,2,3,2,0.4971,1,1
2,1,0.6667,0.5782,0,0,2686.2097,8,0,1,298.0221,85427.4231,13,8,14,0.7459,0,0
0,2,0.0,0.7013,0,0,2465.8505,11,2,0,67.5149,48144.2325,6,3,12,1.4339,0,0
0,1,0.0,0.9321,0,0,2609.9709,12,1,1,73.6475,33634.1385,17,0,17,1.5162,0,1
0,3,0.06815564752760939,0.942788040612216,0,0,3738.132171282861,11,1,1,-9.489536936319972,753553.6883763546,5,0,8,0.7404875427587333,0,0
1,2,0.3333,0.5296,0,0,765.4998,1,0,0,10.8675,20402.1227,12,6,10,0.7132,0,0
18,0,1.0,0.0824,0,0,13.1565,17,1,0,111.1303,18756.7751,7,5,6,0.6037,0,1
0,5,0.0,0.8834,0,0,3389.6454,5,0,0,15.4859,5362.6154,3,4,10,1.4575,0,0
4,0,1.0,0.0503,1,5,1.9444,7,1,0,1.8483,5900.6437,3,5,1,0.757,0,1
0,4,0.0,0.6325947931894209,0,0,3402.713132334953,7,2,1,-17.70322149893567,-8119.9245458877795,6,4,1,1.7664134648737855,0,0
1,1,0.5,0.5945,0,0,571.3577,3,2,1,298.2922,559800.7588,8,7,11,0.02,1,0
0,2,0.0,0.793,1,1,81.7066,12,2,0,51.4825,30086.2809,4,7,13,0.5163,0,0
10,0,1.0,0.362,1,3,0.972,49,7,0,59.5411,3325.6473,9,3,10,1.2202,0,1
16,2,0.8889,0.5448,0,0,19.9565,14,1,0,86.3925,14412.8206,3,14,11,1.7797,0,1
0,2,0.0,0.5682,0,0,2419.6889,4,0,1,749.1242,31166.2989,8,3,19,0.4528,1,0
2,1,0.6667,0.3276,1,3,58.3266,5,1,0,28.2036,3605.0359,4,2,2,0.557,0,1
0,1,0.0,0.9039786641411541,0,0,1348.7236769439214,3,0,1,-74.4611960035337,68806.87590934546,11,4,7,1.8072842234825868,1,0
1,4,0.2,0.7019,0,0,913.7879,4,0,1,164.1747,18757.6174,8,7,6,1.3298,1,0
1,5,0.09736244971715136,0.5901126121275146,0,0,681.2499420683448,5,2,1,35.17933219644988,388449.67946206767,10,7,4,0.2946987134880753,0,0
0,1,0.07593435509381942,1.0,0,0,3111.4487066878673,10,1,1,212.8269613715571,20260.13225345336,4,1,9,1.0454370839717468,0,0
0,1,0.0,0.7906,0,0,1070.6814,6,2,0,1010.9788,105739.0322,11,4,1,1.293,0,0
0,1,0.0,0.5794,0,0,3210.6168,2,2,1,28.0369,261051.5779,8,5,2,1.3834,0,0
2,3,0.4,0.4877,0,0,130.8423,4,1,1,17.2491,122029.5432,6,0,3,0.8107,0,0
0,5,0.0,0.9488,0,0,2866.121,8,0,1,102.942,1964.9458,11,4,8,0.3827,0,0
0,4,0.0,0.7737,0,0,2857.2894,4,1,1,133.3442,100.0,12,1,1,0.8377,0,0
6,1,0.8571,0.3063,0,3,5.8366,51,3,0,13.6126,2739.1064,10,4,12,0.7776,0,1
1,3,0.25,0.9056,0,0,3350.2928,11,1,1,240.7145,20941.7458,13,6,4,1.1379,0,0
0,1,0.0,0.6791,0,0,660.9801,1,0,0,357.0444,7544.536,12,7,17,0.6902,0,0
0,2,0.0,0.562,0,0,1422.2918,6,2,0,189.7245,16458.509,10,1,6,1.2666,0,0
0,2,0.0,0.7822,0,0,3198.1321,8,1,1,534.4495,54053.1663,11,8,13,1.6864,0,0
2,3,0.3152615510344161,0.9516697701675293,0,0,1793.2246447776686,5,2,1,-94.8323357780502,-20614.030301160357,8,3,4,0.5767599673731078,0,0
0,1,0.0,0.6447,0,0,1072.2953,9,2,0,30.0872,428335.4314,3,7,11,0.6958,0,0
0,4,0.0,0.7262614137960877,0,0,1748.8104376265776,10,2,1,298.64407636801474,97805.04133238706,17,2,10,1.3920569635172888,0,0
2,5,0.2857,0.5938,0,0,528.5156,5,1,1,459.0196,1286.5296,3,1,1,1.6251,0,0
1,5,0.1667,0.5605,0,0,3581.2688,4,2,1,584.8312,35995.1001,4,7,10,0.7989,0,0
0,4,0.0,0.9173,0,0,3576.9755,3,0,0,1200.0,99143.6891,9,8,16,0.2526,1,0
13,1,0.9286,0.136,0,1,17.08,31,0,0,97.889,19566.1145,2,8,3,1.5227,0,1
0,5,0.0,0.5478,0,0,1434.8993,6,1,0,32.9456,316.2197,9,7,16,1.3486,0,0
0,1,0.0,0.7654,0,0,2429.3015,1,0,1,365.852,621.3225,10,6,11,0.9819,0,0
2,1,0.6667,0.5575,0,0,506.5668,11,0,1,694.2231,74692.157,6,3,13,1.2273,0,0
0,4,0.0,0.7593,0,0,360.623,3,0,1,27.4693,16763.4029,5,6,2,1.3793,1,0
0,3,0.0,0.6931,0,0,1382.5407,5,2,1,27.3707,41679.309,8,4,6,0.9658,0,0
0,1,0.0,0.4335,0,0,6.6348,3,1,0,140.5329,2006.9794,140,80,14,0.0848,1,1
1,4,0.2,0.6313,0,0,3555.221,3,2,0,22.1164,59091.3274,1,2,16,0.932,0,0
1,5,0.1667,0.6992,0,0,664.6037,10,0,1,1200.0,224190.4003,6,4,17,1.2178,0,0
1,5,0.1667,0.8226,0,0,442.163,9,0,1,24.4356,382.0425,1,1,14,0.9327,0,0
1,4,0.2,0.9287,0,0,3177.0548,1,2,1,74.9174,84608.5142,4,4,1,0.6224,0,0
0,4,0.0,0.5419,0,0,2690.2566,1,2,1,59.4139,2847.4081,1,8,17,0.8692,0,0
2,0,0.9605048401928087,0.3288734087054114,1,7,685.8539545792256,9,0,0,53.94793211258166,8143.514991724745,7,3,1,0.7099639929697718,0,1
3,1,0.8797856235490349,0.16426490793787554,1,3,71.3883167089877,10,1,0,38.02318237819146,15983.420390426843,4,1,2,1.2869187416330938,1,1
1,2,0.3286549145004093,0.7935754190721006,0,0,522.082181079679,7,1,1,414.7536157795434,-43667.344877435535,2,2,11,1.939430383019193,0,0
0,5,0.0,0.4769,0,0,1073.5071,8,0,1,29.0378,25834.7259,2,1,19,0.6533,1,0
1,4,0.2,0.6972,0,0,882.9242,10,2,1,1101.9205,320959.9713,12,5,5,1.0593,0,0
0,4,0.0,0.5736,0,0,2353.0162,12,0,1,98.0787,2951.6757,9,3,2,0.5571,1,0
1,5,0.1667,0.8416,0,0,3088.0394,6,0,1,29.8665,23856.6958,3,2,16,0.9868,0,0
5,0,1.0,0.2073,1,4,35.5641,6,0,0,14.1568,4728.2258,6,3,0,0.8854,0,1
7,1,0.875,0.291,0,0,8.6467,31,2,0,39.4452,7865.2464,14,6,8,1.4214,0,1
1,2,0.3333,0.9607,0,0,550.4549,5,1,1,141.2296,13269.0359,2,1,16,0.584,1,0
0,2,0.0,0.6374,0,0,2742.9173,2,1,1,13.0246,2886.1484,17,2,8,1.6009,0,0
9,1,0.9,0.4778,0,0,8.8895,19,2,0,16.2482,5909.1207,6,2,7,1.2393,1,1
9,1,0.9,0.5256,0,0,3.5333,17,6,0,29.0503,4252.0509,3,2,8,1.3398,1,1
1,5,0.18092642065662656,0.47150356386714,0,0,3069.0208496123596,4,1,1,739.7356515663766,91019.38900866441,17,4,13,0.250834274060283,0,0
1,1,0.5,0.144,0,1,28.464,2,1,0,29.6299,2245.2559,18,7,2,1.1256,1,1
3,1,0.75,0.8714,0,0,3400.4859,3,0,1,24.5927,196937.9097,4,8,19,0.989,1,0
4,0,1.0,0.1092,1,0,6.844,13,0,0,65.4943,18602.0934,4,10,5,1.3475,0,1
1,3,0.25,0.8424,0,0,2367.4036,9,0,1,420.7088,191522.8743,4,1,8,1.0403,0,0
1,5,0.1667,0.7076,0,0,3322.3079,4,0,1,393.5593,385360.4213,10,2,14,0.4029,1,0
0,2,0.0,0.6055,0,0,1311.0596,6,2,1,25.8039,49203.8423,3,0,2,1.4559,0,0
0,2,0.0,0.7869,0,0,3156.0972,2,1,0,31.8361,11677.5257,10,4,4,0.4799,0,0
4,0,1.0,0.2516,0,1,2.3368,34,9,0,73.5022,1546.2327,5,4,5,0.5864,1,1
1,3,0.05384505314976709,0.5431837137135411,1,2,3243.62690609973,10,1,1,489.98247121513646,47009.80606608192,16,0,2,0.9232676611960945,0,0
1,4,0.2,0.5384,0,0,3486.7702,4,2,1,61.9375,9417.5519,12,4,6,1.4158,0,0
0,4,0.0,0.67,0,0,3553.9745,6,0,1,43.5385,19990.7346,4,1,13,0.4369,0,0
0,3,0.0,0.6172,0,0,2557.9747,6,1,1,132.1911,385412.8447,11,5,10,0.4626,0,0
1,3,0.25,0.9864,0,0,2191.7511,10,0,0,61.6196,245482.099,3,5,7,1.3251,0,0
0,2,0.0,0.8475,0,0,881.6872,6,1,1,28.7161,29563.7772,12,3,9,1.2276,0,0
1,5,0.1667,0.9486,0,0,3569.4902,1,2,0,28.3341,800000.0,9,0,7,0.4301,1,0
0,5,0.0,0.6561,0,0,733.3242,1,2,0,107.5625,1536.1068,14,8,10,0.7989,1,0
0,4,0.0,0.754,0,0,2639.5912,12,1,1,75.5264,203586.6673,16,5,10,1.2461,0,0
0,2,0.0,0.4687,0,0,2287.6678,10,2,1,5.4626,3176.3887,6,4,5,0.8107,0,0
1,1,0.42033479899613196,0.7788306456442107,0,0,1945.9103772270655,1,1,1,-81.3205792191644,18813.69785028832,14,5,12,1.8803036004731735,0,0
5,0,1.0,0.3006,0,1,206.434,5,0,0,50.9235,2878.2113,19,6,0,2.0475,1,1
0,2,0.0,0.9298,0,0,2716.5536,4,0,1,237.297,6427.6639,15,5,4,1.1025,0,0
1,5,0.1667,0.8765,0,0,189.032,2,2,0,46.0453,7683.0816,13,6,4,0.0934,0,0
2,4,0.3333,0.8472,0,0,279.733,2,1,1,32.2303,202587.8638,3,8,8,1.5031,0,0
2,1,0.6667,0.0645,1,3,54.6284,3,0,0,22.7575,1899.1449,6,1,1,1.3021,0,1
0,5,0.0,0.5228,0,0,2143.5256,6,2,1,1200.0,2027.5111,15,2,2,0.8519,0,0
0,2,0.0,0.7341,0,0,3485.703,5,2,1,21.7387,58924.1691,4,0,18,1.1247,1,0
0,3,0.0,0.6651,0,0,1619.8534,6,1,1,62.7903,11354.9512,1,2,2,1.1376,1,1
1,4,0.2,0.8112,0,0,2703.9314,7,1,1,76.9536,800000.0,8,7,15,1.0557,0,0
0,5,0.0,0.5062,0,0,2055.4922,4,2,1,109.8718,164331.7426,8,2,18,0.6845,0,0
3,0,1.0,0.4756,1,0,4.514,35,2,0,89.3645,3399.1948,5,1,10,0.42,0,0
4,0,1.0,0.1643,1,0,172.5525,4,0,1,22.3942,5246.754,4,4,4,1.1285,1,1
3,0,1.0,0.3647,0,0,1.1459,4,1,1,217.7791,2424.8635,151,73,15,0.9807,1,1
1,4,0.2,0.5261,0,0,96.7205,4,2,1,742.5007,5390.1766,16,0,1,1.7639,0,0
0,3,0.0,0.9310753315705028,0,0,1044.7499853178517,12,1,0,131.48530424066175,761900.6308688397,4,1,14,1.6521535581550926,0,0
2,4,0.3333,0.6778,0,0,318.2273,5,2,1,207.5191,300204.2699,7,0,1,1.445,0,0
1,3,0.22269368442616283,0.5533092399723878,0,0,-28.499622960248757,7,1,0,-51.56068128924247,1398.1553884906516,15,5,16,1.390317595803349,0,0
3,1,0.75,0.4661,1,2,168.0995,4,2,0,57.5186,597.342,6,7,4,0.7353,1,1
1,1,0.5,0.4502,0,0,453.0701,2,1,1,31.2821,39105.0288,12,1,3,0.7502,0,0
0,3,0.0,0.6085,0,0,1901.1141,9,2,1,9.5889,5573.1845,12,3,12,0.3963,0,0
1,1,0.5,0.7323,0,0,3196.8485,1,2,1,6.327,13984.2685,1,6,12,1.2813,0,0
0,2,0.0,0.6961,0,0,156.0043,7,2,1,47.3751,5818.2576,10,4,14,1.5956,1,0
18,0,1.0,0.3657,1,0,8.6269,29,0,0,45.3225,11346.3253,8,14,6,0.695,1,1
6,0,1.0,0.4144,1,6,57.3566,3,1,0,10.2681,3439.3763,4,3,1,0.9063,0,1
1,2,0.3333,0.9078,0,0,3358.3587,3,2,1,474.2894,800000.0,4,6,18,1.6792,0,0
0,5,0.0,0.5071,0,0,3313.9139,7,0,1,109.3553,20227.5645,8,1,4,0.1911,0,1
6,0,1.0,0.1901,1,4,45.7289,8,1,0,14.5086,3041.4513,6,0,0,0.4775,0,1
1,4,0.2,0.6962,0,0,1555.4861,7,0,1,759.6047,6466.4441,11,7,2,0.9238,0,0
0,1,0.0,0.8448,0,0,1598.427,12,2,1,28.8589,11663.5875,17,8,6,1.4515,0,0
0,2,0.0,0.9836,1,1,1056.6611,12,2,1,376.7828,800000.0,15,6,3,2.0016,0,0
12,0,1.0,0.0124,1,0,3.7903,28,0,0,101.2493,4072.2632,4,14,10,0.5296,0,1
1,2,0.3333,0.8063,0,0,1522.6232,11,0,0,6.7354,92175.2205,6,2,8,0.8261,1,0
1,4,0.2,0.691,0,0,718.6896,12,1,0,143.7444,2704.5606,17,6,13,1.9196,0,0
0,1,0.0,0.4756,0,0,464.0547,1,2,0,102.6659,228039.3361,8,6,17,0.6677,0,1
2,1,0.6667,0.6617,0,0,1004.0052,6,1,1,70.9374,15787.634,9,3,7,1.1281,0,0
2,1,0.6667,0.5292,0,0,991.2348,4,2,0,4.3247,32395.168,6,6,0,0.1218,1,0
2,1,0.6667,0.9464,0,0,2300.7003,12,1,1,97.4594,247332.5971,6,6,2,1.1403,0,1
0,1,0.0,0.7665,0,0,2185.9233,11,2,1,33.5006,90987.1219,12,0,1,0.978,1,0
0,1,0.08697831407633089,0.6674625301514894,0,0,2400.776331933126,10,0,1,1077.8850663373448,3682.1592604008574,13,1,16,1.1675366784342345,0,0
0,2,0.0,0.4836,0,0,11.1105,8,2,1,108.8495,4957.8473,159,34,13,0.4417,1,1
2,0,0.9263318875698207,0.7025492679061021,0,0,337.09664785828915,1,0,1,121.19186316100787,111056.20444781212,139,38,19,0.08175605549362998,0,1
1,3,0.25,0.7085,0,0,256.3275,8,2,0,101.1804,372310.2136,11,8,17,0.4341,0,0
2,2,0.5,0.6815,0,0,1117.5395,1,1,1,30.8621,25369.2185,7,3,3,1.5158,0,0
1,2,0.3333,0.8861,0,0,1696.9035,10,1,0,146.8699,6927.6837,2,7,7,0.1546,0,0
1,2,0.3333,0.839,0,0,11.0526,2,2,1,43.8923,3356.471,65,22,7,0.5691,1,1
0,5,0.0,0.9895,0,0,2644.57,3,1,0,209.0838,8198.2598,9,5,2,0.2067,0,0
0,3,0.0,0.6519,0,0,1956.2354,9,2,1,1196.6901,100.0,8,0,3,1.4214,0,0
23,0,1.0,0.1352,1,1,13.8027,15,2,0,105.7857,16791.7842,6,13,7,2.6246,1,0
0,1,0.0,0.5162,0,0,1955.7951,11,0,0,7.1088,2140.5908,13,5,6,1.8599,0,0
0,1,0.0,0.7567,0,0,1367.1477,3,2,1,1200.0,63057.5047,3,3,18,0.1809,0,0
0,4,0.021965405083023085,0.46677849611559846,0,0,3922.1496209175216,10,0,1,235.50482654872738,-112216.49120880337,6,6,16,1.6248188085490483,0,0
5,0,1.0,0.3497,0,2,473.6132,9,2,0,39.6223,3299.5755,4,4,0,1.3151,1,1
3,0,1.0,0.3822,1,7,31.3117,4,0,0,28.1454,548.969,4,5,0,0.7686,1,1
1,5,0.1667,0.9078,0,0,2395.4065,10,0,1,17.7623,800000.0,8,6,14,0.9757,0,0
1,5,0.1667,0.518,0,0,1757.0463,7,2,1,75.7466,800000.0,3,4,12,1.5552,0,0
3,4,0.4286,0.5039,0,0,3412.3224,11,1,1,153.7534,77208.3817,10,7,3,1.3208,0,0
0,5,0.12556181689245863,1.0,0,0,3236.051016130529,2,2,0,1145.5669536043315,151242.42454737602,13,0,4,0.2972016454485752,0,0
0,3,0.0,0.8186211066134282,0,0,2163.0162973478873,3,2,1,200.93629174211156,21137.11244040688,4,4,15,0.6973110246737996,1,0
0,4,0.0,0.4529,0,0,2813.7016,1,0,1,3.0909,203.0064,16,5,19,0.976,0,0
1,0,1.0,0.1605,1,9,55.8858,10,1,0,16.7831,1606.6088,3,1,2,0.6544,0,1
2,5,0.2857,0.7719,0,0,813.2294,11,0,0,141.5036,410288.3123,17,4,12,1.0921,0,0
0,2,0.0,0.4562,0,0,3130.6462,6,2,0,14.5928,27954.1872,12,2,4,0.02,0,0
1,3,0.25,0.8845,0,0,978.3736,4,0,1,50.2092,377.8159,3,7,3,0.8512,0,0
1,2,0.3333,0.8313,0,0,280.5023,12,1,1,2.7718,84175.1944,15,1,1,0.6387,0,0
0,5,0.0,0.908,0,0,2948.594,10,2,0,205.9919,7497.3975,12,3,15,1.1989,1,0
2,2,0.5,0.892,0,0,2105.5406,7,2,0,298.4562,47211.0867,13,6,4,0.5116,0,0
7,0,1.0,0.0132,1,0,10.4312,33,2,0,74.1428,13555.0837,2,8,5,0.7356,0,1
2,4,0.3333,0.5836,0,0,353.2195,10,1,1,38.2753,5334.74,13,8,10,0.9876,0,0
4,0,1.0,0.47,0,2,257.6012,5,1,0,47.712,5923.3923,16,1,1,1.7151,1,1
0,2,0.05130195866609258,0.8715096310756298,0,0,1201.900373740883,3,1,1,120.14210399882268,39116.188149009846,17,6,5,0.17964881291697637,0,0
5,1,0.8333,0.3145,1,4,53.9115,4,0,0,15.0631,209.9854,3,1,2,1.245,1,1
0,5,0.0,0.5184,0,0,619.0322,11,0,0,242.5467,35603.1975,12,6,6,0.4584,0,0
3,1,0.75,0.1949,1,8,27.3134,7,0,0,2.8458,944.5894,4,2,0,1.1322,0,1
1,1,0.5,0.4888,0,0,2992.0739,7,1,1,96.4381,58156.2573,1,2,4,0.7276,0,0
0,2,0.0,0.4951,0,0,1223.4482,2,0,1,648.1521,1463.9935,5,6,12,1.106,0,0
1,4,0.2,0.6371,0,0,3397.8624,4,1,0,99.0997,10086.2513,7,0,10,0.8926,0,0
1,5,0.1667,0.4825,0,0,2268.0427,12,0,1,31.8919,800000.0,7,8,5,1.4401,1,0
7,1,0.875,0.3722,1,6,8.903,9,0,0,25.1357,635.1064,2,2,3,0.7184,1,1
0,4,0.0,0.6449,0,0,1259.9149,4,0,1,214.151,25637.2437,10,7,10,0.9354,0,0
1,1,0.5,0.731,0,0,3386.3281,11,1,1,37.0774,38223.9082,8,1,2,1.223,0,1
1,4,0.2,0.6303,0,0,3532.3594,6,0,1,25.7934,24505.4557,15,3,17,0.1088,0,0
2,4,0.46079817972219717,0.5591420857072997,0,0,2937.6661632682053,8,2,1,22.24107525384367,727592.3516573627,17,0,5,0.5938067680560556,0,0
0,3,0.0,0.7808,0,0,3086.8727,1,1,0,220.1338,3640.6639,13,3,5,1.4152,0,0
0,1,0.005074093110510699,0.9656580396034058,0,0,1486.0229204212444,6,0,1,113.93487102715527,705756.8798534524,15,0,7,0.8468071812638458,0,0
0,5,0.0,0.8017911501853594,0,0,2515.8300354630574,3,2,0,1208.6610690010311,277532.1560977526,5,8,1,1.6252048208618208,0,0
1,1,0.6408604390593686,0.7704561519133568,0,0,1364.5803776869902,8,2,1,430.2827377830241,-46786.924614250085,10,7,19,1.0602009007898536,0,0
0,1,0.0,0.6669,0,0,456.8064,4,0,0,271.4601,167521.5445,3,4,4,0.02,0,0
0,2,0.0,0.9632904675993957,0,0,1950.309471942325,1,0,1,101.93181636511828,49618.47404983588,16,2,11,0.11532928731845579,0,0
1,1,0.49442962615616504,0.6781821333840033,0,0,37.58539660570584,4,0,0,114.83756153022404,93080.03052673367,9,4,18,1.3644447158244213,0,0
10,0,1.0,0.2475,1,2,9.2357,28,6,0,35.947,2045.9493,2,4,7,1.4297,1,1
0,1,0.0,0.7486,0,0,1107.5168,7,1,1,308.3583,3702.6656,14,6,12,1.0432,0,0
0,2,0.0,0.6247,0,0,3477.4866,4,0,1,165.3212,41545.8669,12,5,15,0.2368,0,1
0,4,0.0,0.6684,0,0,1127.4068,4,1,1,34.1127,4125.6473,6,3,14,0.6546,1,0
0,5,0.0,0.4959,0,0,2327.3042,4,1,0,1200.0,800000.0,7,3,19,1.3222,0,0
1,5,0.1667,0.9208,0,0,1050.0855,1,0,1,1200.0,129441.8474,2,2,3,0.7047,0,0
0,5,0.0,0.6463,0,0,3111.9473,12,0,1,13.1392,5944.9148,6,3,17,0.5303,0,0
1,2,0.3333,0.6743,0,0,598.2984,6,1,1,52.0987,5272.6749,9,1,16,1.5015,0,0
0,2,0.0,0.6645,0,0,824.8617,2,0,1,25.0585,50130.802,10,0,3,0.5794,0,0
1,1,0.5,0.5651,0,0,845.1602,12,2,1,1200.0,178885.96,3,2,12,0.0257,0,0
1,5,0.1144412236370743,0.5883381270243102,0,0,1649.902836652352,2,1,0,-11.381183186008691,53397.78703363684,12,6,15,0.5898774582337283,0,0
0,1,0.0,0.7660566887242722,0,0,3456.406964994887,7,2,1,82.9177779627576,-21064.209157087244,12,4,2,0.9833906543924416,0,0
0,4,0.0,0.489,0,0,266.1903,2,0,1,1034.7123,87442.9041,6,5,2,0.8241,0,0
0,5,0.0,0.7396,0,0,3542.301,12,1,1,328.1634,10446.881,16,3,18,1.0374,0,0
1,5,0.1667,0.6955,0,0,2264.5043,3,1,1,1200.0,672423.0307,12,7,2,0.7887,0,0
1,2,0.3160979406169289,0.4760285206047213,0,0,1852.5183923809993,7,0,0,10.941156517806547,63420.24365636398,2,3,3,0.43723485723419,0,0
1,4,0.2,0.8922,0,0,2797.9275,1,1,1,67.4748,66975.0168,12,7,18,1.0424,0,0
0,1,0.0,0.9602,0,0,1258.4942,5,2,1,79.5494,800000.0,8,2,5,0.6384,1,0
5,1,0.8333,0.1699,1,3,16.7416,11,1,0,27.3384,2593.5033,7,5,1,1.9143,0,1
1,1,0.5420956590600821,0.7089430753277508,0,0,3255.795677853437,9,0,0,217.24221210400657,29146.247739022838,5,1,17,1.2459128159944315,0,0
3,1,0.75,0.7617,0,0,12.0778,8,2,1,221.8383,4026.6452,176,14,27,0.7731,1,1
0,4,0.0,0.851,0,0,2955.0774,11,2,1,242.3348,68987.5473,12,4,14,1.0255,0,0
1,5,0.1667,0.7074,0,0,574.9246,6,1,0,168.9625,177049.6043,8,7,1,0.6969,0,0
1,1,0.5,0.8351,0,0,963.2526,11,2,1,10.5719,255689.6632,8,7,18,0.8597,0,0
0,2,0.0,0.4137120720992968,0,0,2624.191917900726,11,2,1,1199.6025419496268,68639.96993601073,7,3,9,0.930996450075321,0,0
0,4,0.0,0.6382,0,0,1788.9567,8,2,0,311.2759,214140.0052,11,3,1,0.02,1,0
1,3,0.25,0.6068,0,0,765.7861,2,0,1,296.3927,352017.622,10,8,14,1.1051,0,0
0,5,0.0,0.509,0,0,1523.3257,7,1,0,98.7221,3270.9543,16,6,10,0.5063,0,0
0,2,0.0,0.5479,0,0,436.9857,7,2,1,47.0529,467883.1347,5,5,9,0.9977,0,0
11,0,1.0,0.5033,0,3,2.9612,44,6,0,86.0156,11960.7552,10,5,10,1.4466,0,1
0,3,0.0,0.8579,0,0,3189.3739,7,1,1,229.7291,26101.5336,11,8,9,1.1764,0,0
0,1,0.0,0.9127,0,0,393.2522,6,2,1,24.4132,14793.6368,17,3,1,0.02,0,0
1,4,0.2,0.812,0,0,2579.7724,7,1,0,3.1791,3297.5122,9,3,17,1.5685,0,0
2,2,0.5,0.6767,0,0,1764.1414,2,1,1,16.6829,13415.1447,17,3,16,0.9667,0,0
10,0,1.0,0.1539,0,1,8.4527,58,5,0,66.9721,10853.9943,8,10,10,1.2074,0,1
0,1,0.0,0.5802,0,0,2533.1358,8,0,0,105.8554,1967.73,12,1,5,1.2538,0,0
4,1,0.8,0.1414,1,3,6.0445,17,4,0,54.7167,11400.2204,11,8,13,0.9853,1,1
0,1,0.0,0.6985,0,0,588.5062,5,2,1,75.969,92244.1603,9,6,12,0.7344,0,0
3,1,0.75,0.3108,1,7,1.9412,4,1,0,7.0036,304.0013,3,1,3,1.8281,0,1
1,4,0.2,0.5069,0,0,143.5567,9,1,0,20.0869,6218.5425,14,4,9,0.6509,0,0
0,3,0.0,0.4926,0,0,1450.509,4,2,0,301.0474,81862.7861,2,2,4,0.6865,0,0
0,4,0.0,0.5179,0,0,3071.3343,3,1,1,66.3552,18573.951,5,4,16,0.9551,0,0
0,5,0.0,0.8916,0,0,2839.3646,9,0,1,15.1162,800000.0,11,3,4,0.844,0,0
2,4,0.3333,0.8669,0,0,3424.1959,8,1,0,435.8506,30123.2165,2,4,5,0.6005,0,0
4,0,1.0,0.3424,1,2,3.594,40,4,0,67.6863,8230.0615,4,4,4,1.3024,1,1
2,5,0.2857,0.5062,0,0,583.2365,1,2,1,53.7235,17901.8847,6,3,10,0.7301,1,0
0,1,0.0,0.5057,0,0,2270.8304,1,2,1,43.7866,4497.3083,4,3,2,0.7692,0,0
1,3,0.25,0.7163,0,0,269.882,7,0,1,380.6393,74743.5544,2,7,6,1.7247,1,0
2,3,0.4,0.6185,0,0,921.0848,12,0,0,657.5539,8779.8384,6,3,2,1.3658,0,0
0,2,0.0,0.8162,0,0,1846.1316,10,1,1,40.9996,533126.097,7,7,3,1.3976,0,0
0,2,0.0,0.5405,0,0,296.896,1,0,1,54.4024,7685.4637,13,7,9,1.7918,0,0
0,3,0.0,0.8668,0,0,1719.332,11,1,1,1200.0,21584.8345,1,0,1,0.9427,0,0
0,3,0.0,0.72881616227447,0,0,3036.327692692136,5,2,1,114.29387127172268,744142.9044551436,10,3,14,1.1107573537095319,1,0
0,4,0.0,0.8678,0,0,368.9886,1,2,1,27.7923,2467.3069,3,2,17,0.9752,0,0
0,1,0.0,0.5978,1,1,3006.1756,12,2,0,42.4693,16441.7963,15,0,13,0.2544,0,0
6,0,1.0,0.04974069171167532,0,0,126.85165075064602,11,1,0,43.0811353187615,-12401.741785966518,5,10,7,0.6376249172418604,0,1
0,1,0.0,0.6448,0,0,3368.4602,12,0,0,637.6789,35508.6989,15,0,18,1.0963,0,0
0,3,0.0,0.7669,0,0,3091.6997,3,0,1,81.5832,2034.2728,8,3,5,0.6064,0,0
15,2,0.8824,0.5368,0,0,14.0145,22,0,0,22.1996,16721.9142,4,7,3,1.2292,0,1
0,3,0.0,0.6711,0,0,2306.3784,1,0,1,190.0753,14289.708,12,8,4,0.7488,0,0
0,5,0.0,0.8549,0,0,689.6183,1,2,1,35.6883,67439.9809,15,8,17,0.195,1,0
2,5,0.2857,0.7107,0,0,3486.415,4,2,1,675.8965,78296.8706,5,5,6,1.2159,1,0
23,0,1.0,0.0225,1,0,14.3481,29,0,0,76.5691,9951.8344,7,10,11,1.6013,1,0
9,1,0.9,0.3857,0,1,3.3318,29,0,0,20.7008,6955.1677,2,9,9,0.1,0,1
0,3,0.0,0.8825,0,0,1329.6407,7,2,0,10.059,83155.5293,9,6,9,1.0326,1,0
1,5,0.1667,0.7682,0,0,1773.3325,12,1,1,260.1858,6746.6451,14,6,1,0.6689,0,0
0,1,0.12039044085445934,0.822485322568064,0,0,2634.784709795446,9,0,1,1051.3922253667943,-42761.33063171857,12,3,10,1.768805305720807,0,0
0,2,0.05315999955604508,0.7282017395499418,0,0,667.2111148702406,3,0,1,1122.8455014321248,31753.68158362011,10,4,3,1.1538194784933353,0,0
0,1,0.0,0.4991,0,0,233.2638,7,2,0,10.7661,2772.9957,2,3,14,0.5456,0,0
14,2,0.875,0.1475,1,1,12.4544,15,0,0,25.1891,3911.9733,8,9,4,0.4453,0,1
1,5,0.1667,0.7333,0,0,1129.6737,10,2,1,158.3523,5005.7484,7,3,11,0.8809,0,0
2,1,0.6667,0.6264,0,0,755.1787,12,1,1,314.2379,70929.6243,15,5,17,0.703,0,0
0,3,0.0,0.7071,0,0,888.3683,11,1,1,481.335,1344.2154,6,7,8,1.3746,0,0
0,2,0.0,0.474,0,0,956.5388,10,2,1,197.0028,66055.9656,10,0,14,0.5085,0,0
1,4,0.2,0.6566,0,0,2625.3189,6,1,0,8.7868,175492.4883,12,4,17,1.4104,1,0
1,4,0.2,0.5515,0,0,1511.263,8,2,1,30.1316,647.4943,7,3,7,1.3125,0,0
3,5,0.375,0.4753,0,0,568.8456,10,2,0,30.5425,676.4133,3,4,18,0.6878,1,0
1,1,0.5,0.3056,0,0,550.682,7,0,0,50.4755,1681.6849,13,4,2,1.2995,1,1
1,1,0.5,0.4963,0,0,2163.1614,12,1,1,16.8165,37219.1563,13,3,18,0.7352,0,0
0,5,0.0,0.6133,0,0,1946.9795,6,1,1,109.2597,23469.9855,17,1,10,0.2464,0,0
1,4,0.2,0.5184,0,0,260.1875,12,1,0,83.4518,648447.664,9,4,4,1.092,0,0
0,2,0.0,0.548,0,0,2520.5462,11,1,1,286.3503,475810.1021,2,6,0,1.5601,0,0
14,1,0.9333,0.0077,0,1,4.7475,15,0,0,61.359,2397.8416,2,4,10,1.8869,1,1
1,3,0.25,0.8867,0,0,1357.6172,2,0,1,100.6546,8029.5803,8,4,10,0.3703,0,0
3,2,0.6,0.5368,0,0,6.3292,5,3,1,128.4842,4285.4722,58,55,13,0.6166,1,1
0,2,0.0,0.5912,0,0,1826.9243,3,0,1,93.1317,12678.2102,8,4,4,1.2747,0,0
0,5,0.0,0.7992,0,0,276.2751,5,1,1,1137.2621,104491.1532,16,7,6,0.02,0,0
2,2,0.5,0.9455,0,0,853.8641,1,0,0,15.3991,81332.8606,13,0,1,0.6012,0,0
0,3,0.0,0.872,0,0,2530.5857,8,1,1,28.3572,106607.4027,16,4,1,1.1694,0,0
2,1,0.6667,0.7547,0,0,898.8745,10,2,1,93.4585,90613.1901,4,4,11,0.02,0,0
13,0,0.9521998028864406,0.306526044605837,0,0,-405.1398972563621,11,0,0,-9.239049438316691,55958.630143066606,1,2,4,1.814839043040799,1,1
0,4,0.0,0.829,0,0,1618.1964,10,1,0,34.6462,12339.0638,17,7,11,1.0197,0,0
0,1,0.0,0.5081,0,0,1578.7856,7,1,1,19.814,44339.393,12,4,19,0.5825,0,0
0,2,0.0,0.5406,0,0,2990.6862,4,0,1,2.9183,20407.6298,7,4,2,1.5801,0,0
2,0,1.0,0.017242253654639023,1,8,-260.98549853043465,4,1,0,34.69236860271488,-21948.762090497505,4,4,1,0.8054923676458269,1,1
1,5,0.1667,0.4698,0,0,2158.7169,2,1,1,1036.3589,3563.1539,7,3,1,0.2169,1,0
1,3,0.25,0.8055,0,0,3054.0614,2,2,1,137.7128,16135.457,15,1,5,1.4861,0,0
2,0,1.0,0.3138,0,2,341.2329,2,0,1,43.3856,5681.0592,10,7,3,0.102,1,1
0,4,0.0,0.591182578826545,0,0,3198.098105761246,4,0,1,95.9159303886531,60753.39852600817,9,2,0,0.01740566186021129,0,0
8,1,0.8296816034597992,0.45806750241927735,1,3,407.5138367844332,15,4,0,39.224479208334195,-28669.091478716684,14,5,3,0.2552775794125595,0,0
1,4,0.2,0.8378,0,0,836.2529,11,1,1,167.2594,11071.2702,2,1,15,0.8849,0,0
1,0,1.0,0.4025,0,0,1.4499,1,1,0,71.4784,2939.6409,190,73,14,0.4686,1,1
0,5,0.0,0.5615,0,0,2601.9184,8,0,1,698.9377,9083.7715,2,2,13,1.2231,0,0
1,1,0.5,0.7308,0,0,58.8182,4,1,1,5.6329,684222.6062,1,3,6,1.8023,0,0
5,0,1.0,0.5724,0,2,173.6067,8,0,1,40.7304,5687.2829,11,5,2,1.3305,1,1
3,1,0.75,0.5823,0,0,3153.7189,4,0,1,2.659,29735.9158,15,4,5,0.4673,0,0
1,4,0.2,0.8193,0,0,1736.0901,4,0,0,394.975,13536.6939,15,7,2,0.4448,0,0
0,2,0.11897320389628367,0.916944079565013,0,0,494.22867533775764,12,1,0,257.87880081991227,-32215.108526651224,8,6,13,0.6481215489174631,0,0
1,1,0.5,0.8524,0,0,1568.2084,7,1,1,598.2493,3206.9466,5,5,15,0.733,0,0
0,3,0.0,0.8137,0,0,1173.5835,7,1,1,18.6347,3432.8388,6,6,6,0.6261,0,0
3,2,0.6,0.8797,1,2,1316.0733,10,2,0,12.4084,1049.038,6,8,1,0.5677,0,0
2,4,0.3333,0.8651,0,0,2077.8916,12,1,0,14.2315,6772.8485,6,7,5,2.0147,0,0
1,2,0.3333,0.5316,0,0,414.35,4,0,1,3.3334,1848.8013,2,7,16,1.0383,0,0
13,0,1.0,0.3409,0,1,4.3691,12,0,0,62.6052,14067.4354,1,12,8,2.2379,1,1
21,0,1.0,0.2149,0,1,2.9468,33,1,0,140.0319,18484.6524,2,8,6,2.0657,1,1
2,4,0.3333,0.633,0,0,2503.2702,3,1,1,31.7024,19428.7701,6,3,9,0.5044,0,0
0,3,0.0,0.5006,0,0,1303.5308,9,0,1,23.4234,5222.6699,1,6,5,1.3705,1,0
0,3,0.0,0.4765,0,0,2298.2311,10,2,1,87.9136,800000.0,16,3,9,1.4043,0,0
5,1,0.8333,0.2283,0,1,60.253,7,2,1,13.1156,6266.6241,9,6,1,1.2608,1,1
0,3,0.0,0.7878,0,0,2748.9933,10,1,1,109.5408,44082.3095,1,8,6,1.5041,0,0
1,5,0.1667,0.6028,0,0,1964.9749,8,0,1,114.4985,7562.1414,4,7,12,1.2061,0,0
5,0,1.0,0.1582,0,2,153.6426,5,0,1,36.0311,1833.9755,2,5,1,0.83,1,1
0,4,0.0,0.5702,0,0,2967.1219,12,2,1,47.6363,3520.7345,6,6,12,0.9568,0,0
0,2,0.0,0.619,0,0,3394.4972,8,1,1,59.2491,25048.9882,9,2,10,1.2556,0,1
0,2,0.0,0.7766,0,0,1968.9609,2,2,1,6.3588,29279.3158,8,3,18,0.4837,0,0
1,2,0.3333,0.563,0,0,3512.8159,8,1,1,23.6799,9504.5789,4,0,12,1.0536,0,0
0,1,0.0,0.5188,0,0,3450.1001,4,1,0,670.9702,198.3877,3,4,13,0.3738,0,0
1,5,0.1667,0.5706,0,0,3376.4398,7,0,0,159.1745,218491.8622,2,6,3,0.83,0,0
0,4,0.0,0.8543,0,0,2035.1757,4,0,0,18.6118,171360.864,10,1,18,0.1039,0,0
1,4,0.35422437366291254,0.7111770460729133,0,0,2920.280205273605,9,2,1,96.58366310870394,771350.2217968175,12,0,17,1.633009762327921,0,0
0,5,0.0,0.9877,0,0,393.4902,8,0,1,21.0746,54255.6904,16,5,0,1.5341,0,0
2,3,0.4,0.6274,0,0,1474.5757,4,1,1,46.3834,320.7511,8,2,11,1.0608,0,0
0,5,0.0,0.6879,0,0,779.5011,5,0,0,464.7159,32213.6037,11,0,8,0.3162,0,0
2,1,0.6667,0.7746,0,0,3000.5047,10,0,1,13.8052,299464.804,16,8,16,1.2963,0,0
2,4,0.3333,0.5008,0,0,2615.7794,10,0,1,63.1943,1910.0027,12,4,7,0.1262,0,0
5,0,1.0,0.1949633703708103,1,6,-59.76514099574786,5,0,0,6.34426848177754,-66369.12020717897,4,0,1,1.4407937687241827,0,1
0,2,0.0,0.7748,0,0,3252.1614,5,2,1,828.9519,800000.0,5,1,8,0.9473,0,0
10,1,0.9091,0.1044,0,2,4.3598,58,8,0,16.0661,1906.5798,8,9,13,1.81,0,1
3,0,1.0,0.6764,0,0,10.9602,6,0,0,156.9517,3801.5054,60,16,16,0.6815,1,1
1,1,0.5,0.4515,0,0,1450.2659,12,0,1,306.6109,793.6242,6,3,15,1.0971,1,0
2,0,0.9495707873233464,0.8472885349960062,0,0,-498.9059719163929,2,3,0,51.088622023739106,-80051.53621890892,204,97,26,0.2697813057221557,0,1
4,0,1.0,0.44798593038506784,0,1,1071.4658578614267,8,0,0,174.0681334260295,21107.35869892697,11,1,0,1.3210407085646252,1,1
1,1,0.4634591866032207,0.8103878299504392,0,0,168.95240702096612,12,0,1,522.6632017686285,-30462.65672915498,5,7,15,0.9284514847881803,0,0
1,3,0.25,0.6762,0,0,2073.2526,7,0,0,190.6727,17508.5071,17,4,10,0.1778,0,0
0,1,0.0,0.881,0,0,1962.1009,10,1,1,92.6968,68575.3121,14,2,5,0.3054,0,0
10,0,1.0,0.4932,0,0,11.4673,13,2,0,36.962,4835.7015,8,10,3,2.176,0,1
4,0,1.0,0.2414,0,0,374.3585,8,2,1,51.9929,8996.9985,14,4,4,0.9333,1,1
2,1,0.6667,0.5139,0,0,2923.634,8,1,1,26.1091,6332.9207,3,6,15,0.9853,0,0
0,3,0.0,0.91,0,0,261.3004,4,2,0,774.2008,24318.3011,5,6,13,1.4662,0,0
0,3,0.0,0.4727,1,2,2248.488,3,1,1,143.3826,9557.4807,13,3,13,1.5056,0,0
0,2,0.0,0.7728,0,0,2388.1943,2,2,1,14.7274,1236.64,12,3,12,0.975,0,0
0,3,0.0,0.9704,0,0,2902.4357,4,0,1,12.1738,80766.1247,12,3,5,0.9616,1,0
1,1,0.5,0.8208,0,0,3436.9114,7,0,1,39.2171,4224.0271,10,3,2,1.5511,0,0
1,0,1.0,0.4707,0,1,585.7305,8,0,1,36.7892,1902.6566,5,5,5,1.1127,1,1
1,1,0.5,0.9352,0,0,1952.7442,9,2,1,1200.0,2323.6146,1,4,13,2.139,0,0
15,0,1.0,0.4817,0,0,3.0068,36,0,0,145.6548,11836.0785,3,4,3,2.0433,0,1
1,0,1.0,0.4324,0,0,4.078,9,0,0,235.6725,4500.7897,53,71,27,0.0795,1,1
5,1,0.8333,0.1302,1,3,3.0169,20,7,0,43.1972,14370.2849,8,6,10,1.2502,1,1
0,1,0.0,0.7735,0,0,889.947,5,2,1,1200.0,40806.9545,15,3,15,0.02,0,0
0,1,0.0,0.8272,0,0,1020.4886,1,2,0,11.1872,44128.9919,13,3,17,0.8708,0,0
0,1,0.0,0.7776,0,0,910.553,9,0,0,1200.0,258508.3678,4,7,5,0.9907,0,0
0,5,0.0,0.8757,0,0,2002.8202,4,1,1,74.3829,12000.9917,3,4,7,0.02,0,0
0,5,0.0,0.9842,0,0,2159.9119,6,0,0,388.5045,70020.1553,15,4,5,0.2594,0,0
3,4,0.5413007018749284,0.5173564563251986,0,0,957.3256812559837,10,2,1,-153.63264883642444,30922.772596688395,11,8,15,1.550451405710878,0,0
1,1,0.5,0.6005,0,0,3234.6819,10,0,1,452.2825,159322.7463,2,1,5,0.641,0,0
0,1,0.0,0.5904,0,0,1859.0916,9,0,1,5.6276,32555.7056,16,3,18,1.064,0,0
1,1,0.5,0.6753,0,0,3452.5693,2,2,1,14.9783,47804.9682,14,3,15,0.1405,0,0
0,1,0.0,0.6888,0,0,251.0819,10,1,0,38.8981,36756.7779,8,2,3,0.7612,0,0
0,4,0.0,0.8663,0,0,3230.4515,9,1,1,118.4973,579.1112,15,8,15,1.743,0,1
0,2,0.0,0.4646,0,0,3.1363,8,2,1,196.3839,4389.1483,229,47,17,0.034,0,1
23,1,0.9583,0.3739,1,0,6.5991,32,1,0,122.3133,19080.3959,2,11,6,1.9238,0,1
0,5,0.0,0.6013,0,0,2146.2882,9,0,1,174.599,13637.057,5,7,2,0.7161,0,0
1,3,0.25,0.5536,0,0,3467.7535,7,2,1,5.4579,53963.2715,3,6,9,1.3958,0,0
0,1,0.0,0.635647123629194,0,0,2705.3645138824077,11,2,1,126.4674324327666,358.0415903918856,6,4,7,0.5269116891693214,1,0
0,5,0.0,0.8966,0,0,3237.9138,11,1,1,469.5527,7011.6936,7,6,19,0.5527,0,0
0,1,0.0,0.6073534199900683,0,0,1960.4284616887367,5,2,1,-20.09325037719448,152979.94617140153,14,0,19,0.1925530461837819,0,0
1,2,0.3333,0.471,0,0,2345.9375,8,0,1,142.6339,26629.8881,8,6,3,1.1579,0,0
1,4,0.2,0.7412,0,0,2217.9922,6,0,1,161.354,434.2775,1,4,15,1.5596,0,0
1,3,0.25,0.6448,0,0,3503.3453,9,0,1,1200.0,14563.2567,14,0,9,1.3973,0,0
1,5,0.1667,0.5021,1,1,952.6306,8,2,0,6.5532,800000.0,13,1,12,0.02,0,0
1,3,0.25,0.7598,0,0,1968.0713,3,1,1,368.2869,18310.9545,5,2,0,0.5214,0,0
1,1,0.5,0.9174,0,0,316.1887,3,2,0,29.6148,17659.5539,1,2,14,1.1703,0,0
2,5,0.2857,0.8673,0,0,345.7096,12,0,1,677.5734,115125.4469,16,8,4,0.9569,0,0
1,3,0.25,0.5121,0,0,158.4801,7,1,1,109.0474,10316.442,1,6,8,1.6704,0,0
0,3,0.0,0.455,0,0,1853.3362,6,1,1,47.0497,2511.8649,3,1,11,0.2235,0,0
1,5,0.1667,0.6624,0,0,2704.4494,12,2,1,600.2773,255255.826,5,0,12,0.02,0,0
1,3,0.26493792180768194,0.7173705922580147,0,0,2780.9420203615723,10,0,1,115.07956994837491,84073.15899814581,16,7,15,1.2338404046038802,1,0
1,5,0.1667,0.9535,0,0,3298.2558,12,0,1,376.4158,27545.0519,1,8,9,1.038,0,0
5,0,1.0,0.1758,0,0,11.9086,31,2,0,50.4463,13119.0933,7,7,3,0.883,1,1
0,1,0.0,0.7834,0,0,952.1213,1,1,0,179.9707,2034.3796,17,0,5,1.4028,0,0
0,5,0.0,0.5581,0,0,2737.8102,12,2,1,12.7631,1878.678,4,5,17,0.3302,0,0
0,3,0.0,0.8644,0,0,751.437,9,1,1,101.3812,39244.8222,2,7,11,1.3782,0,0
0,3,0.0,0.6256,0,0,690.2144,12,2,1,48.4625,800000.0,9,2,2,1.7762,0,0
0,5,0.0,0.681,0,0,1870.1515,6,2,1,157.4196,269493.2616,5,4,15,0.1676,1,0
8,1,0.8889,0.08,0,3,4.9711,39,2,0,61.179,14657.7246,8,7,11,1.7517,1,1
0,2,0.0,0.95,0,0,1520.7297,6,1,0,38.3336,13426.8529,15,5,0,0.6851,0,0
1,1,0.5,0.8128,0,0,812.3979,8,1,1,34.2082,259891.4894,9,3,16,1.2259,0,0
2,4,0.3333,0.5177,0,0,1887.5779,6,2,1,17.5773,2621.522,8,0,11,1.707,1,0
0,3,0.0,0.8796,0,0,2025.7755,3,2,1,8.8572,15039.9132,11,5,5,1.2826,1,0
1,1,0.5,0.5275,0,0,676.0704,10,2,1,887.9909,4518.9312,11,0,18,0.7521,1,0
0,2,0.0,0.9206,0,0,1792.3501,10,1,0,13.3692,570403.6464,14,8,15,1.1198,0,0
0,3,0.0,0.8017,0,0,2058.2056,10,0,0,260.3916,49217.1411,6,3,19,1.4802,0,0
5,1,0.8333,0.2793,0,1,201.196,2,1,1,39.4616,2264.4776,14,0,2,1.1103,1,1
5,1,0.8333,0.3488,0,0,237.7055,1,0,1,14.3215,7246.9525,11,4,2,0.2873,1,1
3,0,1.0,0.2409,0,0,15.167,21,1,0,132.7326,9313.8476,7,13,9,1.3023,0,1
4,1,0.8,0.574,0,1,176.6001,7,1,0,6.6261,797.6687,15,6,2,0.9004,1,1
0,2,0.0,0.795,0,0,2919.9952,4,0,1,165.0817,28430.0789,14,7,9,0.9599,1,0
0,1,0.0,0.8392,0,0,44.3558,10,2,1,68.3616,2305.0254,7,1,11,1.4934,0,0
0,2,0.0,0.8797,0,0,3135.1744,1,2,1,51.1611,10942.6128,16,2,7,0.6922,1,0
0,5,0.0,0.8237,1,1,1325.9483,1,2,1,24.1657,315695.484,16,0,11,0.2649,0,0
11,0,1.0,0.5422614946290586,0,3,340.2240029742055,46,2,0,1.4148516078191449,-90140.67623424341,2,1,6,1.9528972040618464,0,1
0,5,0.0,0.7869,0,0,1674.4437,7,2,0,1200.0,49486.2381,11,6,18,1.0438,0,0
4,1,0.8,0.3702,0,0,15.0662,36,0,0,95.9459,5556.8182,1,2,11,1.6637,0,1
22,2,0.9167,0.4841,0,1,15.2119,24,2,0,97.0411,6318.549,2,14,9,2.4137,1,1
11,0,0.9105007837012649,0.06698367723293665,1,0,-352.2313223847468,22,1,0,229.3280628666737,2138.558735834189,3,13,2,2.189529450362078,1,1
1,2,0.40777017941116944,0.7179209199496888,0,0,304.0355613233755,2,3,0,167.5609936249497,19635.250058755293,232,26,10,0.5002961466834749,1,1
0,2,0.0,0.5693,0,0,1712.4288,6,0,1,272.9809,16889.3142,4,1,3,1.5691,1,0
0,5,0.0,0.4768,0,0,2633.3841,10,2,1,29.2813,27334.8055,11,1,5,0.6881,0,0
1,0,1.0,0.5944,0,1,79.3665,8,0,0,10.053,4188.9491,14,0,0,0.8382,1,1
0,2,0.0,0.5477,0,0,1710.4175,12,0,1,1200.0,800000.0,5,6,19,1.7246,0,0
7,1,0.875,0.0758,0,0,19.0122,20,2,0,25.4511,4191.6127,5,8,10,1.8295,1,1
0,3,0.0,0.7687,0,0,788.5491,4,1,1,212.0151,79848.0524,14,2,11,0.7289,0,0
0,5,0.0,0.469,1,1,3585.758,2,1,1,214.5674,10053.8558,17,6,7,0.5396,0,0
2,2,0.5,0.5027,0,0,1.7127,5,3,0,161.4646,504.1267,53,16,26,0.6551,0,1
5,2,0.7143,0.4998,1,1,10.2038,15,2,0,106.4473,16101.4806,4,10,10,2.3992,0,1
0,1,0.0,0.5595614629992076,0,0,2818.371013269507,2,2,1,140.33210051045825,307.36668228326016,15,6,0,1.0772801545172965,0,0
5,1,0.6817089284482437,0.26641423249422236,0,1,542.0330338383861,3,1,1,102.45672851445036,44413.545784366055,7,9,3,1.4843303024579555,1,1
2,4,0.3333,0.515,0,0,2695.7894,9,2,1,4.6145,33572.9652,17,4,7,1.9596,0,0
2,1,0.6667,0.6312,0,0,278.9626,9,1,0,155.7387,2059.2561,11,1,10,1.0119,0,0
4,1,0.8,0.4106,1,2,4.4546,34,5,0,23.3504,14008.9183,14,6,3,1.2549,0,1
0,3,0.0,0.6862,0,0,2407.5796,12,0,1,52.8013,5298.5062,7,6,0,0.1109,1,0
1,3,0.25,0.8627,0,0,982.8673,7,1,0,63.6208,7706.6316,14,5,7,0.1826,0,0
0,0,0.0,0.4465,0,0,13.5029,2,2,1,212.3166,2279.5119,296,52,9,0.6862,0,1
0,4,0.0,0.7470114242151767,0,0,2401.6355722470767,2,2,1,-56.59074279193882,-62279.14839065969,8,0,17,0.5633420845604173,0,0
0,4,0.0,0.8179918493456292,0,0,3093.4694432845963,6,1,1,7.078022512478874,-31624.399552217015,8,8,10,1.8408724204664308,0,0
1,5,0.1667,0.8792,0,0,2655.8973,11,0,1,43.0534,3357.6668,15,5,4,0.8228,1,0
0,3,0.0,0.9587,0,0,2684.6181,6,2,1,265.3592,91165.8946,1,0,8,1.1016,0,0
7,1,0.875,0.5303,1,2,1.0529,38,3,0,73.8681,13690.9873,6,2,10,0.347,1,1
1,3,0.25,0.961,0,0,2579.7997,10,0,1,330.2942,165290.4814,14,5,8,1.4208,0,0
2,0,1.0,0.4344,0,0,7.2206,5,2,1,236.9193,1725.4719,171,71,27,1.2285,1,1
1,1,0.5,0.8974,0,0,1564.2751,4,1,1,48.3191,800000.0,7,1,12,0.0662,0,0
11,1,0.9167,0.5385,0,2,5.6238,25,6,0,89.5286,3808.5823,10,9,12,0.8461,0,1
2,1,0.6667,0.8705,0,0,1357.666,1,2,1,67.862,273228.6145,14,7,3,1.961,0,0
5,0,1.0,0.0735,1,1,9.3147,21,9,0,14.7282,10325.5213,7,1,7,1.6172,0,1
4,0,1.0,0.4357,1,8,48.4129,2,0,0,17.7402,5762.0256,5,2,2,0.8015,1,1
1,5,0.1667,0.9692,0,0,2510.9476,10,1,1,61.9613,3712.3062,5,0,14,1.3957,0,0
0,1,0.0,0.52,0,0,1.116,9,0,1,93.8436,1351.5373,275,43,8,0.5407,0,1
0,1,0.0,0.9497,0,0,1147.7283,4,1,0,92.3879,14035.292,12,6,6,0.02,0,0
10,1,1.0,0.4894435397025615,1,3,227.26699854429685,42,9,0,5.818203260401937,-29136.79549456092,6,8,6,1.301929781245997,0,1
2,4,0.3333,0.5352,0,0,1831.079,7,0,1,1090.3795,10967.1663,11,6,6,1.3249,1,0
0,5,0.0,0.6849,0,0,1584.8845,10,0,1,117.3234,10136.6802,1,0,19,1.1054,0,0
1,2,0.3333,0.6387,0,0,1705.5494,7,2,1,71.2696,31612.2159,9,4,9,0.7388,0,0
1,3,0.25,0.6271,0,0,1782.598,10,1,1,1200.0,2664.5849,12,6,4,0.8072,0,0
0,4,0.0,0.9715,0,0,1177.5037,11,1,1,249.8608,800000.0,10,8,11,1.0497,0,0
2,5,0.2857,0.978,0,0,656.8705,7,2,1,877.2269,13398.9941,15,2,1,1.2414,0,0
1,3,0.25,0.4803,0,0,3015.4434,8,0,1,231.6364,31135.1655,7,2,5,2.131,0,0
1,5,0.1667,0.9155,0,0,1717.0338,10,2,1,33.0016,5379.2229,11,7,17,1.0618,1,0
1,4,0.2,0.8096,0,0,852.4482,5,2,1,1200.0,269082.4097,5,1,3,0.8401,0,0
1,2,0.3333,0.9622,0,0,772.7809,7,1,1,567.3933,81926.6211,13,4,19,1.0051,0,0
3,0,1.0,0.2543,0,1,439.5164,7,2,1,31.0179,3520.7703,6,1,3,2.2656,1,1
0,3,0.0,0.6544,0,0,3247.9157,2,1,1,345.7759,14027.2219,1,8,7,0.597,0,0
5,0,1.0,0.2115,0,0,123.2431,9,1,0,45.2396,2348.0278,6,1,3,0.9043,1,1
1,1,0.5,0.2577,1,5,30.3889,6,0,0,19.0784,2435.1882,4,1,0,1.2534,0,1
1,3,0.25,0.9018,0,0,2422.9327,4,2,0,22.1953,2517.0454,7,6,2,0.9411,1,0
3,1,0.682760077813996,0.49237007536353233,1,1,129.67454859849406,42,7,0,-95.52531128209876,20072.791384138844,5,5,10,1.9699753830830802,1,1
0,1,0.0,0.8413,0,0,2190.8799,4,0,1,116.1491,3942.8322,8,1,5,0.8342,0,0
1,1,0.5,0.8005,0,0,1701.8107,6,0,1,72.5086,2660.1368,6,3,7,0.8091,0,0
0,2,0.0,0.8746,0,0,3352.6922,5,0,1,782.4304,7380.3077,6,0,9,1.5302,0,0
7,0,1.0,0.265,1,5,20.3335,2,0,0,14.1782,4964.231,7,2,1,1.3364,1,1
0,4,0.0,0.9018,0,0,236.2802,6,2,1,97.0414,1374.796,15,6,17,1.0914,0,0
0,5,0.0,0.7769,0,0,3509.1867,12,1,1,4.4335,2033.2001,4,3,6,0.8781,1,0
0,2,0.0,0.7326,0,0,2453.4724,2,1,1,20.5561,224286.4229,11,4,2,1.3138,0,0
0,5,0.0,0.7069,0,0,1455.7821,11,2,1,77.5198,3871.6871,17,8,18,0.6797,0,0
1,2,0.3333,0.9521,0,0,990.2943,5,0,1,52.1437,1158.4296,6,6,16,0.6876,0,0
1,3,0.25,0.5257,0,0,3060.2178,8,2,1,58.59,3183.5369,1,4,7,0.1748,0,0
1,5,0.1667,0.9745,0,0,2410.6331,1,1,1,253.9965,262359.7608,12,4,1,0.7471,1,0
6,0,1.0,0.4714,0,3,2.7454,34,5,0,64.2902,8664.0965,3,3,4,0.7381,1,1
1,5,0.1667,0.7237,0,0,3049.6494,1,0,1,28.9969,89222.5208,6,0,1,0.9958,0,0
1,5,0.1667,0.7187,0,0,3462.612,12,1,0,85.747,33236.2072,5,6,2,1.5202,0,0
0,2,0.0,0.5555,0,0,573.7917,3,2,1,133.4621,41742.5071,7,8,5,0.882,1,0
0,3,0.06367634543994852,0.5445369481300265,0,0,2763.0965803026675,4,1,1,105.58445954149298,260583.93957816114,12,7,13,0.0,0,0
0,1,0.0,0.4877,0,0,314.7765,4,2,1,1200.0,8886.9157,16,4,10,1.3303,0,0
5,0,0.9568834952727162,0.06517084514356183,1,4,38.353167515423436,5,1,0,-14.646199331352655,14226.293866336717,1,0,1,1.2377358908977605,0,1
0,2,0.0,0.5148,0,0,2099.4703,8,2,1,494.2659,29069.4316,7,7,8,0.1628,0,0
0,4,0.0,0.5779,0,0,172.4325,8,0,0,36.8866,53828.0086,11,6,2,0.7455,0,0
0,2,0.0,0.7472,0,0,1225.2497,9,2,0,1200.0,14616.6179,2,4,5,1.4125,0,0
0,3,0.0,0.5442,0,0,2210.5303,2,0,0,393.8168,103394.87,5,6,19,1.064,0,0
1,5,0.1667,0.7237,0,0,3415.1781,6,1,1,163.1866,11568.5374,4,8,3,0.0272,0,0
0,1,0.0,0.697016498260523,0,0,-36.369365235084736,4,1,0,143.6886205360857,70512.30153092688,185,76,16,0.5505045935144354,1,1
0,5,0.0,0.7485,0,0,3389.5756,10,1,1,28.2547,12469.1649,12,7,11,0.8233,0,0
0,4,0.0,0.5294,0,0,3206.4018,9,2,1,270.5988,20865.266,8,8,14,1.2885,0,0
0,5,0.0,0.8112,0,0,1216.7878,8,2,1,1200.0,61703.6093,3,0,8,0.399,0,0
2,1,0.6667,0.4839,0,0,622.6629,1,0,1,405.9008,2443.6454,15,4,14,1.5139,0,0
0,2,0.017149921248261132,0.927031082900927,0,0,1377.3459160985053,4,2,1,210.7932044127063,98563.92879762908,8,7,2,1.2096837787391073,0,0
6,0,0.8644576398362616,0.0,1,5,-108.24949161730456,7,0,0,71.4157468737847,49565.14020446186,6,5,0,0.998627624385031,0,1
1,3,0.25,0.6366,0,0,1034.0583,5,1,0,469.5638,3267.9835,1,6,18,1.3207,0,0
3,1,0.8916608776476423,0.1293235779563346,1,7,-128.70608816996952,9,0,0,12.965661244212473,-40743.56937729331,2,0,1,0.4819882810325542,0,1
4,1,0.835478119423686,0.5034063318446025,0,0,494.6847876585904,8,2,0,52.36744703792358,-41561.72632684801,5,9,2,1.1823272454199507,1,1
1,1,0.5,0.4695,0,0,122.36,7,2,1,99.1062,54540.9347,14,2,14,1.0412,0,0
19,2,0.9048,0.5716,0,0,11.9573,39,2,0,125.1275,13990.3318,5,13,6,1.6847,0,1
1,4,0.2,0.7385,0,0,3274.5623,3,1,1,162.1708,787268.0704,11,2,13,1.4338,0,0
1,3,0.25,0.6241,0,0,753.4803,7,2,1,254.5265,13810.6886,5,6,0,1.3969,0,0
0,4,0.0,0.6125,0,0,3523.4863,4,1,1,6.4429,326255.2098,17,4,5,1.4076,0,0
20,1,0.9524,0.1812,1,0,19.2595,38,0,0,73.4562,4093.2523,4,4,5,1.1927,1,1
0,2,0.0,0.5184,0,0,3436.3456,7,0,1,210.2232,11402.6652,11,4,6,1.5133,0,0
1,5,0.1667,0.713,0,0,695.9789,4,1,1,58.0171,15306.1543,16,8,3,1.4361,0,0
5,1,0.8333,0.0716,1,4,4.5692,6,0,0,8.0187,1754.8189,3,1,2,1.5127,0,1
11,2,0.8462,0.2126,1,1,5.9537,31,0,0,140.4576,9542.4499,6,9,3,1.0625,0,1
1,2,0.4117394906200279,0.5852879740468233,0,0,3451.207917528638,12,0,1,34.10707633800983,762163.6956087085,5,2,11,0.14149757821885062,0,0
1,2,0.3333,0.7286,0,0,2628.178,12,1,1,896.358,800000.0,4,8,6,1.5386,1,0
8,0,1.0,0.5455,0,0,4.7181,28,6,0,31.1346,4312.559,8,5,8,0.8999,0,1
2,2,0.5,0.6196,0,0,765.1277,10,0,0,27.7896,81355.5968,15,0,13,0.6482,0,0
2,4,0.3333,0.8142,0,0,3003.615,3,0,0,64.4593,666133.6986,12,7,3,0.7685,0,0
1,5,0.1667,0.6011,0,0,3318.4553,6,1,1,614.2596,234414.5231,16,4,10,1.4173,0,0
0,1,0.0,0.974,0,0,3262.4654,7,2,1,1200.0,52630.6504,5,2,10,0.9661,0,0
1,3,0.25,0.4738,0,0,465.2851,5,0,1,12.3504,1451.2654,4,4,11,0.6356,0,0
3,1,0.75,0.8737,0,0,14.1183,2,0,0,243.5127,734.2148,248,11,9,0.3068,1,1
5,0,1.0,0.3487,1,0,18.6045,28,1,0,71.1944,2279.9358,5,2,10,1.8411,0,1
0,3,0.0,0.4672,0,0,3029.6058,8,2,1,2.9168,37433.0198,15,0,6,1.6795,0,0
0,2,0.0,0.4628,0,0,685.925,9,2,1,61.4643,55873.3579,3,8,10,1.128,1,0
0,1,0.0,0.8739,0,0,2640.3866,6,0,0,28.1271,341747.3201,14,2,14,0.1476,0,0
0,5,0.0,0.9087,0,0,2167.9197,7,1,1,7.1701,40958.8655,6,2,1,1.279,1,0
2,5,0.2857,0.563,0,0,1682.1106,12,0,1,190.0075,53457.157,9,1,4,1.2314,0,0
0,3,0.0,0.6325,0,0,1464.8417,11,2,1,71.0241,800000.0,9,4,8,1.1129,0,0
2,0,1.0,0.265,1,7,41.7284,5,0,0,10.5222,5293.8924,1,1,0,0.919,0,1
7,0,1.0,0.4142,1,9,2.7432,2,1,0,6.0097,1546.9229,4,3,2,0.9437,0,1
0,0,0.0,0.5776,0,0,7.6054,6,2,0,159.7409,530.1916,88,60,27,0.1824,0,1
10,2,0.8333,0.015,0,0,15.1545,11,0,0,69.3664,8118.9025,2,4,8,1.8441,0,1
3,0,1.0,0.3271,0,0,6.3984,6,3,1,73.1181,1003.2832,62,81,11,0.1653,1,1
1,2,0.3333,0.6157,0,0,1960.142,9,0,1,1200.0,1266.1447,13,7,5,0.4758,1,0
0,3,0.0,0.6588,0,0,1222.5668,5,0,1,81.0037,6930.269,1,3,12,1.0164,0,0
0,1,0.0,0.5325,0,0,3441.7541,7,2,1,16.8246,1940.0621,15,1,9,0.6647,0,0
0,2,0.0,0.5305,0,0,142.315,4,2,1,584.2154,4432.404,4,8,13,1.1789,1,0
1,2,0.3333,0.8971,0,0,2819.7821,2,1,1,55.5348,570.0469,10,3,14,0.8414,1,0
1,2,0.3333,0.9216,0,0,1538.1092,11,2,1,15.8398,37857.6478,4,0,8,1.9727,0,0
0,1,0.0,0.6049,0,0,1004.4675,1,0,1,10.3039,455628.4893,8,1,16,0.5032,0,0
5,1,0.8333,0.0844,1,9,34.6562,6,0,0,12.7409,4275.0239,2,2,2,0.8279,0,1
0,5,0.0,0.8910254063786675,0,0,1660.1744753552307,6,2,0,1230.9225887720531,900893.1170331266,5,3,1,0.8135047538523413,0,0
1,4,0.21425600743810536,0.9627354721779879,0,0,2081.202414685527,12,1,0,452.448288261365,45286.81854465722,1,7,12,0.11031273164750252,0,0
0,1,0.0,0.6304,0,0,424.0012,6,1,0,159.4841,88514.5816,16,7,5,0.5159,0,0
0,3,0.0,0.8623,0,0,1474.4368,10,1,1,135.2421,777734.4205,1,8,16,1.1475,0,0
9,2,0.8182,0.5135,0,1,5.9031,17,2,0,104.6685,6105.0754,6,6,8,3.138,1,1
2,2,0.5123032828292485,0.5290694411462689,1,1,421.1664883679301,12,2,1,95.82967547427529,231424.49842464115,7,4,16,0.4367389773933964,0,0
0,1,0.0,0.6083,0,0,1469.1545,5,0,1,928.2161,702925.5047,1,3,15,0.2464,0,0
0,3,0.0,0.6923,0,0,3220.066,1,2,1,97.267,601928.7694,9,1,6,1.1451,0,0
0,3,0.0,0.5294,0,0,3428.524,11,0,0,240.0326,5935.9117,15,3,5,1.566,1,0
0,2,0.10440427237180455,0.9973161567186296,0,0,2106.894109705381,9,0,1,1143.9588947375432,164139.01330978138,2,3,10,0.0,0,0
9,0,1.0,0.0448,1,1,3.4675,28,6,0,16.5609,8209.5857,14,8,6,1.2381,1,1
6,1,0.8571,0.0486,0,2,3.6423,21,7,0,39.9434,1060.2629,1,6,5,0.7669,1,1
0,2,0.0,0.976,0,0,2162.9893,6,2,0,266.1641,730131.4924,13,6,6,1.1428,0,0
0,3,0.0,0.8307,0,0,2066.0247,5,0,1,62.4076,118949.1709,11,5,13,1.6954,0,0
7,0,1.0,0.4176,1,8,27.3915,2,0,0,27.9648,4750.9947,5,1,1,0.1374,1,1
3,0,0.8585651438520974,0.29297687799648914,0,2,99.78671115047558,4,1,1,64.0576752089019,-9437.390656461255,15,7,1,0.9038985722048841,1,1
0,4,0.0,0.4773,0,0,2789.5426,2,1,1,188.7688,54573.7826,9,0,11,0.02,0,0
1,3,0.25,0.7536,0,0,1760.7605,11,2,1,142.099,1613.76,13,8,9,0.8864,0,0
3,1,0.75,0.4569,0,2,335.004,9,1,1,18.3153,2598.2223,2,4,0,0.9226,1,1
1,1,0.5,0.6616,0,0,2610.2048,11,1,0,86.9109,1825.9058,8,1,9,0.6697,0,0
0,4,0.0,0.8975,0,0,2729.9856,5,0,1,49.0132,76644.8213,2,5,17,0.9134,0,0
1,0,1.0,0.5075,0,0,12.4776,3,1,0,85.5772,3219.0392,262,29,27,0.573,0,1
0,3,0.0,0.464,0,0,1016.7332,5,2,0,469.2884,65607.8367,17,8,17,0.8667,0,0
0,2,0.0,0.8069,0,0,2887.3978,12,0,0,1200.0,93185.4096,13,5,18,0.6245,0,0
0,1,0.0,0.5789043216324623,0,0,660.3625082900166,11,0,1,1091.8772821416335,-5521.563372481531,13,2,12,1.2289930246885876,0,0
0,1,0.0,0.8036,0,0,933.2863,5,0,1,238.7579,5361.7976,10,7,5,1.5043,0,0
0,4,0.0,0.9251,0,0,1961.6632,12,2,0,56.818,41565.9308,3,0,0,0.6617,0,0
1,5,0.1667,0.8492,1,2,841.8031,3,1,0,1200.0,5245.5155,2,6,17,1.9464,0,0
1,5,0.1667,0.4969,0,0,43.4413,7,0,1,87.9549,24799.0527,10,3,7,1.9019,0,0
0,3,0.0,0.5261496588915091,0,0,1739.8205120151408,8,1,1,1239.5846353034128,49978.162295587055,7,7,12,1.1035660668572076,1,0
2,1,0.6667,0.659,0,0,6.3112,1,1,1,80.1885,631.6892,176,47,8,0.5935,1,1
0,2,0.0,0.6476,0,0,33.6432,10,1,1,148.58,61805.4716,14,8,15,1.1534,0,1
0,5,0.0,0.7377838032836183,0,0,2866.7337112944792,10,1,1,257.0136514183544,34111.27865071534,8,5,7,1.162821663005097,0,0
0,5,0.0,0.6383,0,0,851.6448,6,2,1,933.8806,89799.9666,2,6,14,1.2489,0,0
0,1,0.0,0.7082,0,0,1440.7316,1,2,1,543.0169,94278.7888,9,2,6,1.7285,0,0
1,3,0.25,0.8503,0,0,1542.0061,12,0,1,30.744,50554.9595,9,0,18,1.2956,0,0
0,1,0.0,0.7479,0,0,1821.4635,6,2,1,102.9946,436241.7757,17,5,6,1.3874,0,0
0,4,0.0,0.7410148945331818,0,0,525.7074399502371,3,2,1,1202.0526407066893,326421.8019522953,11,5,3,0.8037753224700281,0,0
2,3,0.23678160006032686,0.6604478674949508,0,0,2807.4456401696157,3,2,1,387.7885055133267,195101.21817153943,13,0,13,0.09075805545115703,0,0
6,1,0.8571,0.2669,1,9,55.3412,7,1,0,22.9975,3882.3996,4,1,3,0.9427,0,1
6,1,0.8571,0.4389,1,8,35.0176,11,0,0,14.9357,1005.4891,4,5,3,0.8225,0,1
2,1,0.6667,0.6444,0,0,2102.229,3,1,1,415.8899,235613.028,11,6,16,1.1621,0,0
1,1,0.5,0.6018,0,0,1054.9302,5,0,0,508.3445,16951.8,15,4,18,1.1133,0,0
1,3,0.25,0.9074,0,0,178.7405,2,2,1,642.7745,8677.8443,15,5,2,1.0136,0,0
9,1,0.9,0.3211,0,1,7.0928,16,0,0,62.6247,11388.9909,4,14,2,0.1454,1,1
0,5,0.0,0.6688,0,0,1789.4761,12,2,0,1200.0,31856.5731,3,3,15,0.02,0,0
1,2,0.3333,0.7876,0,0,0.2533,7,2,0,76.3663,2652.5822,146,95,19,1.0464,0,1
0,5,0.0,0.8341,0,0,1699.0161,12,2,1,759.8905,4463.022,12,2,17,0.8157,0,0
1,5,0.1667,0.675,0,0,962.4713,2,2,1,339.3762,947.6102,2,1,10,0.8366,0,0
0,3,0.0,0.8426,0,0,1924.2465,2,2,1,16.3327,297201.5509,17,3,16,0.783,0,0
1,2,0.3333,0.5081,0,0,3383.5055,9,2,1,23.1484,800000.0,17,5,2,0.8988,0,0
0,1,0.0,0.4699,0,0,2764.8364,10,1,0,1200.0,98771.9088,13,1,15,1.4092,1,0
1,1,0.4178403655671364,0.6808963165264944,0,0,889.9712492389457,12,0,1,-104.4525257826686,14768.871510030225,14,3,15,0.8147803647329869,0,0
0,5,0.0,0.5434,0,0,1486.654,6,1,0,1127.2693,48076.7254,4,8,2,1.1421,0,0
0,4,0.0,0.9764,0,0,1964.1167,11,2,0,66.6223,800000.0,11,4,1,0.9396,0,0
1,5,0.1667,0.5049,0,0,1577.3885,11,1,0,419.1348,6337.6336,15,8,12,1.2912,0,0
0,5,0.0,0.519,0,0,542.0306,2,2,0,2.5053,39366.0332,3,3,18,0.4181,0,0
0,1,0.0,0.9568,0,0,1736.0517,12,2,0,52.4955,45914.1176,2,3,6,1.4502,0,1
1,4,0.2,0.8993,0,0,2270.4242,9,1,1,208.7382,664015.0459,6,0,0,0.6073,0,0
2,0,1.0,0.7818,0,0,14.2504,5,1,1,187.8545,3538.4103,128,69,13,0.4867,0,1
19,1,0.95,0.4081,0,0,2.6887,18,0,0,115.8532,5887.2955,9,9,8,0.9683,1,1
5,1,0.7916638605551121,0.13957977583656647,0,0,203.52839763500594,20,9,0,-58.97573887463254,41838.4079041024,13,8,11,2.615354100942331,0,0
1,3,0.25,0.8021,0,0,3586.9374,7,1,1,7.6609,800000.0,16,0,4,1.1015,0,0
2,4,0.39096227767869207,0.9054942809261518,0,0,310.35788057145066,7,1,1,211.34897882960044,80035.10243226125,5,7,12,1.3085342242511788,1,0
2,0,1.0,0.3766,1,6,59.8493,2,0,0,23.356,4396.2041,3,0,3,0.5983,0,0
0,1,0.0,0.8405,0,0,1790.2356,9,2,1,111.6543,92387.4266,14,6,12,0.9507,0,0
2,5,0.2857,0.7745,0,0,2126.9089,2,0,1,1200.0,113113.2628,10,5,13,1.9565,0,0
2,5,0.2857,0.6617,0,0,1783.487,3,2,0,27.3397,18586.6245,15,7,3,0.126,0,0
1,2,0.3333,0.8705,0,0,1011.7224,6,1,1,52.1758,203339.3235,1,0,14,1.4727,0,0
0,2,0.0,0.5271800825067343,0,0,1118.1470544252097,1,0,1,30.23519943126179,386330.092357302,3,3,7,1.3158790750100882,0,1
0,2,0.0,0.9873,0,0,2926.5203,2,0,0,57.5491,39983.1094,3,8,3,0.5876,0,0
0,4,0.0,0.7153,0,0,1421.3775,4,2,1,101.6934,1997.5971,16,5,17,0.2283,0,0
7,0,1.0,0.1526,1,5,56.174,8,1,0,17.1187,5186.3912,3,3,1,1.1054,0,1
0,5,0.015565327714516308,0.7627214201802317,0,0,2191.4782889507164,1,1,1,4.5779119083614965,-100517.21559598284,14,4,16,1.0239949300664868,0,0
1,5,0.1667,0.8149,0,0,1113.8053,10,1,0,145.4451,51518.0057,14,0,10,0.8337,0,0
8,1,0.8889,0.4646,0,1,8.6647,39,6,0,17.8339,9961.9306,11,11,4,1.7166,0,1
0,1,0.0,0.5878,0,0,1822.1389,3,2,1,16.3244,251156.6494,13,0,5,1.1518,0,0
3,1,0.75,0.4707,0,1,83.8829,7,1,0,48.5694,2599.9059,11,1,4,1.2416,1,1
7,0,1.0,0.1606,1,1,9.663,23,9,0,47.4072,14610.2834,2,4,7,1.0576,1,1
1,2,0.3333,0.9476,0,0,722.9252,4,2,1,619.4376,1701.9325,8,7,7,0.8812,0,0
0,4,0.0,0.8493,0,0,3250.2378,10,2,1,23.1855,800000.0,8,1,3,0.8711,0,0
7,0,1.0,0.2448,0,2,7.8134,36,4,0,78.9209,8166.3874,4,8,4,1.6452,1,1
0,2,0.0,0.9776,0,0,2576.9966,3,2,0,155.1954,1419.1355,11,3,18,1.0648,1,0
0,1,0.0,0.9398,0,0,1801.6594,11,1,1,515.2116,912.1808,8,2,0,1.0074,1,0
3,1,0.75,0.1219,0,1,6.7694,27,5,0,37.6353,8677.3188,11,11,3,0.7461,0,1
1,1,0.5,0.9061,0,0,327.6615,8,1,1,6.7694,439274.697,6,0,13,1.6285,0,0
14,2,0.875,0.3935,0,0,17.2438,31,1,0,111.8043,8356.7994,2,8,3,1.6978,1,1
1,1,0.5,0.4817,0,0,6.6709,9,3,0,77.9887,3093.6567,238,89,23,0.6639,0,1
2,3,0.4,0.9747,0,0,2581.0087,4,2,1,35.8643,584.3839,11,0,9,1.4614,0,0
0,1,0.0,0.969,0,0,2775.5416,10,1,1,1200.0,37238.575,12,1,4,1.4063,0,0
2,2,0.5,0.71,0,0,10.8607,3,0,1,50.5741,3247.7486,22,42,11,1.0402,1,1
0,2,0.0,0.7558,0,0,780.5663,5,1,0,48.2254,13184.4913,10,2,8,1.7492,0,1
3,1,0.75,0.0773,1,7,29.8285,4,0,0,22.2867,1854.5212,6,1,1,1.1507,1,1
0,5,0.0,0.6923,0,0,2072.9758,9,1,1,1200.0,158107.696,14,0,15,1.9154,0,0
0,4,0.0,0.9009,0,0,1673.8709,4,2,1,65.6381,1130.558,8,7,16,1.5724,0,0
1,2,0.3333,0.518,0,0,1854.1881,8,1,0,277.6634,288992.6363,8,3,15,0.5419,0,0
0,3,0.0,0.8783,0,0,837.5133,11,2,1,157.8464,11614.7026,7,5,7,0.8771,1,0
0,1,0.0,0.8304,0,0,7.3929,5,2,0,108.7864,3212.8017,228,48,19,0.4731,0,1
0,4,0.015695190187148586,0.3630412296031793,0,0,2024.9766008977797,6,0,0,392.3516153001929,139974.62320807943,8,5,14,1.190336628236334,0,0
3,3,0.5,0.8124,0,0,2487.3379,8,0,0,373.4782,2450.7104,11,0,18,1.7713,0,0
0,3,0.0,0.9272,0,0,1729.5521,1,0,1,68.2899,6782.0336,12,7,4,0.7375,0,0
0,5,0.0,0.7094,1,1,2018.9831,3,2,1,2.4955,275966.1965,4,6,7,0.178,0,0
1,0,1.0,0.1816,0,2,533.2212,4,0,1,28.4132,6758.2149,7,9,5,1.1539,1,0
1,4,0.2,0.4906,0,0,1092.2952,2,0,1,68.5011,11353.7388,10,5,4,1.3102,0,0
0,5,0.0,0.6213,0,0,1802.7352,9,0,0,97.7567,133318.7816,17,7,13,1.0586,0,0
1,3,0.25,0.936,0,0,2883.5737,11,0,1,61.2188,22253.1981,17,2,6,1.3167,0,1
0,1,0.0,0.5404,0,0,2440.997,12,0,1,88.74,1763.7914,6,2,14,1.4767,1,0
1,5,0.064454964595873,0.7720081762124474,0,0,729.2088706627862,11,0,0,764.1528063464128,-18329.629042448647,10,2,3,1.2466300690248726,0,0
1,5,0.1667,0.521,0,0,3177.966,4,1,0,1200.0,30150.0666,14,7,18,1.2876,0,0
0,1,0.0,0.5326,0,0,265.2384,7,1,1,103.7488,64569.2922,14,1,2,1.5739,0,0
0,4,0.0,0.9209,0,0,3231.2147,12,0,1,133.2064,69470.3424,1,8,4,1.4051,1,0
2,1,0.6642949539124925,0.199688078737065,1,1,257.31686456646236,3,1,1,52.10041904358065,-49014.807171899694,3,7,2,0.8805509255914933,1,0
0,5,0.0,0.4552,0,0,176.7864,4,2,1,145.4339,7225.085,6,2,3,0.2783,1,1
1,4,0.2,0.7118,0,0,2857.2143,2,1,1,341.1432,29590.6615,5,3,10,0.7691,0,0
11,1,0.9167,0.4031,0,3,0.9529,17,7,0,73.8426,8210.4978,4,2,6,0.7527,0,1
0,2,0.0,0.9459,0,0,1125.8748,9,2,1,256.0773,290192.8815,16,3,18,1.1427,1,0
2,4,0.24549117044741914,0.6231234159068307,0,0,2592.0167273540196,9,2,0,105.87974764360568,198126.86113274674,15,0,1,0.15481796053085334,0,0
0,1,0.0,0.7718,0,0,3286.6262,3,0,0,20.7456,6328.2679,13,0,16,1.4666,0,0
17,1,0.9444,0.479,0,1,4.6114,18,1,0,90.636,8943.8295,2,6,3,0.7449,1,1
0,4,0.0,0.9698,0,0,1955.2269,7,2,1,75.5119,14424.0624,16,6,15,1.4652,0,0
11,0,1.0,0.3101,0,3,6.0711,43,9,0,91.6744,9446.3881,12,3,4,1.3477,1,1
0,1,0.0,0.6177,0,0,972.8604,7,0,0,28.579,41746.8246,12,7,6,1.7633,0,0
1,2,0.3333,0.4548,0,0,3548.4858,5,0,1,255.4442,109342.5138,12,3,16,2.0043,0,0
1,1,0.5,0.5863,0,0,3474.0598,10,2,1,36.9212,800000.0,6,6,5,1.7135,1,0
2,2,0.5,0.4856,0,0,2268.4524,1,2,1,43.6022,800000.0,17,3,19,0.5108,0,0
0,5,0.0,0.9045,0,0,1787.1656,4,2,0,154.6098,512501.4963,13,3,16,1.2259,0,0
1,4,0.2,0.973,0,0,3510.4969,6,0,1,1010.4321,7908.2202,13,5,16,1.4745,0,0
1,1,0.4108812319423421,0.8017670986954121,0,0,2994.5466622855456,11,0,0,160.88590192428313,528925.1666274474,6,6,3,0.0631843355134491,0,0
1,4,0.2,0.5213,0,0,2102.2754,9,1,1,770.0387,20920.4146,8,2,7,0.6475,0,0
0,1,0.0,0.5185,0,0,605.5033,7,2,1,46.1717,800000.0,3,8,14,0.9453,0,0
2,3,0.27860653040178207,0.9598446908491638,0,0,3466.0248687653047,7,0,1,790.0647371269415,-47845.88203512821,12,6,7,1.238402289101483,0,0
1,3,0.25,0.5378,0,0,2665.2061,8,2,0,63.0366,132171.2933,14,7,15,1.2221,0,0
1,5,0.1667,0.8327,0,0,960.8986,8,1,1,132.8977,145692.366,15,0,17,1.7164,0,0
0,5,0.0,0.867576956620613,0,0,1572.7723052841493,7,0,1,87.73076611056743,155998.5232763979,7,1,3,1.0401673898146218,0,0
12,1,0.9231,0.3597,0,0,12.5684,14,1,0,49.9146,10268.5895,9,9,4,1.4837,1,1
1,1,0.5,0.673,0,0,2854.1246,5,0,1,104.2368,123679.5576,16,6,17,0.02,0,0
0,2,0.0,0.8395,0,0,2899.034,3,0,1,1200.0,159735.9893,8,7,8,1.1639,0,0
6,1,0.8571,0.3507,1,5,8.6504,3,1,0,11.4829,2524.2636,2,3,2,0.9451,0,1
0,4,0.0,0.5595,0,0,404.1242,10,0,1,48.1061,800000.0,12,6,4,1.4242,0,0
1,1,0.5,0.5788,0,0,3207.9749,1,0,0,171.718,4411.2489,5,1,11,0.4858,0,0
1,4,0.2,0.4739,0,0,1728.0054,12,2,0,140.4553,25642.5818,15,3,19,1.2601,0,0
2,1,0.6667,0.5782,0,0,324.0479,6,0,1,1200.0,50057.6477,7,7,18,0.8784,1,0
0,3,0.0,0.5869,0,0,3147.0252,9,1,0,77.6605,26575.6036,1,7,4,1.9023,0,0
0,3,0.0,0.5139,0,0,3003.3897,5,0,1,42.8635,297.864,12,1,19,0.7366,0,0
24,2,0.9231,0.4054,0,1,17.9286,22,2,0,38.4969,16228.4878,6,3,4,0.8539,0,1
1,3,0.21308986771551652,0.41403506647466864,0,0,2319.400879584159,4,2,1,109.37242829848422,155575.54678684263,8,0,17,0.8207377600020616,0,0
0,2,0.0,0.8521,1,2,3523.6718,9,0,1,1.1888,573204.0546,3,0,11,1.9421,0,0
0,5,0.0,0.8022,0,0,153.0547,12,2,1,324.6284,938.6662,13,2,2,0.8791,0,0
21,2,0.913,0.4289,0,0,4.4815,39,1,0,47.5263,10061.2129,7,13,11,2.0772,0,1
1,1,0.5,0.6225,1,1,992.521,3,2,1,19.9608,18416.8257,5,8,15,0.8392,0,0
0,2,0.0,0.7773891171198682,1,1,-228.80661477167038,1,0,1,14.628747402518542,-46272.298511124754,17,6,13,0.9229122225314672,0,0
0,4,0.0,0.5247,0,0,2571.557,11,0,1,269.0535,31172.851,3,0,5,0.8151,0,0
3,0,1.0,0.0866,1,4,6.5471,8,1,0,4.7969,3671.1747,4,5,0,1.6841,0,1
0,2,0.0,0.5881,0,0,3033.6038,12,2,1,7.2232,3239.2595,6,1,5,0.8652,0,0
3,1,0.75,0.3129,0,0,12.7363,6,1,1,134.8642,3862.0588,52,42,13,0.2285,0,1
5,1,0.8936360912908613,0.4384112429267121,1,2,441.0251759924313,5,2,1,-63.40377523793335,-16101.542903013386,7,0,5,2.294485554657316,1,1
4,1,0.8,0.0215,1,8,29.8529,5,0,0,2.2567,3962.3653,5,4,1,1.051,0,1
0,3,0.0,0.4625,0,0,337.0993,7,0,1,14.0252,253.2878,5,2,4,0.3769,1,0
0,2,0.0,0.9773,0,0,2786.7142,10,2,0,1200.0,78309.8741,16,1,10,0.794,0,0
1,3,0.25,0.722,0,0,1146.4387,9,1,1,40.5979,17418.2942,1,1,12,1.813,0,0
0,2,0.0,0.6884,0,0,3385.7919,2,1,1,1200.0,39993.8688,15,0,13,1.4391,0,0
5,1,0.8333,0.285,1,2,518.7805,2,0,0,54.6303,6051.2475,19,0,4,1.5397,1,1
17,1,0.9444,0.4438,1,0,13.7535,27,2,0,57.0748,9588.6277,5,13,8,2.476,0,1
0,5,0.10640712924771578,0.6600739044937182,0,0,1367.3871427745707,5,1,1,283.709729927451,-47979.2309644993,7,2,8,0.6157974537945575,0,0
1,5,0.1667,0.5825,0,0,1268.0688,1,0,1,14.7866,65764.3321,14,5,15,1.198,1,0
2,1,0.6667,0.5545,0,0,2837.0397,5,2,1,62.2798,4857.903,10,6,19,1.3488,0,0
9,0,1.0,0.4259,1,0,0.4979,35,9,0,57.7915,13522.9932,3,4,10,1.3751,0,0
1,1,0.6439981059414214,0.8904227233266178,0,0,-13.471684889283972,5,2,1,216.4418047704922,42072.268153455036,269,32,27,0.0,0,1
8,1,0.8889,0.463,1,2,8.9517,15,5,0,44.4631,12598.1714,3,10,13,1.0406,0,1
0,1,0.0,0.8819,0,0,525.8973,6,0,1,8.4974,66040.9715,8,1,19,1.1891,1,0
1,2,0.3333,0.8465,0,0,1708.3288,1,1,1,19.5495,57300.0266,4,3,16,1.2252,0,0
1,2,0.3333,0.5743,0,0,3379.9548,1,0,1,18.482,338079.7746,8,1,0,1.2463,0,0
2,4,0.3333,0.4669,0,0,1366.1435,7,2,0,13.4276,530.1532,13,7,10,1.7893,0,0
1,4,0.2,0.66,0,0,1736.3047,8,0,0,17.1766,31124.5618,4,4,13,2.0516,0,0
1,3,0.25,0.887,0,0,384.7175,9,1,1,39.9626,306564.2466,15,1,0,0.02,0,0
0,2,0.0,0.5173936266606017,0,0,845.9967973660007,2,2,0,80.12600644101164,109151.85931127665,13,5,12,0.6686243234316273,1,0
0,4,0.0,0.7665,0,0,841.1391,2,1,1,29.0738,139310.0177,3,3,9,1.6669,0,0
2,0,1.0,0.4533,1,0,485.2771,8,0,0,56.4956,7118.0687,18,0,0,0.6709,1,1
0,2,0.0,0.9422,0,0,3200.0812,11,1,1,522.4115,800000.0,2,1,19,1.7315,1,0
1,1,0.5,0.2667,0,2,383.9552,6,1,0,53.1418,6886.6368,7,2,0,0.9916,1,1
4,1,0.8,0.131,1,0,5.0909,47,4,0,76.2748,2649.0839,12,6,10,1.3946,1,1
8,1,0.8889,0.4108,0,0,3.257,49,7,0,13.5147,14390.494,9,3,4,1.4839,0,1
0,5,0.0,0.8931,0,0,3180.3998,3,2,1,245.8034,55581.0319,4,1,9,0.8108,1,0
5,1,0.7494107059463266,0.31418015965088253,1,8,463.3371684796645,6,0,0,-169.6872501634195,10796.137912350398,5,1,2,0.8877116439601693,1,1
2,5,0.2857,0.8694,0,0,2053.4771,6,1,1,89.9604,220882.3955,17,7,8,0.1403,0,0
0,1,0.0,0.6179,0,0,2726.5341,9,2,1,60.8691,800000.0,10,0,9,1.2037,0,0
2,2,0.5,0.9151,0,0,1495.3219,12,2,1,173.5579,800000.0,12,5,4,0.6004,0,0
4,1,0.8,0.3036,0,0,145.6013,9,2,1,35.9713,7872.8086,14,9,0,0.3946,1,1
0,5,0.0,0.8217,0,0,351.685,1,2,0,45.0652,110185.7095,7,2,15,0.244,0,0
0,1,0.0,0.7426,0,0,1593.1517,2,1,1,1008.8301,5697.804,17,6,0,1.2597,1,0
3,1,0.75,0.4272,1,2,2.8798,51,4,0,63.6406,4995.372,1,8,3,1.1122,1,1
0,3,0.1411528345963609,0.4884420951792603,0,0,773.2392455860631,7,1,1,14.229949761468252,-56661.85950808644,6,7,4,1.238886942962261,0,0
0,1,0.0,0.9291532662214554,0,0,2811.0419231334977,2,1,1,33.35768675586817,-56869.572398776014,10,3,1,0.05635584479053729,0,0
0,3,0.0,0.8489494887926398,0,0,1904.1249671773198,2,0,1,187.86430071209958,844285.018635759,11,0,2,2.1652930846674843,0,0
2,4,0.3333,0.575,0,0,3386.075,8,0,1,7.8723,1050.0994,2,0,19,1.2585,0,0
3,1,0.7932566230341077,0.2932841654500904,0,2,455.25730216839247,6,2,0,-31.035486975142547,-18932.923177007775,11,4,1,0.37496510323291904,1,1
0,3,0.0,0.5734,0,0,2971.4164,10,2,1,43.1226,148307.5135,13,1,5,1.2936,0,0
2,3,0.1888621673067278,0.4335999455068453,0,0,1954.7166349333395,8,0,0,1.9365162141676748,97956.429287617,1,5,6,0.5394259446766297,0,0
2,1,0.6667,0.2947,0,1,524.4696,7,1,0,26.8788,609.0162,2,1,1,1.7756,1,1
1,5,0.1667,0.8956,0,0,3345.2532,9,1,1,66.9505,27504.6788,15,6,14,0.5431,0,0
2,2,0.5,0.5751,0,0,2269.2634,11,2,1,8.8753,800000.0,6,4,0,0.4628,0,0
1,2,0.2183285079985172,0.5130274160374041,0,0,385.6210781397999,2,2,1,172.1898166741661,-57245.72830117628,16,7,17,0.5447655530262081,0,0
1,0,1.0,0.3492,1,1,211.8118,4,0,0,28.9234,706.3395,9,7,4,0.7036,1,1
1,3,0.25,0.6804,0,0,1791.6727,1,1,1,107.6646,119430.6983,16,5,11,0.02,0,0
1,1,0.5,0.8314,0,0,1973.6193,11,1,1,560.2198,11443.3126,14,3,16,0.6496,0,0
0,3,0.0,0.8919,0,0,2227.2872,6,2,1,34.6961,208.0176,3,1,12,0.6213,1,0
2,0,1.0,0.233,1,5,2.4973,5,1,0,17.6878,5931.6178,3,5,1,0.3104,0,1
4,1,0.8,0.2103,1,2,5.8135,9,1,0,18.1531,8366.9755,15,0,4,0.2974,1,1
0,2,0.0,0.6676,0,0,273.421,2,1,1,570.0836,732.1242,15,6,3,0.1519,0,0
4,1,0.8,0.1413,0,1,412.2037,2,0,0,16.6729,7312.0515,13,9,3,0.9187,1,1
1,1,0.5,0.9606,0,0,868.9704,6,0,1,100.3182,6550.0553,12,0,15,2.0144,0,0
0,1,0.0,0.8368,0,0,3169.8647,4,2,1,353.7398,3162.5882,10,6,1,0.8986,0,0
0,1,0.0,0.8497,0,0,2568.6505,9,1,0,276.1083,2706.5641,14,6,19,0.1649,0,0
0,4,0.0,0.7576,0,0,1955.5509,1,0,1,150.3555,2998.3538,3,8,7,1.1769,0,0
20,1,0.9524,0.1072,0,0,12.7247,31,2,0,58.9163,10215.304,7,2,2,1.7165,0,1
0,2,0.0,0.4516,0,0,2338.301,12,2,1,234.0554,33606.0567,13,1,0,1.2954,0,0
0,1,0.0,0.8238,0,0,1938.7809,5,2,1,323.5235,59945.5751,13,6,13,2.2598,0,0
0,3,0.0,0.7038,0,0,1813.9311,12,1,1,660.8597,2991.083,10,5,7,0.7431,0,0
1,1,0.5,0.9071,0,0,1223.9718,8,0,0,47.5047,144654.447,17,6,10,0.0756,1,0
0,4,0.0,0.558,0,0,2013.9804,12,0,0,49.2467,948.3606,13,5,3,0.7036,0,0
8,0,1.0,0.3865,1,1,8.1287,58,5,0,67.4946,5552.6637,4,3,5,2.2857,1,1
0,1,0.05323913485302962,0.8339597174350287,0,0,541.6675904341132,2,1,0,63.575319986162285,157773.3895813898,12,7,17,1.4617995167852138,0,0
0,3,0.0,0.5781,0,0,2463.4271,4,2,1,314.9025,23586.8075,3,6,15,0.6504,0,1
14,1,0.9333,0.005,0,0,14.0158,18,0,0,90.1967,13664.0546,3,9,7,1.9092,0,1
1,3,0.25,0.6097,0,0,678.3244,2,0,1,313.3751,242813.8577,3,4,16,0.8842,0,0
0,3,0.0,0.4692,0,0,1563.8354,9,2,1,16.3029,20972.0634,2,0,7,1.0153,1,0
3,0,1.0,0.1812,1,8,7.2756,5,0,0,17.4711,991.107,1,1,1,0.4258,0,1
11,1,0.78565020153974,0.3272190676788238,1,3,-209.38282923245885,59,2,0,129.70593153791722,-28200.808578811135,12,8,4,0.31640695423806664,0,1
0,5,0.12311927192450045,0.9989779285613005,0,0,369.0207810971219,9,1,1,615.3473299362392,92921.39135053601,8,5,15,1.47183221314826,0,0
1,1,0.4464455854798735,0.6687605432895347,0,0,2932.1719243290304,9,2,0,926.426229776804,130873.97302112028,2,5,14,1.1245247008209975,0,0
22,1,0.9565,0.2664,1,0,2.2009,14,1,0,144.6103,5164.0422,5,11,8,1.3265,0,1
0,2,0.0,0.7594,0,0,3497.8478,6,1,1,212.0236,260445.7259,7,2,16,1.2267,0,0
0,2,0.0,0.7232,0,0,1969.0944,12,2,1,33.5734,49217.757,11,5,0,1.2627,0,0
0,1,0.0,0.6604,0,0,2018.4709,11,1,0,1200.0,126528.7039,17,1,0,0.6971,0,0
2,4,0.3333,0.6241,0,0,808.6253,4,2,1,64.1352,1163.8831,10,6,17,1.3132,0,0
2,2,0.5,0.4718,0,0,1427.0616,5,2,0,3.3775,800000.0,3,6,18,0.8682,0,0
1,5,0.1667,0.8654,0,0,1358.3152,6,1,1,186.8475,2855.9017,17,3,12,1.2578,0,0
2,4,0.3333,0.6991,0,0,1044.5342,1,2,1,1101.5242,10616.5405,15,3,5,0.02,1,0
1,4,0.2,0.5029,0,0,3232.4387,1,0,1,702.0756,4790.4536,8,1,6,1.2031,0,0
0,1,0.0,0.6688,0,0,3354.9611,4,2,0,44.6241,737.2253,6,6,7,1.7483,0,0
0,4,0.0,0.5696472242740819,0,0,3427.1237193245006,6,2,1,59.63680462431514,898086.7827887897,3,5,19,1.5570545872537658,0,0
0,3,0.0,0.9143,0,0,316.7691,3,1,1,89.6545,4507.0224,11,0,12,1.6249,0,0
0,1,0.0,0.7367,0,0,22.4489,2,2,1,25.7484,7323.5407,15,1,17,0.3681,0,0
5,0,0.8754883626959798,0.16279442684073644,0,0,484.44295994072826,7,0,0,32.54700072080337,-46217.53468696396,13,4,4,1.3586795455655514,1,1
0,1,0.0,0.9808,0,0,97.4183,4,1,1,15.4955,72794.2538,5,8,10,1.0337,0,0
2,2,0.5,0.891,0,0,1331.7392,3,1,1,117.3277,106812.1895,17,2,6,1.3805,0,0
0,2,0.0,0.4522,0,0,1696.6208,10,1,1,309.2917,33978.2473,4,7,1,0.9083,1,0
2,1,0.6667,0.5822,0,0,3350.0635,5,0,1,8.6767,715.6784,7,6,9,1.6666,0,0
0,5,0.0,0.5605,0,0,670.2113,2,1,1,74.1771,127220.8684,7,1,10,0.7548,0,0
0,2,0.0,0.9512,0,0,2473.3124,6,2,1,162.3772,297542.9679,9,1,12,0.9326,0,0
1,2,0.3333,0.7763,0,0,234.5829,5,2,0,323.1388,55242.014,13,6,17,0.2316,0,0
0,3,0.0,0.9371,1,1,1892.5237,2,1,1,45.7387,5820.4812,4,0,0,1.0495,0,1
0,1,0.0,0.7188,0,0,2949.0777,6,2,1,149.9755,53241.9393,17,8,10,0.0877,0,0
0,0,0.0,0.3351,0,0,0.4847,6,2,0,270.5424,1521.1036,192,12,11,0.1087,1,1
0,3,0.0,0.5706,0,0,3266.4691,12,2,1,1063.1463,512788.4507,1,7,11,1.5034,0,0
0,5,0.0,0.5944,0,0,273.8989,1,0,1,110.2029,70986.1217,5,4,18,0.9306,1,0
1,4,0.2752100865962673,0.87189232429092,0,0,3459.5115449599125,9,0,0,-22.20558558929038,27249.067622059705,13,8,17,0.7398381678716562,0,0
1,2,0.3650017466249414,0.5169914710983589,0,0,603.6358375976354,2,2,0,-48.29403873408765,-22631.23967310613,17,5,11,0.9958237281058958,0,0
0,5,0.0,0.9181,0,0,2895.8297,9,0,1,46.2938,7557.9155,5,7,10,1.748,0,0
0,3,0.0,0.6439272034835225,0,0,2848.4525761777686,11,0,0,874.3164734785332,1172.9632713508952,8,0,13,0.7476851934500952,0,0
6,1,0.8571,0.1968,0,3,2.0569,41,3,0,34.981,5543.2581,7,2,13,1.0587,0,1
0,4,0.0,0.7731,0,0,2810.1266,2,2,1,31.3475,20654.6328,3,8,0,0.9049,1,0
0,3,0.09876569810662875,0.9284357332042564,0,0,3024.3434063564423,5,2,1,320.29216024611264,34766.752022254936,12,6,3,0.7641897173456649,1,0
0,3,0.0,0.5568,0,0,2006.5382,7,1,1,74.7893,980.0539,14,7,6,1.5369,0,0
2,3,0.44279013910842024,0.5409083575764881,0,0,1956.3036944736766,10,0,1,449.70767704235084,776598.163918194,9,5,9,0.27186998571788196,0,0
2,2,0.5,0.577,0,0,348.6462,1,0,0,15.1983,13579.1963,15,0,16,1.2703,0,0
5,0,1.0,0.5187,1,0,81.7163,4,0,0,22.4845,1569.8365,19,0,5,1.302,1,1
0,2,0.0,0.8425,0,0,540.4397,3,1,0,351.8141,56378.6606,9,8,17,0.4294,1,0
1,4,0.2,0.7792,0,0,760.4324,1,2,1,57.0987,284436.3049,6,4,17,0.9159,0,0
1,2,0.3333,0.6679,0,0,1365.954,4,0,1,22.4854,456749.6206,16,1,2,0.9363,0,0
1,3,0.25,0.4895,0,0,2821.3786,2,0,1,340.6997,2413.4493,13,6,8,0.02,0,0
11,0,1.0,0.2657419979042778,0,2,808.4984215546411,26,6,0,-6.259061886777161,167134.55847612701,1,8,11,0.8180062474649277,1,1
3,1,0.7205184175358632,0.3682965174662294,1,8,228.308627750561,10,0,0,-56.08458238750998,-41674.57676902883,7,2,2,0.4451210879973621,0,1
3,3,0.5,0.4639,0,0,3024.225,11,0,0,283.6889,19279.5461,14,7,1,0.0695,0,0
1,4,0.16978632717481992,0.5889369937685518,0,0,1965.5215473250341,1,1,1,74.02640429769133,56628.06011234097,13,6,14,0.6286604616037256,0,0
1,1,0.5,0.2078,0,1,126.2322,3,1,0,42.0593,5792.0071,18,7,1,0.8578,1,1
2,1,0.6667,0.5945,0,0,3083.4855,1,0,1,82.1731,599681.2795,10,3,4,0.4713,0,0
8,2,0.8,0.132,0,1,19.6078,39,1,0,39.9393,19094.0037,3,2,11,0.8415,0,1
4,1,0.8,0.3925,0,1,123.8324,1,1,0,49.0074,3355.4105,14,1,2,2.54,1,1
0,2,0.0,0.8354142662148376,0,0,1772.21494583061,5,1,1,273.0091170232455,70408.9561410444,5,5,5,1.0005440434778943,1,0
0,2,0.0,0.8144,0,0,2196.5765,12,2,0,94.9279,495.5227,6,2,13,0.4168,0,0
1,2,0.27710986125588055,0.6045098792109491,0,0,338.7117338087479,11,0,1,474.2662705113661,308155.64889109286,12,7,18,1.581780824151713,0,0
3,0,1.0,0.2616,0,1,7.5999,54,2,0,53.5752,13391.4078,6,11,3,0.9769,0,1
1,1,0.5,0.5648,1,2,837.1189,6,0,1,60.0172,800000.0,5,7,3,0.6191,0,0
2,2,0.5,0.94,0,0,3161.1102,12,1,1,155.9889,70117.164,12,1,16,0.611,0,0
0,2,0.0,0.3212,0,0,10.4982,7,1,1,232.5639,1881.376,180,81,11,0.4203,1,1
0,5,0.0,0.6124,0,0,956.7539,6,0,1,68.4559,693436.4267,16,4,8,0.2999,0,0
4,0,1.0,0.1921,0,0,511.0082,8,1,0,43.829,5201.1803,12,5,5,0.4829,1,1
0,3,0.0,0.4881,0,0,1807.5281,2,2,0,466.257,13621.8899,5,2,14,0.02,1,0
0,1,0.0,0.7269,0,0,3516.1027,9,2,0,34.9983,141865.7651,14,5,2,0.7365,0,0
4,1,0.8,0.0473,1,5,59.9258,5,0,0,9.1805,1621.7623,5,0,3,1.5585,0,1
2,5,0.2857,0.8697,0,0,1352.2665,12,1,1,747.744,14264.6049,11,0,15,0.4514,1,0
4,1,0.8,0.3478,1,0,1.8139,52,2,0,71.2906,3785.1203,11,2,5,0.5443,1,0
2,5,0.2857,0.4794,0,0,308.732,6,1,1,511.2754,3287.102,12,8,1,1.0131,0,0
1,3,0.25,0.6869,0,0,154.5556,4,1,1,29.4801,800000.0,16,2,9,0.7,0,0
0,3,0.0,0.5697,0,0,1742.6575,3,2,1,512.0326,14547.3958,13,4,15,0.7343,0,0
1,2,0.3333,0.8973,0,0,803.4311,11,1,0,60.211,800000.0,9,0,2,0.776,0,0
1,2,0.3333,0.7097,0,0,2822.6991,3,0,0,6.6847,30333.4736,5,2,0,1.1294,0,0
0,1,0.0,0.7246,0,0,2895.5554,5,2,1,148.5494,132.2673,6,1,16,1.0901,0,0
0,1,0.015622411830588686,0.44154658812430636,0,0,1790.0995892867352,5,0,1,1078.7019048701736,50407.702141274734,12,5,17,1.303392290189492,0,0
0,2,0.0,0.7638,0,0,2491.9195,2,2,1,1200.0,735.6904,14,3,5,0.8232,1,0
0,1,0.007617746476099315,0.5413803585631829,0,0,2856.9769285393695,5,2,1,1331.1560644981935,-49060.78697769008,12,6,5,1.3935392992331932,1,0
0,5,0.0,0.6462,0,0,1013.2497,1,1,1,13.4512,963.5781,16,5,11,0.8074,0,0
0,5,0.0,0.6242,0,0,2719.8134,5,1,0,19.229,91551.6845,9,8,2,1.0173,0,0
2,1,0.6667,0.5849,0,0,2305.7137,7,0,1,62.8064,800000.0,1,4,4,2.1273,0,0
1,3,0.25,0.7647,0,0,3171.9868,1,2,1,63.6888,487.1034,7,3,12,0.2901,0,0
0,2,0.0,0.7519,0,0,3494.0353,12,1,1,82.9829,2246.7202,16,6,9,0.9023,0,0
6,2,0.75,0.3025,0,1,12.7808,14,0,0,27.6253,17685.3356,9,4,4,1.5874,0,1
0,4,0.0,0.7768,0,0,304.8811,3,1,1,373.336,77370.4897,6,8,16,1.9142,0,0
2,1,0.6667,0.4943,0,1,34.2082,8,2,0,30.2643,4942.6808,12,6,5,0.5003,1,1
1,1,0.5,0.9515,0,0,815.8966,8,0,1,14.2141,9254.9255,10,5,7,1.3942,0,0
0,1,0.03372238545352036,0.6267979572339079,0,0,2312.177801212327,10,1,1,-20.501741414793628,-5325.990216620826,12,2,2,1.0268472225403311,0,0
0,5,0.0,0.4941,0,0,1656.8442,2,2,1,322.9553,9908.3101,7,7,1,1.6973,0,0
1,1,0.45684143072457006,0.6481435131915361,0,0,1671.2177951235155,10,2,1,129.21581251279193,69645.20433808485,15,3,10,0.6612063305476006,1,0
1,3,0.25,0.8984,0,0,27.5818,9,2,0,7.7351,162920.4932,16,3,0,0.0365,0,0
0,1,0.0,0.5482,0,0,2405.0051,5,0,1,23.6417,30064.1069,16,3,11,0.9403,0,0
0,4,0.0,0.8582,0,0,2561.1818,3,0,1,31.0871,271179.947,17,0,19,0.8795,0,0
1,5,0.1667,0.5077,0,0,1922.7196,1,0,1,49.2303,55399.1153,6,0,7,1.1283,0,0
1,3,0.25,0.5241,0,0,266.9278,9,2,1,136.3532,800000.0,10,3,2,1.6626,0,0
0,3,0.0,0.9227,0,0,3586.7342,8,0,0,105.3804,800000.0,13,5,15,0.7422,0,0
0,2,0.0,0.7291,0,0,2829.5544,11,1,0,68.9967,44531.3709,15,6,11,1.3991,0,0
0,3,0.12088404292098111,0.7201007530599493,0,0,1564.8163624786077,11,2,0,177.0762846769201,8801.30060654552,7,3,9,0.5783370619725805,0,0
1,2,0.24696844201370272,0.8655146170830582,0,0,1044.6700242498523,9,2,0,61.47064726483774,74683.37969676996,4,0,17,0.8901689335029472,0,0
1,0,1.0,0.1994,1,3,3.2049,6,1,0,10.6943,4400.4964,4,4,1,0.6545,1,1
2,1,0.6667,0.8268,0,0,2975.0791,5,0,0,211.6618,800000.0,4,0,8,1.1392,0,0
0,4,0.0,0.9765,0,0,1741.745,11,1,0,1200.0,654960.8197,4,6,5,0.8749,0,0
0,1,0.0,0.4842,0,0,502.789,5,2,1,17.0797,1925.433,4,3,0,0.6507,0,0
9,1,0.9,0.2065,1,1,5.3062,35,1,0,41.163,11536.4627,5,7,2,1.7785,0,1
2,1,0.6667,0.6251,0,0,8.1146,7,0,0,98.4629,1772.5241,66,42,14,0.3955,1,1
5,0,1.0,0.4419,0,0,0.7309,21,0,0,94.4297,18684.7635,5,2,10,2.2162,0,1
2,1,0.6667,0.6333,0,0,2670.7647,4,0,1,7.6177,8809.4483,9,0,11,0.3615,0,0
3,1,0.783720157920671,0.39994371190842504,1,1,-401.30551647344737,35,0,0,99.57405604145953,10196.707095659409,2,13,2,0.4658133119051767,1,1
2,1,0.7560490108506134,0.9574369555166994,0,0,1062.237450742109,5,0,1,-20.623343870862875,270100.70770832605,1,3,3,1.039910139162823,0,0
6,0,1.0,0.09501387530355107,1,9,259.99818725475626,3,1,0,-2.687402710823239,62734.29728247735,2,0,2,1.4119665017582848,0,1
0,2,0.0,0.6236,0,0,3010.5777,12,2,1,24.0082,125073.1822,6,6,0,0.8723,0,0
0,1,0.0,0.7522,0,0,2577.0216,4,2,1,43.5118,8244.2383,17,3,15,1.2914,1,0
1,1,0.4241662094397486,0.08647355372692715,1,5,295.89283791261676,10,0,0,55.40619092799036,-41093.97527453388,6,0,3,0.8121900537821822,0,1
0,5,0.0,0.5979,0,0,2848.3871,8,0,0,250.6712,1835.5051,13,3,12,0.9784,0,0
4,0,1.0,0.1995,0,1,249.5924,1,2,1,7.9457,3686.3749,18,2,4,1.4983,1,1
1,1,0.5,0.7671,0,0,3249.9004,9,1,1,5.2926,1258.6692,7,4,3,0.7111,1,0
1,1,0.5,0.1257,1,3,27.2916,3,1,0,7.4668,2632.292,7,5,1,1.0351,0,1
1,1,0.5,0.235,0,0,541.7128,9,1,0,33.0415,2117.5178,3,2,5,0.963,1,1
19,2,0.9048,0.4385,0,0,10.15,26,1,0,73.008,9006.714,1,11,9,1.8186,0,1
1,1,0.5,0.4819,0,0,1545.5761,8,2,1,19.1105,465.4923,11,0,9,0.1089,0,0
0,5,0.0,0.7780464458057018,0,0,835.7819364498554,7,0,1,197.48060165099938,-14381.753025863505,10,2,18,0.9608337487499249,0,0
0,5,0.0,0.4622,0,0,721.087,7,2,1,261.3066,1457.0869,9,6,12,0.9794,0,0
1,2,0.3333,0.734,0,0,2958.1742,3,1,1,325.9533,9146.177,13,5,5,1.9505,1,0
0,4,0.01390187083538079,0.6067793138358494,0,0,119.07437406307184,6,0,1,206.26995025398287,28182.17932440043,5,8,6,1.0493948341882535,0,0
2,2,0.5,0.7407,0,0,778.4877,4,1,1,40.4265,118257.446,11,4,7,1.4726,1,1
3,1,0.6398558517143481,0.0006094676910241119,1,9,-26.152819454604227,7,0,0,29.212174220720666,17705.46591540807,5,3,0,1.4031075545945995,0,1
0,4,0.0,0.44416260460761126,0,0,3318.5642203332054,3,0,0,113.07937872093885,71194.7908928819,17,7,4,0.6854220342729327,0,0
2,2,0.5,0.8751,0,0,940.4479,6,2,0,1200.0,43446.6185,15,4,13,0.5316,0,0
2,1,0.6667,0.6739,0,0,2211.8841,5,1,1,201.6103,125692.2975,2,0,12,1.6139,0,1
0,2,0.0,0.7066555493024635,0,0,1668.2304840891413,1,1,1,160.69621540597456,10135.719816235558,12,2,4,1.2294454599856146,0,0
1,2,0.3333,0.8397,1,2,3116.4452,12,2,1,365.8056,7845.3451,14,5,17,0.966,0,0
10,1,1.0,0.6530584879947816,0,0,-96.87757572729188,10,0,0,300.6005827858759,-20922.229500389138,9,7,3,1.6686864290238324,0,1
0,3,0.0,0.8261,0,0,2281.5551,4,2,1,123.3457,230666.8786,13,7,3,1.3167,0,0
0,5,0.0,0.9161,0,0,409.7388,6,0,1,48.9523,122400.1041,11,5,7,0.355,0,0
3,4,0.4286,0.9159,0,0,2406.912,5,2,1,80.4,52230.5667,9,6,13,1.4751,0,0
3,1,0.75,0.0215,1,6,6.2358,3,1,0,4.7158,2042.2735,6,5,3,0.8974,0,1
0,4,0.0,0.4521,0,0,1174.3826,4,2,0,231.2883,6334.2963,1,3,8,0.02,0,0
1,3,0.25,0.9382,0,0,1436.4067,12,0,1,110.53,475718.968,15,0,12,2.1393,1,0
1,2,0.34988227575854103,0.5171015538521803,0,0,583.4286657691661,1,0,1,-4.994070212688939,-5728.643733680114,2,5,16,0.759305949899642,0,0
1,2,0.5089074379244638,0.7683423405124585,0,0,1088.7001729424244,10,1,1,168.00955103023608,-42146.141230551315,12,4,7,1.039429757868716,0,0
0,3,0.0,0.6941,0,0,1285.1011,12,1,1,409.7298,78578.0117,14,4,11,0.7498,0,0
1,1,0.5,0.8453,0,0,660.4466,8,2,1,1200.0,2470.8308,3,8,18,1.0401,0,0
1,4,0.2,0.797,0,0,2108.9176,8,2,1,19.3958,79662.7994,2,5,17,0.9124,1,0
2,3,0.3464347356006131,0.7860733967435534,0,0,1433.9115195601132,6,0,1,224.04102749571584,-37016.97991938272,9,4,16,1.1425006321184654,1,0
1,3,0.25,0.6447,0,0,1357.4938,2,2,1,16.1689,800000.0,7,0,17,0.975,0,0
0,2,0.0,0.9004922254281477,0,0,3151.9895752300877,1,0,1,19.426756488123814,266964.81612248806,10,5,9,0.8373796007326015,0,0
2,2,0.5286253746282084,0.9361553914942089,0,0,-122.6046905671711,2,1,1,99.31842506177782,-15054.780013064414,2,3,13,0.30875965498180835,0,0
1,5,0.1667,0.7001,0,0,3478.5501,12,2,1,940.8718,120413.6764,2,3,19,0.6603,0,0
9,0,1.0,0.0363,0,3,3.1736,25,9,0,61.7038,6479.0054,11,4,12,1.1523,0,1
0,3,0.03256690012278273,0.9400710868137253,0,0,93.75963323993295,4,0,1,392.5437501238323,-6986.168274288343,4,4,11,1.235123625835591,0,0
2,0,1.0,0.357,1,8,7.7337,11,0,0,12.0975,5480.0679,6,5,1,0.9886,1,1
1,5,0.1667,0.48,0,0,3485.5553,12,2,1,1200.0,5176.393,9,6,10,0.02,1,0
0,1,0.0,0.4066,0,0,13.8788,7,0,0,139.7778,2533.237,158,88,23,0.3399,1,1
0,2,0.18120757342098506,0.7540376151990394,0,0,1355.5454853615654,6,0,1,130.76837369897987,-97311.36672874156,1,4,8,0.6753158662116739,0,0
0,3,0.0,0.9163,0,0,3549.964,5,1,1,1.0,16616.4531,12,8,11,1.4021,1,0
2,1,0.6667,0.7926,0,0,2546.5488,4,1,1,144.1558,199652.4711,7,4,18,1.298,0,0
0,2,0.0,0.7631,0,0,2199.6844,8,1,1,1097.5885,11616.2597,17,1,14,0.8168,1,0
1,3,0.25,0.9249,0,0,2537.403,2,2,1,39.5551,15046.4403,1,1,13,0.5784,0,0
0,2,0.0,0.5056,0,0,1268.886,7,2,0,162.089,6897.0184,13,2,7,0.7287,0,0
0,2,0.0,0.8239,0,0,1965.1468,7,0,1,47.9141,33450.8772,5,2,16,0.6056,0,0
14,1,0.9333,0.487,0,0,17.5983,15,0,0,147.0356,18870.6066,7,9,5,1.8617,0,1
0,4,0.0,0.5988,0,0,614.716,12,0,0,5.293,56958.1098,3,4,3,0.9407,1,0
1,1,0.5,0.1278,1,3,51.1693,10,1,0,28.1343,5667.6407,7,3,3,1.3394,0,1
0,1,0.0,0.9155,0,0,787.8603,2,0,1,15.3778,65730.0306,4,2,12,1.2432,0,0
1,1,0.5,0.6538,0,0,2936.7095,7,2,0,25.5488,361338.0245,9,4,13,3.5036,0,0
2,1,0.6667,0.6744,0,0,1098.6427,9,0,1,12.1884,5115.4068,1,3,10,0.1367,0,0
4,3,0.5714,0.7809,0,0,363.0267,12,1,1,558.8576,3117.8764,9,0,1,0.449,0,0
9,0,1.0,0.2796,0,1,7.8527,21,7,0,68.8079,5528.9384,14,5,13,0.8861,1,1
0,3,0.0,0.7671,0,0,2476.8657,7,0,1,565.0172,800000.0,9,7,1,0.6828,0,0
0,5,0.0,0.6792,0,0,687.3908,6,2,1,51.8572,12856.5224,12,3,10,0.7929,0,0
0,2,0.0,0.5075,0,0,1818.7183,2,1,1,60.5062,800000.0,1,4,7,1.4691,0,0
3,3,0.5,0.6224,0,0,1823.2428,12,1,0,34.8991,5233.6266,12,4,18,1.274,1,0
1,5,0.1667,0.5467,0,0,384.6937,3,0,0,46.1301,37966.4051,5,8,2,1.3802,0,0
1,5,0.1667,0.6625,0,0,2698.2503,2,1,1,403.5774,453.8709,10,3,5,0.9944,0,0
1,1,0.5,0.452,0,0,2294.5179,2,0,1,37.6013,79046.2088,3,4,1,1.5314,0,0
0,2,0.0,0.8713,0,0,1448.3059,12,2,1,113.7497,18669.5524,1,5,0,1.4467,0,0
0,3,0.0,0.9206244297201589,0,0,-25.25599696801271,10,2,0,76.2708433909674,14261.056229973598,1,2,1,1.1758317040331403,0,0
5,0,1.0,0.2816,1,1,0.7971,24,0,0,46.3204,14733.3486,1,4,6,1.4124,1,1
2,4,0.3333,0.7596,0,0,2545.2852,4,2,0,438.2407,301457.8912,9,7,11,1.6006,0,0
1,2,0.3333,0.8641,0,0,1617.2421,4,1,1,89.3509,33534.1769,11,7,3,0.9743,0,0
2,1,0.6667,0.8365,0,0,12.1016,9,1,0,263.115,1391.4358,45,87,6,0.2519,0,1
1,3,0.25,0.7363,0,0,592.9559,6,0,1,232.0375,3619.6091,14,0,5,1.3012,0,0
0,5,0.0,0.7319,0,0,2152.7746,5,2,0,134.6596,5348.9405,5,2,0,0.02,0,0
0,5,0.0,0.8424,0,0,1099.7696,7,0,0,188.0836,24793.5283,6,5,16,0.4033,0,0
1,3,0.25,0.5394,0,0,403.4856,2,2,1,94.6391,26244.1975,2,7,14,0.6182,0,0
0,4,0.0,0.5637,0,0,1822.1854,11,1,0,126.4213,79591.2254,3,1,10,1.1136,0,0
5,0,1.0,0.4941256931980625,0,2,-23.076670264849042,4,0,0,81.15093795642397,5287.181681894457,10,4,3,0.863087673221086,1,1
0,1,0.0,0.9865,0,0,1068.0329,2,1,1,1200.0,802.4454,3,5,12,0.884,0,0
4,1,0.8,0.3883,0,0,238.5188,4,2,1,8.7679,3113.4949,6,9,4,0.9764,1,1
0,4,0.0,0.7954,0,0,1075.7953,2,2,0,4.9248,92193.5328,13,5,13,1.2859,0,0
0,4,0.0,0.8039919981729651,0,0,1728.3805831208267,9,0,1,65.626504525872,145785.83209704608,3,5,19,1.1499727242611975,0,0
0,4,0.0,0.8275769868367461,0,0,2229.984534078981,10,0,1,1216.597976041645,-24639.669017613436,8,2,6,0.9512128424409902,0,0
2,5,0.2857,0.7291,0,0,3119.0399,10,0,0,36.4799,2205.8847,9,6,12,0.5448,0,0
3,1,0.75,0.5115,0,2,54.0519,8,1,0,13.1541,2515.3759,3,6,0,0.876,1,1
1,1,0.5,0.511,0,0,1895.4437,9,0,0,195.5048,97391.4247,16,4,5,1.4481,0,0
1,1,0.5,0.6363,0,0,457.5119,12,0,1,586.8642,3005.3055,2,0,11,1.9125,0,0
1,3,0.25,0.888,0,0,3400.7996,9,0,1,6.3056,2872.5929,10,5,15,1.9711,0,0
1,4,0.2,0.5785,0,0,3495.4096,9,1,1,207.4972,2675.4205,4,8,18,1.0733,0,0
1,4,0.2,0.5603,0,0,1838.9696,11,1,1,677.6009,10563.6999,2,1,2,1.1534,1,0
0,2,0.0,0.6516,0,0,224.0102,5,1,0,23.5685,10763.0845,15,2,10,0.7194,0,0
0,1,0.0,0.471,0,0,2453.077,9,0,0,114.1993,26542.1071,1,6,1,0.8572,0,0
1,3,0.25,0.4608,1,1,2162.997,12,1,1,639.8219,244805.4215,10,4,2,0.8859,1,0
1,1,0.49984838118509106,0.521467160432884,0,0,3986.9422875275773,2,2,1,221.6319811469487,-46155.71215658012,17,8,1,0.5500898263413824,0,0
2,2,0.5,0.5214,0,0,148.7126,4,1,1,3.7755,11508.4225,12,2,19,1.3537,0,0
7,2,0.7350180922180891,0.19424364807184594,0,1,-42.27838492052413,31,0,0,152.29226964126786,-36103.72984767982,9,7,3,1.3466823858897834,0,1
5,1,0.8333,0.4357,0,0,551.2413,1,1,0,30.3967,1486.3284,5,1,5,1.3077,1,1
2,4,0.3477220159903378,0.8694275010191527,0,0,108.17120952647025,5,1,1,1273.488437677087,57774.62098184642,15,8,14,1.476179562767822,0,0
0,3,0.0,0.6618,0,0,3458.8431,2,2,1,379.7204,467883.3462,12,4,16,1.7179,0,0
3,4,0.4286,0.9198,0,0,586.619,6,2,1,177.2731,211579.6226,1,3,16,1.1995,0,0
0,3,0.0,0.8822,0,0,1770.7082,8,1,1,108.5353,14671.9392,17,8,19,1.2075,0,0
1,1,0.5,0.9554,0,0,1268.5696,6,0,1,23.5847,5234.5904,16,1,8,2.4003,0,0
2,4,0.3333,0.5449,0,0,1454.3479,6,1,1,39.8381,301670.5468,5,4,3,0.7013,0,0
0,1,0.0,0.715,0,0,784.0318,3,0,1,74.5084,41701.5004,4,7,9,1.0901,0,0
0,5,0.0,0.7865,0,0,1799.9718,8,1,1,162.3114,203244.561,16,3,18,1.0386,1,0
0,3,0.0013142003962017064,0.5180638508252339,0,0,2551.083493184091,9,1,1,-48.74837868947759,-15533.17182347332,10,2,4,1.2094947443333492,0,0
1,0,1.0,0.2577,1,8,59.3456,10,0,0,10.9136,2948.9378,2,4,2,1.3533,0,1
1,4,0.2,0.5948,0,0,2603.612,5,2,0,12.0714,100.3278,14,7,3,1.3008,0,0
0,3,0.0,0.4615,0,0,3067.4162,5,2,1,200.6024,11226.5944,13,7,11,0.5278,0,0
7,0,1.0,0.4571,0,0,0.8831,38,1,0,126.7463,4775.9993,2,5,9,0.651,0,1
2,2,0.5,0.7027,0,0,13.4436,7,1,1,245.3894,4429.3694,270,57,14,0.5264,0,1
0,1,0.0,0.5368,0,0,3342.2217,5,0,1,48.717,7718.0416,6,3,10,0.2399,0,0
2,1,0.6667,0.6902,0,0,1368.8927,12,0,0,192.78,32236.6154,17,8,14,0.8912,1,1
0,2,0.0,0.5292,0,0,804.0157,1,0,1,61.6494,767547.6054,11,3,7,0.5855,0,0
1,5,0.1667,0.9551,0,0,2191.5912,2,1,1,83.0238,8110.5522,17,6,9,1.2886,0,0
2,5,0.21927491478016942,0.7441289542652731,0,0,3138.528689049038,10,1,0,975.3894965374752,62738.4601518431,11,4,11,1.3918780372496535,0,0
0,4,0.0,0.8988,0,0,2277.7299,5,0,1,440.4283,800000.0,6,8,2,1.2159,0,0
0,3,0.0,0.5132,0,0,1477.066,5,0,0,424.3084,99317.4965,6,1,2,0.9004,0,0
0,5,0.0,0.7467,0,0,1965.8967,9,1,1,1159.6145,10387.0784,14,7,13,0.3237,0,0
0,2,0.0,0.7278,0,0,937.927,11,1,1,28.1091,681945.6362,7,6,18,1.3739,0,0
1,1,0.5,0.8289,0,0,1352.5306,10,2,1,147.5998,30449.521,2,0,13,1.3701,0,0
0,4,0.0,0.7195,0,0,2296.2666,8,0,0,142.9223,4490.4346,7,8,6,0.461,0,0
0,3,0.0,0.472,0,0,3136.6646,5,0,1,181.4964,101.3172,8,0,7,1.4234,0,0
1,1,0.5,0.7139,0,0,3224.2601,3,2,1,100.6022,1972.3048,8,5,6,0.02,0,0
0,5,0.0,0.7551,0,0,314.2429,12,0,0,212.5586,5682.8574,5,0,1,0.1224,0,0
1,2,0.3333,0.9864,1,1,587.7429,3,1,0,1200.0,43037.6074,5,5,19,0.4294,0,0
0,1,0.0,0.8827,0,0,524.4418,11,1,1,150.8063,185964.3119,10,7,14,1.4822,0,0
0,4,0.0,0.8732,0,0,3508.435,12,1,1,39.8588,376273.4681,6,7,9,0.5448,0,0
10,0,1.0,0.1105,1,0,15.7398,16,2,0,51.2813,18977.131,4,11,4,1.8487,0,1
23,0,1.0,0.0384,0,1,15.2041,38,0,0,139.7228,17870.6492,5,7,7,1.2095,1,1
0,1,0.0,0.5399732285495742,0,0,2994.7710149123145,4,2,1,-55.12487576051623,201436.75652456924,3,0,3,0.4088108670432217,0,0
0,1,0.0,0.7891,0,0,670.99,2,1,1,172.3829,274868.3691,14,8,14,1.2035,0,0
1,2,0.3333,0.8918,0,0,1396.612,11,1,1,53.5867,31846.6973,4,1,9,0.3131,0,0
0,5,0.0,0.8178,0,0,3370.1747,1,1,1,606.1835,44216.0325,15,2,15,0.6325,0,0
0,2,0.0,0.6499,0,0,1639.4944,1,2,1,981.4418,59881.8494,15,6,2,0.0556,1,0
0,3,0.0,0.5378,0,0,436.0989,8,0,0,11.4874,126287.6666,12,1,7,0.9631,0,0
1,3,0.25,0.878,0,0,1777.533,11,1,1,12.3639,83461.3696,3,8,12,1.3982,0,0
0,2,0.0,0.8298,0,0,2833.9383,4,1,0,8.2461,38213.6413,3,4,6,0.7187,0,0
0,1,0.0,0.9363,0,0,3124.4571,9,2,0,396.0434,201.9401,13,7,15,0.7881,0,0
0,1,0.0,0.9990073237232211,0,0,820.1914251023682,9,0,0,306.90737452590014,546969.0791575914,5,3,18,0.6016894328363647,0,0
1,1,0.5,0.771,0,0,2585.9711,1,2,1,44.5814,80170.7771,2,5,10,1.1295,0,0
1,1,0.47057722449498046,0.2455775404845351,1,3,-552.3719945135188,7,0,0,-39.862571176784144,-73189.75996349372,7,5,0,0.5162348573267906,0,1
0,2,0.0,0.9676,0,0,2315.7518,1,1,1,16.2109,800000.0,17,5,6,1.2468,0,0
0,3,0.0,0.6749976192283232,0,0,598.2464370381178,3,0,1,-12.026710527308751,-12800.827202747463,2,8,11,1.5667951078448648,0,0
6,1,0.8571,0.0907,1,3,6.5077,46,8,0,88.3742,9727.8101,2,3,14,0.1644,1,1
0,4,0.0,0.8012,0,0,3597.177,9,2,1,803.8953,5314.3418,8,1,3,0.5789,0,0
1,5,0.1667,0.7197,0,0,2031.7589,10,2,0,277.9585,101048.1845,15,0,15,1.0923,0,0
0,1,0.0,0.4945,0,0,2359.4274,8,2,1,192.8589,2680.0176,12,5,17,0.1722,0,0
7,0,1.0,0.3751,1,1,8.9755,19,5,0,85.7898,11188.936,2,11,5,1.5161,1,1
2,4,0.3333,0.6821,0,0,2284.3258,10,2,1,57.0578,13757.9374,8,6,1,1.0119,0,0
0,4,0.0,0.6096,0,0,3511.0431,8,1,1,4.0293,102612.2214,14,2,13,0.8413,0,0
1,5,0.1667,0.842,0,0,1581.0777,1,1,1,107.6858,18894.811,1,5,10,0.8261,0,0
1,1,0.5,0.7613,0,0,2009.6559,3,2,1,105.4696,37589.0613,17,0,6,1.5034,0,0
23,2,0.92,0.1193,0,0,6.4932,31,1,0,67.626,15724.8638,5,7,4,1.5436,1,1
1,0,1.0,0.4308,1,1,485.3126,9,1,1,43.1362,7509.4238,13,2,1,2.0952,1,1
20,2,0.9091,0.1638,0,1,12.0963,12,2,0,59.2672,14601.1245,9,13,9,1.2154,1,1
0,1,0.0,0.9333,0,0,604.2396,9,0,0,150.05,6046.3491,7,4,17,1.1204,0,0
0,5,0.09168467955066022,0.6176359796566151,0,0,4021.0804190029476,6,0,0,1183.9843946590954,166157.11007929637,2,1,14,0.20299126110515253,1,0
0,2,0.0,0.515,0,0,2322.9413,10,0,1,9.5791,33413.9576,9,6,15,1.4693,0,0
1,2,0.3333,0.4913,0,0,905.3564,5,0,1,97.7052,494.2167,15,3,4,1.2049,0,0
1,1,0.6326620046494751,0.6907241170794429,0,0,1058.8830974668958,6,0,0,64.00419341593779,-66281.02185766511,14,5,19,0.7679956741176628,0,0
0,3,0.0,0.5013,0,0,1085.0812,9,1,1,45.1555,3852.0471,16,5,15,2.0271,0,0
3,1,0.75,0.5138,0,0,4.1159,55,6,0,82.5412,11193.6717,4,3,7,0.8086,0,1
1,4,0.2,0.545,0,0,471.6081,6,0,0,866.0386,390.168,16,1,15,1.8723,0,0
2,1,0.6667,0.4035,1,6,51.9157,8,1,0,23.3999,4466.6735,7,1,0,1.22,0,1
1,4,0.21902992335241497,0.7831094309295016,0,0,1123.7494943382476,1,2,1,160.07409675743332,368542.80246386223,2,2,14,0.5304513033942694,0,0
0,5,0.0,0.4869,0,0,2824.0319,8,0,1,55.5856,12576.063,2,3,14,1.1042,0,0
0,5,0.0,0.7062,0,0,2801.2833,2,0,1,15.1579,18032.1668,9,8,4,0.6965,0,0
1,1,0.5,0.7344,0,0,2456.8271,12,1,1,93.2989,11278.0288,16,3,9,1.6948,0,0
1,4,0.2,0.9662,0,0,2184.1232,11,2,1,23.6099,371184.5303,7,0,4,0.6418,1,0
2,5,0.2857,0.4533,0,0,1632.9004,2,2,1,454.6129,28189.4005,4,3,19,1.5924,1,0
2,1,0.6667,0.4398,1,1,216.1039,5,2,1,12.8089,7120.9816,18,5,3,1.4156,1,1
2,4,0.3333,0.8655,0,0,3092.5672,4,1,1,23.6197,44169.1252,7,4,11,0.453,0,0
0,5,0.0,0.46423113288386864,0,0,370.1978506435256,6,2,1,1242.539531079455,124290.54390025724,14,2,5,0.6866694632138627,0,0
0,5,0.0,0.7623,0,0,2533.7931,10,0,1,210.9572,8309.241,16,7,19,1.1764,0,0
1,1,0.5,0.8546,0,0,1374.2867,4,0,1,68.9986,2888.5776,12,3,4,1.8956,1,0
9,1,0.9,0.004,0,1,3.1953,44,3,0,89.0337,13853.0764,5,4,3,1.1369,1,1
2,0,1.0,0.181,1,2,215.9578,3,0,0,27.5636,4153.1003,8,1,1,0.9243,1,1
0,2,0.0,0.5781,0,0,3261.9829,1,1,1,100.0356,8851.5737,13,0,12,2.1055,0,0
1,4,0.2,0.7559,0,0,681.0868,3,1,1,390.9857,3476.719,16,7,4,1.0216,0,0
1,2,0.3333,0.924,0,0,234.4088,6,1,1,437.422,100.0,3,4,13,1.2711,0,0
1,1,0.5810522932247048,0.70263750167107,0,0,2824.5123815900383,8,1,1,-48.50053160577706,4579.776834488408,5,2,15,1.7935841953197547,0,0
1,2,0.3333,0.9035,0,0,2399.0756,8,1,1,458.4343,868.9728,8,6,15,0.7587,0,0
1,3,0.25,0.5861,0,0,289.6607,8,1,0,187.136,104008.3134,1,1,2,0.5456,1,1
0,2,0.04161649818900023,0.946575610934044,0,0,977.2941636219698,11,2,1,235.54725924971484,250930.55958665657,8,6,18,0.5086104696136702,0,0
0,3,0.0,0.8424,0,0,1663.976,9,0,1,20.3767,44061.3998,7,2,0,1.1051,0,0
3,0,1.0,0.7756,0,0,9.2702,1,1,0,41.6762,4543.7141,116,56,19,0.9327,1,1
1,3,0.2673141947462177,0.8581152405136159,0,0,2096.9030514790993,7,1,1,126.80099260035274,786763.513271068,7,8,8,1.0675227257403368,1,0
3,2,0.6,0.9781,0,0,376.1449,8,2,1,13.0499,242.4333,7,1,15,1.2143,0,0
0,1,0.0,0.5443,0,0,3586.3751,12,0,0,137.1258,43734.2269,1,0,4,0.7822,0,0
0,4,0.02021741965741195,0.6794211583704254,0,0,1748.5402978872157,12,1,0,1123.3015723227131,818233.8654932997,9,5,12,0.685021678836653,0,0
0,2,0.0,0.9625,0,0,2455.0292,4,0,1,518.9149,2236.8956,6,2,5,1.5997,0,0
1,3,0.25,0.7688,0,0,1941.9922,5,2,0,31.2558,100.0,8,0,14,1.3562,0,0
0,2,0.0,0.8937,0,0,2278.2364,9,1,1,5.3076,800000.0,1,0,18,1.5815,0,1
0,5,0.0,0.4916,0,0,2472.3336,7,0,1,222.1324,8677.1241,10,6,9,1.2114,0,0
0,1,0.0,0.6506,0,0,1655.8317,9,0,0,11.3208,36242.0757,12,8,16,0.7499,0,0
0,4,0.0,0.6877,0,0,89.6691,9,0,0,97.7657,4358.3395,11,4,4,0.6052,0,0
2,1,0.6667,0.3779,0,0,427.3214,7,1,1,9.3678,5917.8756,18,0,0,0.6899,1,1
0,4,0.0,0.5969,0,0,2851.1796,4,0,1,26.6898,1614.1328,5,0,16,0.9708,0,0
0,1,0.0,0.6628,0,0,1511.5772,2,2,1,9.3914,9132.4869,2,4,18,1.4943,0,0
0,3,0.0,0.5737,0,0,2375.1791,6,0,1,93.3308,22206.7297,11,1,11,0.4544,0,0
0,1,0.0,0.8269,0,0,3284.3915,7,1,1,100.0399,52137.6554,9,1,0,0.1513,0,0
3,1,0.75,0.3428,0,0,2.456,6,2,0,230.5384,1117.3747,202,56,15,0.6148,0,1
0,3,0.0,0.5326,0,0,725.9564,6,0,1,28.6709,800000.0,16,1,11,1.1187,0,0
1,1,0.5,0.6447,0,0,3321.5481,7,0,1,34.4233,28630.5601,6,2,10,0.8993,0,0
0,3,0.0,0.8354,0,0,1618.2557,12,1,1,33.0035,800000.0,1,5,0,1.0588,0,0
1,2,0.3333,0.5143,0,0,4.6826,5,1,1,42.2807,4349.8937,173,15,14,0.3854,0,1
2,2,0.5,0.8465,0,0,2006.3141,4,0,1,1200.0,20981.2984,7,7,4,0.4993,0,0
0,4,0.20207486190450805,0.9503215156504969,0,0,2289.881740382658,11,2,1,109.6844509408957,37849.93361326312,9,7,10,0.7413414727519254,0,0
0,5,0.0,0.9557336926427078,0,0,2316.140364245629,6,0,1,320.9029183455178,367083.6914318451,7,0,17,1.3194991900424997,0,0
0,2,0.0,0.6812,0,0,2262.8873,10,0,1,12.9201,800000.0,6,0,3,1.2164,0,0
1,2,0.3333,0.7929,0,0,2046.6563,5,0,1,65.2504,800000.0,2,8,11,1.5192,0,0
3,0,1.0,0.6883,0,0,1.6821,9,3,1,85.5152,2107.9403,210,95,19,1.0925,0,1
7,1,0.7974624193816466,0.3974102103764645,0,1,-463.0668060909845,38,2,0,85.24492268215165,100029.38003704224,4,2,2,2.7530702072036153,0,1
0,2,0.0,0.7914,0,0,3029.3044,5,1,1,24.4932,19674.6697,13,0,8,1.4985,0,0
1,2,0.3333,0.8369,0,0,1434.1403,3,1,1,39.4921,163081.9919,8,7,2,0.6836,0,0
1,2,0.3333,0.5096,0,0,2752.2503,2,2,1,1200.0,13072.0711,10,2,18,1.7543,0,0
2,1,0.6667,0.831,0,0,2019.7284,1,2,0,47.5862,175.0144,3,3,17,0.0498,0,0
0,5,0.0,0.6302,0,0,1871.9642,4,0,1,2.5823,103723.0926,1,2,1,0.8905,0,0
4,1,0.7287396381194811,0.21505045453243704,0,0,227.64634728383868,9,0,0,-32.52417628904348,29148.54040432891,7,4,4,0.5332535009078725,1,1
2,3,0.4,0.4751,0,0,1657.8528,11,0,1,1200.0,3607.8687,16,3,12,0.1438,0,0
0,2,0.0,0.7751759594456341,0,0,1360.5243570660548,5,0,1,659.6422800649818,-40229.742708363454,4,0,5,0.917709759596806,0,0
0,5,0.0,0.7293839726581505,0,0,-0.34830587537422275,1,0,1,-103.19114098473564,39423.23179201243,9,1,1,1.4499743934477163,0,0
0,1,0.0,0.5383,0,0,1721.8465,1,2,1,994.2794,53214.8641,3,2,15,1.0176,0,0
3,4,0.4286,0.6237,0,0,139.5735,6,1,0,153.7988,876.9536,7,7,2,1.2902,0,0
1,1,0.5,0.4503,0,0,1.8489,5,3,1,116.9543,4955.5165,54,17,18,1.0403,0,1
2,1,0.6667,0.5309,0,0,61.9031,3,2,0,7.4724,7856.8549,3,7,2,1.4371,1,1
2,2,0.5,0.7184,0,0,14.1162,4,1,0,169.5079,555.1728,215,31,23,0.5176,1,1
1,3,0.25,0.943,0,0,3478.2425,11,1,1,71.9429,2307.5836,14,7,1,1.1178,0,0
3,0,1.0,0.5207,1,1,4.4396,30,2,0,23.8743,7068.0537,5,2,7,1.0253,1,1
0,4,0.0,0.9486,0,0,2005.3915,7,2,1,94.2153,102835.8381,3,2,16,1.5277,0,0
1,3,0.25,0.4862,0,0,2818.6603,6,1,1,375.1642,800000.0,4,7,2,1.0443,0,0
2,4,0.3333,0.8244,0,0,2351.9308,4,0,1,47.6725,268360.7766,4,2,15,0.827,0,0
1,2,0.3333,0.5746,0,0,1944.3584,10,1,1,1200.0,27762.9826,2,0,1,1.1165,0,0
1,3,0.3079689057446863,0.5772167139349482,0,0,783.5587041754843,6,1,1,123.38034808951065,180964.7756974289,6,3,3,1.5337979490933122,0,0
0,5,0.0,0.5326,0,0,258.8076,2,1,0,77.2741,165469.4944,14,7,5,1.0982,0,1
1,2,0.3333,0.5682,0,0,2014.767,2,2,1,36.914,96862.9901,12,7,2,1.0407,0,0
0,2,0.0,0.6383,0,0,2572.7593,10,1,1,69.0519,66359.9464,2,8,4,0.2287,0,0
2,3,0.4,0.8139,0,0,1208.5741,3,2,1,3.5059,118849.8154,4,7,3,1.3184,0,0
0,5,0.0,0.8685,0,0,3036.8309,2,0,1,633.5717,716795.6432,3,8,5,1.1441,1,0
6,0,1.0,0.1247,1,4,20.0288,10,0,0,19.27,3504.9625,7,3,1,1.4605,1,1
1,3,0.25,0.7521,1,1,92.3879,10,0,0,181.2345,4093.582,10,1,17,0.999,0,0
1,5,0.1667,0.8136,0,0,3276.0749,1,1,0,78.1883,28792.8896,16,1,19,0.1692,0,0
1,4,0.2124915317743764,0.46100253306287087,0,0,809.2289735441155,3,1,1,5.164401518597941,29836.734609639825,7,2,5,0.807090666064883,0,0
0,4,0.0,0.6964,0,0,476.7554,8,1,0,96.5065,7206.259,11,0,16,0.8584,0,0
21,0,1.0,0.0503,0,0,11.1574,35,1,0,63.8444,17416.6623,8,14,10,1.575,1,1
0,3,0.0,0.4994073354843884,0,0,569.2427247262714,2,0,1,58.24315076548564,-51946.592544583684,4,8,5,1.080373460587003,1,0
0,5,0.0,0.8665,0,0,178.8285,10,1,1,74.2766,13729.2878,17,3,3,0.7825,0,0
0,4,0.0,0.794,0,0,1481.68,9,0,1,18.0256,55047.9071,11,0,1,1.9207,0,0
1,4,0.2,0.8075,0,0,1266.9131,2,1,0,27.9735,591805.3612,12,1,17,0.9028,1,1
0,4,0.0,0.505,0,0,3264.1689,5,2,1,142.8445,8706.3786,14,1,0,0.5593,0,0
0,3,0.0,0.8437,0,0,3136.391,8,1,1,1140.3084,11566.2438,14,5,8,0.933,0,0
2,1,0.6667,0.6307,0,0,3058.0158,12,2,1,23.1511,401.245,7,1,17,1.4549,0,0
1,4,0.2,0.4948,0,0,577.1717,7,0,1,1200.0,447420.2762,17,1,9,1.7191,0,0
7,0,1.0,0.0273,0,0,6.7373,37,4,0,34.8224,2155.7497,5,6,13,1.398,0,1
1,3,0.25,0.4835,0,0,2827.4468,8,0,1,86.8246,488486.5279,3,3,7,1.4001,0,0
2,1,0.6667,0.8956,0,0,676.7002,10,2,1,161.2823,218112.3793,2,7,3,1.2155,0,1
21,2,0.913,0.1787,1,0,9.5403,35,0,0,107.3878,11642.3289,2,7,6,1.3513,0,1
2,1,0.6667,0.6039,0,0,14.5726,1,1,1,70.5018,4130.8475,54,31,25,0.5647,0,1
2,1,0.6667,0.5926,0,0,11.9026,6,2,0,247.4865,1802.7148,249,15,22,0.632,0,1
2,1,0.6667,0.5466,0,0,1518.4951,3,1,1,797.2333,108225.8504,1,7,7,0.8792,0,0
1,0,1.0,0.3086528372525864,1,5,-13.196547554661258,3,1,0,-23.492647324868315,-42675.8767276519,7,1,1,1.6318052836474595,0,1
4,1,0.8,0.4438,0,0,29.3408,4,0,0,28.4945,2747.6868,7,0,3,1.4504,1,1
0,3,0.0,0.6451,0,0,3599.7782,1,0,0,15.0326,800000.0,13,5,18,0.5572,0,0
24,1,0.96,0.5325,0,0,9.9715,37,1,0,71.5912,11230.9959,3,4,2,1.1479,0,1
0,3,0.0,0.9611,1,1,2561.5946,10,0,1,1200.0,4824.9507,17,6,7,1.1198,0,0
0,3,0.0,0.7217,0,0,1590.9096,5,0,1,51.0699,51062.7031,11,3,2,1.2303,0,0
4,0,1.0,0.5972,0,1,11.5305,3,1,0,54.1613,6365.8952,3,7,3,1.4174,1,1
0,4,0.0,0.7271,0,0,1414.4222,10,0,0,85.7737,7493.2144,16,3,9,1.6475,0,0
11,0,0.8463030272466145,0.5169387737070484,1,2,270.52185979533317,53,5,0,138.81160166621282,-14232.036674144267,8,10,9,1.97458214701731,0,1
2,0,1.0,0.461,0,2,442.5464,4,1,1,47.5616,8588.7875,8,8,4,1.7105,1,1
0,3,0.0,0.9433,0,0,1920.4092,5,2,1,509.7662,2491.646,12,2,5,1.1009,0,0
6,1,0.8571,0.129,1,4,54.7928,3,1,0,26.793,4282.3621,3,2,0,0.9957,0,1
2,2,0.5,0.466,0,0,14.7117,2,0,0,100.7291,1516.6496,290,49,16,0.4963,0,1
0,5,0.0,0.8547,0,0,846.8741,9,0,1,377.4274,1554.4948,16,2,6,0.5846,0,0
18,0,1.0,0.3311,0,1,14.8624,32,0,0,142.3975,8808.7979,1,14,10,1.6876,1,1
0,2,0.0,0.6707,0,0,3379.1377,1,1,0,139.3088,1641.1696,7,1,4,0.9198,0,0
1,4,0.2,0.6437,0,0,676.6638,1,2,1,238.1511,95415.3446,8,1,3,1.5507,0,0
0,5,0.0,0.8709,0,0,2835.1575,9,0,1,354.5086,26837.7334,4,6,8,0.1471,0,0
1,1,0.5,0.7054,0,0,3375.9219,3,2,0,329.3865,121223.0621,17,5,16,1.0104,0,0
0,3,0.0,0.892,0,0,2145.2832,2,2,1,310.7535,3845.067,2,2,14,0.6508,0,0
0,1,0.0,0.5363679802145651,0,0,3300.347140646576,4,1,1,30.40242923548135,38855.68812019179,14,5,16,0.6919712428621971,0,0
2,3,0.3538635438057837,0.9070019689318964,0,0,3755.9101019808536,5,2,1,230.62894147430623,111531.49104593843,14,7,6,1.3732573957633156,0,0
0,4,0.0,0.8547,0,0,2197.2667,11,1,1,78.2894,3195.7812,8,4,17,1.4785,0,0
5,2,0.7143,0.0204,0,1,12.3821,11,2,0,32.1198,9367.2841,9,7,4,1.6027,1,1
15,1,0.9375,0.3245,0,1,16.2644,16,1,0,115.9964,6758.4726,8,6,10,0.3492,0,1
5,1,0.8333,0.1797,1,3,24.6816,5,0,0,12.2931,4138.2905,7,3,1,0.9284,1,1
0,2,0.0,0.819,0,0,1346.5414,10,2,1,64.7659,14078.9273,16,2,8,1.0262,0,0
0,3,0.0,0.7545,0,0,2425.2072,11,1,1,109.5178,19061.8052,3,1,1,1.5599,0,0
11,1,0.9167,0.0194,1,3,6.804,17,8,0,57.6719,10521.2354,10,9,12,1.3509,0,1
1,4,0.2,0.6379,0,0,2422.8164,6,2,1,144.874,1882.3456,6,2,14,0.8109,0,0
1,1,0.4569761990305324,1.0,1,2,-41.71688479750932,9,2,1,349.99827501693306,-76815.92776811725,12,2,14,1.5145152161568223,0,0
0,4,0.0,0.7654,0,0,3447.6677,9,2,1,88.5736,9420.5978,17,3,4,0.9145,0,0
2,4,0.06235675089465159,0.4929828515699615,0,0,2908.7420089462053,1,0,1,601.2623443547744,87789.21804548055,4,1,1,1.366653190954926,0,0
1,4,0.13727973003464328,0.7262530392625557,0,0,3324.430967146906,4,0,1,46.85538646862108,201871.87875318746,3,5,16,1.0907111612681304,1,0
0,4,0.0,0.6999,0,0,211.1987,7,1,1,26.3763,31407.1409,9,1,11,1.3079,0,0
2,1,0.6667,0.1887,1,5,24.32,10,0,0,24.8784,1503.8825,7,3,1,1.0417,0,1
1,5,0.1667,0.8019,0,0,3373.0265,4,0,0,32.5445,66451.2641,5,7,9,1.5375,0,0
0,4,0.0,0.9173,0,0,3008.7051,11,2,1,412.7923,800000.0,16,2,15,0.8015,1,0
0,5,0.0,0.7118,0,0,2857.6166,5,2,0,203.7168,800000.0,13,7,2,1.2468,0,0
0,3,0.0,0.9675,0,0,2646.3756,11,2,1,111.1606,8760.5331,15,7,4,0.4295,0,0
9,2,0.8182,0.2066,1,0,18.7053,29,1,0,133.6188,6711.7025,1,2,8,0.1813,0,1
22,1,0.9565,0.3723,1,1,10.9072,13,0,0,81.7666,19533.8756,2,7,7,0.5817,1,1
1,2,0.3333,0.7628,0,0,1985.2971,3,1,0,200.7781,800000.0,9,1,9,1.0554,0,0
1,3,0.25,0.8421,0,0,555.7824,1,1,1,55.5328,156160.8896,16,2,17,0.7188,1,0
0,2,0.0,0.9489,0,0,2473.2507,12,1,1,1192.7328,167593.3968,17,2,8,1.3028,0,0
1,3,0.25,0.5788,0,0,954.9137,1,1,1,37.0405,8551.4462,10,1,5,1.1645,0,0
1,4,0.2,0.9752,0,0,2852.7003,8,2,1,28.3493,2859.4721,5,4,1,1.1052,1,0
0,2,0.0,0.7976,0,0,1638.2559,7,1,1,52.6057,2763.1186,4,8,6,1.3936,0,0
0,1,0.0,0.9142488172442748,0,0,1659.7780245236852,7,0,1,629.0079951329917,9237.222516239784,5,8,3,0.9813799589129636,0,0
1,2,0.3333,0.8927,0,0,2514.8394,2,2,1,353.4667,800000.0,9,7,5,0.5996,0,0
1,1,0.5,0.5061,0,0,8.9686,7,0,1,63.923,4544.7918,29,14,27,0.7311,0,1
1,5,0.1667,0.6739,0,0,3564.2298,5,1,1,67.1252,75081.3542,1,8,12,0.02,1,0
0,3,0.0,0.7151,0,0,865.5151,8,0,1,3.4568,277087.6278,10,2,18,0.9228,0,0
2,0,1.0,0.25538275320435205,0,0,117.55955062177998,5,3,0,158.04332790790244,43575.968973200186,68,65,22,0.18460625167161848,0,1
0,3,0.0,0.6157,0,0,1278.0241,7,1,1,39.9148,544687.6476,12,8,4,1.3317,1,0
0,4,0.0,0.6594,0,0,300.5878,5,0,0,35.1616,1024.4833,4,8,11,1.2497,0,0
1,1,0.5,0.6539,0,0,2080.5123,8,2,1,21.4,119270.1122,12,8,7,1.0308,1,0
1,3,0.25,0.4773,0,0,849.2089,12,0,1,905.1203,516.6126,5,5,11,1.4819,0,0
0,1,0.0,0.507,0,0,1819.4351,7,0,0,136.2938,66647.0342,15,1,14,0.7422,0,0
1,2,0.18779558015327943,0.7385005260083779,0,0,1925.4942551497265,7,1,1,-19.703326662813396,43053.757693023654,14,7,6,0.8436942530195597,0,0
0,2,0.0,0.8229,0,0,1396.4419,9,1,1,7.1781,800000.0,2,2,9,1.1413,0,0
3,0,1.0,0.2854,0,1,5.451,34,4,0,82.4647,14602.0473,3,3,12,1.5738,1,1
1,1,0.5,0.9411,0,0,1106.738,4,0,1,158.1518,312776.1873,7,2,1,0.9769,0,0
1,3,0.25,0.7506,0,0,2085.5062,2,2,0,90.7631,654047.2765,5,6,7,0.8291,0,0
1,4,0.32468775063561295,0.954029331778361,0,0,835.7093641878652,6,2,1,-73.98563633020505,78515.17954752668,10,6,3,1.2570117193071562,1,0
5,2,0.7143,0.3845,0,1,13.2032,12,1,0,66.7743,9570.1554,6,4,8,1.6779,0,1
1,4,0.2,0.566,0,0,1317.2597,3,1,1,69.0548,5563.4578,2,1,14,1.0932,0,0
0,3,0.0,0.8586,0,0,1034.9948,12,2,1,357.2497,62356.8457,4,0,16,1.2812,0,0
0,5,0.0,0.7873,0,0,3577.7059,7,1,1,72.5657,66640.0486,12,4,4,0.2801,1,0
0,1,0.0,0.9335,0,0,3207.5607,5,1,0,97.3565,12302.9956,10,2,4,1.2175,1,0
7,1,0.875,0.0571,1,6,11.6697,5,0,0,4.1554,4652.7246,7,4,0,0.6294,0,1
1,3,0.25,0.9867,0,0,2732.5305,2,2,0,22.2292,137055.2813,9,6,3,1.6973,0,0
1,2,0.3333,0.9106,0,0,1571.3318,8,0,1,56.3338,295704.0761,6,0,13,1.2336,0,0
1,5,0.1667,0.6155,1,1,2945.0293,5,2,0,6.6661,69830.0525,14,6,7,0.4328,0,0
9,0,1.0,0.1064,1,2,8.1938,15,2,0,14.109,8246.7196,12,11,11,2.1446,1,1
7,0,1.0,0.1149,0,1,7.2654,27,5,0,83.842,5319.5791,11,1,3,0.521,1,1
1,1,0.5027772658269517,0.36431284717658563,1,0,487.46975353425717,8,1,0,-114.55666676241422,-17553.255648244216,16,8,5,1.655342846947088,1,1
2,3,0.4,0.5557,0,0,215.2007,6,0,0,61.6663,2804.108,3,0,3,0.8877,0,0
2,2,0.6766896362773075,0.7569807249823834,0,0,841.0728092564924,11,2,1,92.11764712590745,347379.56875687314,7,8,7,0.2321190417572311,0,0
0,3,0.0,0.729306904092818,0,0,1419.1866500286421,4,1,1,265.9455099192669,40252.56766144278,10,5,14,1.0541833179699776,0,0
1,3,0.25,0.6131,0,0,1099.4359,5,1,1,42.2609,1876.1584,16,2,8,0.8638,0,0
1,3,0.25,0.7178,0,0,101.0164,1,2,1,98.2048,17698.5169,3,7,13,1.2206,0,0
0,4,0.0,0.4985,0,0,2771.4142,1,1,1,49.7788,46055.7207,11,4,5,1.4598,0,0
1,1,0.5,0.381,0,2,109.7292,3,2,0,34.1368,2964.0275,15,0,2,1.0973,1,1
1,4,0.2,0.6155,0,0,1374.8261,10,1,1,96.3875,806.9678,3,7,15,1.1836,0,0
1,3,0.25,0.8515,0,0,2613.8936,6,1,1,18.4332,800000.0,5,8,14,0.7006,0,0
3,1,0.75,0.4985,0,0,334.8793,6,0,1,23.5782,7844.2147,9,5,0,0.3768,1,1
3,2,0.6,0.953,0,0,737.8929,8,1,1,51.1322,315559.2869,3,0,0,0.8266,0,0
0,2,0.0,0.8412,0,0,491.3069,10,0,1,83.2998,800000.0,3,6,10,1.3169,0,0
2,1,0.6667,0.7299,0,0,3563.0401,3,1,1,285.7439,40442.0226,4,7,8,1.3457,0,0
1,0,1.0,0.6899,0,0,12.5674,7,3,1,52.8376,3813.5057,20,22,21,0.6942,1,1
11,1,0.9167,0.3383,1,3,4.9487,32,2,0,36.2833,4469.0188,3,5,3,1.6615,1,1
1,2,0.3333,0.6867,0,0,589.8261,9,2,1,206.8737,1024.7347,7,2,4,0.5479,0,0
1,4,0.08214746904392459,0.9435126495746946,0,0,3155.890291880077,9,1,1,358.7251024008654,110375.58322376932,3,7,11,0.8460907902308475,0,0
0,4,0.0,0.8368,0,0,2141.8923,12,0,1,50.5207,232294.7022,16,0,3,0.6901,1,0
0,3,0.0,0.7111,0,0,2776.783,4,0,0,73.8039,170629.9345,4,8,1,0.7445,0,0
1,2,0.3333,0.5553,0,0,652.7624,1,1,1,67.3816,3523.5422,12,3,6,1.0835,0,0
2,3,0.4,0.6161,0,0,474.7848,4,1,1,628.8819,209.4651,15,6,5,0.9212,0,0
2,3,0.4,0.787,0,0,2728.1914,7,2,1,10.5436,448380.8786,16,8,19,0.9154,0,0
1,1,0.5,0.6362,0,0,159.5805,1,1,1,127.9046,6151.4186,2,2,15,0.962,0,0
0,1,0.0,0.5024,0,0,2914.2709,12,1,1,751.6335,610626.7568,6,0,14,1.7378,0,0
1,4,0.2,0.8152,0,0,269.2147,7,1,0,48.2073,8222.1856,3,2,7,0.8695,0,0
1,2,0.3333,0.4844,0,0,1707.6622,7,0,1,147.1407,6334.9178,3,6,11,2.0734,1,0
1,0,1.0,0.0078,1,3,30.4654,8,0,0,3.3909,3308.2566,7,3,2,1.1645,1,1
1,4,0.2,0.493,0,0,3205.8163,11,2,1,639.8461,800000.0,12,0,3,0.8051,0,0
1,1,0.5,0.6468,0,0,2086.5526,8,2,1,1200.0,96124.6984,13,2,0,1.0902,0,0
1,2,0.3333,0.8076,0,0,3486.0348,11,0,1,62.3498,1575.5332,6,2,5,0.3249,0,0
0,4,0.0,0.6834,0,0,2876.1639,2,1,1,480.3677,2929.174,8,4,3,1.1693,0,0
1,1,0.5,0.6454,0,0,3054.8388,6,2,1,53.7798,949.8909,3,0,13,2.223,0,0
0,3,0.15615225892250062,0.9524034337967966,0,0,2055.996099466462,4,1,1,-9.157966373155531,-64236.372468091926,8,3,8,0.8051049521275335,0,0
18,0,0.8947617961247463,0.40548419227273486,1,1,513.8238119654992,32,1,0,119.13911824877914,100628.5674614029,6,5,2,0.8042362440383276,1,1
0,2,0.0,0.9003,0,0,1912.9276,2,2,1,13.6433,1849.9442,11,5,10,0.5288,0,0
3,1,0.6220564769085453,0.1798211563496673,0,2,318.7500572708361,7,0,1,134.253942712686,37041.1548449885,8,9,3,1.4111944357070605,1,0
3,3,0.5,0.6773,0,0,3584.9871,11,1,1,888.5995,130854.8165,4,4,17,1.4431,0,0
0,4,0.0,0.6127,0,0,3280.0202,7,2,0,1200.0,127328.2825,15,1,1,0.4924,1,0
2,5,0.2857,0.9191,0,0,2545.6286,1,2,1,59.9169,106322.8161,13,8,0,0.02,0,0
18,0,1.0,0.0206,0,0,7.6595,20,1,0,116.4483,19601.21,6,8,5,0.1555,1,1
1,1,0.5,0.5397,0,0,43.5613,3,1,1,18.0079,2527.2698,10,3,3,0.9823,0,0
1,3,0.0837684789628767,0.9005742655392831,0,0,37.76758888688954,12,0,0,-63.9858998017603,82672.11560844643,7,7,3,1.5797911729548433,1,0
0,5,0.0,0.4506,0,0,1183.0961,7,2,1,25.5056,35277.0347,5,1,19,1.2669,0,0
1,4,0.2,0.644,0,0,3116.2937,11,0,0,506.3419,14506.9135,9,5,14,1.0263,0,0
0,5,0.0,0.4578,0,0,1117.313,3,2,1,1050.0574,1420.2854,1,6,5,0.9015,0,0
0,2,0.0,0.9415,0,0,2529.1735,10,0,0,63.204,56583.114,5,7,2,0.7031,0,0
4,0,1.0,0.0144,1,7,51.2309,9,0,0,1.7365,4968.2813,6,2,1,1.7408,0,1
1,0,0.9813587506963763,0.3805781343110215,0,0,243.1794685962972,7,2,0,249.9723122617283,23456.54032877578,181,84,27,0.45795968568868706,1,1
7,0,1.0,0.0444,1,8,3.0994,10,1,0,23.4778,3071.5128,6,3,2,0.3904,0,1
6,0,1.0,0.3165,1,0,5.9041,28,2,0,19.2617,13548.5031,13,3,5,1.6952,0,1
1,2,0.3333,0.5486,0,0,582.9688,11,2,0,196.0414,23753.7042,1,5,0,1.7827,0,0
10,1,0.9091,0.2436,0,1,14.8946,28,0,0,101.0715,2409.1397,1,2,3,0.3129,0,1
0,3,0.16841507377899434,0.7583658714125607,0,0,911.981425646373,5,0,0,87.32915699842695,104360.47259104071,3,7,18,1.1130981446552946,0,0
5,0,1.0,0.3797,1,2,265.0527,7,1,0,8.0799,3089.3343,11,4,5,0.7682,1,1
9,0,1.0,0.537,0,0,9.1954,51,8,0,21.6337,11166.807,6,2,11,0.6854,0,1
0,3,0.0,0.6207,0,0,2181.8794,12,2,1,6.735,92260.8563,11,3,1,1.592,0,0
3,2,0.6246405370882615,0.30819455428108844,0,0,-210.18747020686666,6,3,1,255.26738971247357,91185.27008838554,102,33,23,0.33842416708676987,1,1
0,2,0.0,0.8037,0,0,1486.963,10,0,1,58.0622,7992.0701,8,8,12,1.4907,0,0
0,5,0.0,0.8735,0,0,563.4904,2,2,1,20.1365,5563.7341,1,3,18,0.5289,0,0
0,2,0.0,0.5269,0,0,2351.1082,11,1,0,526.5969,50813.9116,16,3,10,1.2109,1,1
0,4,0.03352856562125607,0.8477893498656202,0,0,3404.0742497650654,2,2,1,28.52484607288519,133331.49403633788,7,0,8,1.026710709217799,0,0
1,5,0.1667,0.7658,0,0,2336.2949,9,2,1,130.5682,119559.3525,10,2,5,0.627,0,0
0,3,0.028715672976066302,0.9200101210286994,0,0,3300.7533020751766,5,2,1,101.36497400969816,13674.91667847848,8,4,6,1.034741978590778,0,0
0,4,0.0,0.7289,0,0,1325.4631,5,0,1,1200.0,1609.2844,15,6,14,0.9329,1,0
0,2,0.0,0.6503,0,0,1970.3749,5,1,1,32.5231,87642.6466,12,7,14,0.3977,0,0
0,2,0.0,0.634,0,0,1176.322,5,1,1,164.512,18854.7298,8,1,5,0.6364,0,0
0,2,0.0,0.9066,0,0,1985.785,2,0,1,59.5545,14572.1472,11,0,12,1.2335,1,0
0,2,0.0798540333407648,0.5641542603009536,0,0,3505.3599050493267,8,0,1,39.553879954298836,23894.68287524744,11,1,18,0.8712852289469326,0,0
2,2,0.5,0.7962,0,0,6.8532,5,0,1,185.0212,1748.9831,276,20,11,0.1629,0,1
0,2,0.017851375451312414,0.709452299943487,0,0,3291.3849228343984,3,2,0,150.79900677591095,-16982.957847274018,12,6,17,1.383573245164028,0,0
11,0,1.0,0.08455630459543674,0,1,-239.10520814478332,25,0,0,80.11048518860554,-26078.751545575036,6,9,10,1.8192168987095914,0,1
2,1,0.6667,0.2122,0,0,236.5772,6,0,0,54.8101,7226.3176,12,9,1,0.6913,1,1
0,2,0.0,0.4567959152678438,0,0,951.1842517231829,5,2,1,-71.34973055629222,217037.75702558228,6,8,0,1.0669201647956759,0,0
0,4,0.0,0.5463,0,0,3542.4882,3,0,1,22.9353,2235.4618,1,0,12,0.9253,0,0
0,5,0.0,0.8272,0,0,2528.0805,12,1,1,1148.3819,72090.4642,8,7,12,0.5214,0,0
0,5,0.0,0.9047280107693303,0,0,369.95048930635306,9,1,0,-16.258478855181764,274961.64532052533,14,1,12,0.6034112347673741,0,0
0,2,0.0,0.4641,0,0,1676.2983,3,0,1,123.8443,7921.853,14,8,18,1.0968,0,0
1,2,0.3333,0.9328,0,0,1117.8373,2,1,1,107.7128,143249.8403,16,1,15,1.0262,1,0
1,2,0.3333,0.8563,0,0,1720.6886,10,0,1,114.0171,800000.0,3,3,19,1.655,0,0
0,1,0.0,0.7656,0,0,294.3199,5,1,1,353.4894,3345.9103,9,5,14,0.6657,0,0
1,5,0.06769916232680064,0.8736172393010848,0,0,763.4893092364504,3,1,1,189.62854985891713,116046.9893085311,6,4,12,0.3091216703631336,1,0
0,1,0.0,0.8366,0,0,2141.2186,12,0,1,7.5245,86858.192,10,4,1,1.8323,0,0
0,1,0.0,0.9697,0,0,2740.1178,1,2,0,112.0612,6569.3745,15,8,0,2.306,0,0
0,3,0.0,0.9825,0,0,2244.3855,1,1,1,360.7444,129865.8645,7,8,8,1.0085,0,0
0,5,0.0,0.6441,0,0,1135.0909,12,1,1,751.794,16081.8085,15,7,3,1.1203,0,0
2,5,0.2857,0.6731,0,0,1461.586,9,1,1,586.8604,32775.0701,9,5,1,1.5268,0,0
1,2,0.3333,0.8519,0,0,34.5397,2,0,1,117.627,279532.8626,13,2,0,1.4105,0,0
4,0,1.0,0.519,0,1,353.065,4,2,1,38.2888,4379.58,7,7,1,1.0894,1,1
0,3,0.0,0.8765,0,0,396.5834,8,1,0,3.3691,800000.0,5,4,19,1.0198,0,0
1,1,0.5276879308428023,0.6828253496407529,0,0,3261.7090751974806,11,2,1,271.15603632606036,81806.39537166266,15,3,15,1.0454467568067556,0,0
9,1,0.9,0.1634,1,1,8.7096,23,9,0,47.5053,14605.9717,4,9,4,1.9367,1,1
0,2,0.0,0.8957,0,0,247.927,10,0,1,45.3896,168.0029,11,1,19,0.2801,0,0
0,1,0.0,0.6648,0,0,1002.7118,10,1,1,13.528,3631.2055,4,6,1,0.7438,0,0
3,2,0.6,0.5142,0,0,3251.9419,10,1,0,77.1617,814.8801,9,2,5,0.9487,0,0
1,1,0.5,0.609,1,2,3196.0546,4,2,1,51.3299,19999.3428,1,0,11,0.396,0,0
0,1,0.0,0.8889,0,0,27.1197,4,2,1,1200.0,15778.0173,9,6,16,1.2634,0,0
2,1,0.7212814711521311,0.5696571997616477,0,0,3036.9730353513637,6,0,1,261.84885283556434,862321.6421658677,4,5,11,1.1246745091630754,0,0
0,1,0.0,0.9828,0,0,3004.0919,12,0,0,137.0523,108569.3565,13,5,8,0.6222,0,0
7,0,0.8491540295723624,0.10056516249551417,1,6,438.64031312930837,8,0,0,-28.250083229868746,-53598.06723788007,4,5,3,1.0090872000822586,1,1
1,0,0.8653933340141293,0.5003838262335558,0,0,354.05833320469617,6,2,0,-57.81155084226276,44129.89177496552,251,96,22,0.97371410025346,1,1
2,5,0.2857,0.897,0,0,3516.1622,7,1,1,17.3011,800000.0,12,2,19,1.55,0,0
19,2,1.0,0.30795092783311073,1,1,-203.72891606637853,33,2,0,66.63620557644046,-11596.120304161917,4,12,4,2.552572953632657,1,1
7,0,1.0,0.2512,0,0,6.5977,21,4,0,21.2288,13481.7625,7,11,7,1.2444,1,1
1,1,0.5,0.4755,0,0,430.4574,5,2,1,1200.0,381969.8093,14,6,12,2.1654,0,0
7,0,1.0,0.0723,1,5,37.8939,4,1,0,22.4627,3053.9836,2,5,0,0.9944,0,1
0,4,0.13702462630603582,0.584830148060445,0,0,2898.655853835838,11,1,0,100.34635098729953,-6955.601055870606,10,3,19,0.13530131062405346,0,0
2,0,1.0,0.6228,0,0,6.6191,9,3,1,111.741,4284.2693,210,64,18,0.2258,0,1
5,0,0.9825003638448139,0.30049830275479517,0,0,218.28825427664125,2,2,0,80.5102326428207,-34397.357588203726,3,1,0,0.9328117166339855,1,1
2,5,0.2857,0.7622,0,0,1348.6954,7,0,1,9.7983,184652.2621,11,4,4,1.6182,0,0
0,4,0.0,0.4644,0,0,2304.4668,10,0,1,316.8203,9920.9122,5,3,8,0.8032,0,0
1,2,0.3333,0.8242,0,0,834.5715,1,2,1,127.7433,17451.8854,15,7,8,0.0361,0,0
1,0,1.0,0.7342,0,0,7.7023,9,0,0,140.4939,841.0619,78,38,19,0.4003,0,1
0,2,0.0,0.8871,0,0,13.0083,7,1,1,228.9428,1279.7144,296,38,25,0.1769,1,1
0,4,0.0,0.7172,0,0,3294.4461,1,2,1,402.449,105955.7432,9,8,14,1.5443,0,0
1,2,0.37395960025995917,0.5767663189160342,0,0,3297.607879974271,9,1,1,170.34773353181913,702.2482696594573,17,7,9,1.0073472218629544,0,0
0,5,0.0,0.8647,0,0,3465.9442,3,0,1,64.216,1729.3505,3,7,10,0.8191,0,0
0,4,0.0,0.9885,0,0,3531.5042,10,0,1,197.09,5103.1145,2,8,17,0.6761,0,0
0,4,0.0,0.8106,0,0,2888.7508,7,1,1,10.3183,1570.1366,16,3,8,0.9542,0,0
22,2,0.9167,0.165,0,0,0.726,23,2,0,141.2852,8429.9985,4,4,7,1.3354,0,1
1,5,0.1667,0.6491,0,0,500.5205,8,0,1,285.8843,101203.6486,6,6,2,0.6813,0,0
0,3,0.0,0.9593295532974477,0,0,1152.3663666222528,9,2,0,1196.6267722117746,-42991.23453295452,7,2,1,1.3218650306851532,0,0
0,4,0.0,0.4915,0,0,602.8967,2,0,1,26.4099,20044.0217,12,0,13,1.2133,0,0
2,3,0.4,0.9544,0,0,2897.4599,11,1,1,255.7685,800000.0,14,1,5,0.5049,0,0
1,4,0.2,0.7671,1,2,2907.6412,11,2,1,756.769,16550.0748,1,4,17,0.2575,0,0
0,1,0.0,0.9717,0,0,2596.6508,4,1,1,97.7606,17074.6128,6,0,7,1.0617,0,0
0,5,0.13926873392289324,0.8590648832231571,0,0,2702.4073199287827,6,0,1,491.3978338763292,261315.76943040246,13,5,2,0.3979969978125417,0,0
2,1,0.6667,0.3244,1,6,25.7278,11,0,0,28.9246,2307.2163,6,5,2,1.1381,0,1
0,5,0.0,0.4765,0,0,2509.958,3,1,0,35.3889,4347.607,16,2,2,1.3606,0,0
2,1,0.6667,0.3345,1,9,22.0052,2,0,0,28.6222,5969.3651,6,5,0,1.432,1,1
1,4,0.2,0.8256,0,0,2914.3437,7,1,0,118.9528,160864.12,7,8,13,0.7753,0,0
0,1,0.0,0.7719,0,0,2902.2826,8,1,1,59.0023,34488.8551,11,3,10,1.9421,0,0
2,1,0.6667,0.1685,1,8,37.255,8,1,0,26.6312,3230.3249,7,4,2,0.6994,0,1
0,1,0.0,0.5091,0,0,1558.4782,11,0,1,443.6623,8838.1593,2,7,2,0.9461,0,0
0,4,0.0,0.6316,0,0,3459.9053,11,2,0,84.5942,40154.2679,10,5,2,0.02,0,0
0,2,0.0,0.4896,0,0,3394.9341,2,0,1,67.3198,21506.7043,1,4,14,1.0002,0,0
1,5,0.1667,0.4697,0,0,1945.0757,8,1,1,104.1465,47831.1995,9,1,15,1.0833,0,0
1,3,0.25,0.4546,0,0,1838.3043,9,2,1,71.7754,24327.3131,13,6,9,0.6289,1,0
1,3,0.25,0.8029,0,0,257.9709,9,1,1,111.5754,77153.7557,14,4,13,1.6057,0,0
6,1,0.8571,0.4413,1,0,2.7316,35,2,0,40.6785,9768.6118,1,4,4,2.1503,1,1
1,5,0.2352866084534643,0.6820126184848347,0,0,1554.88860791473,8,1,1,28.451752818166042,-5173.796657090286,6,6,9,0.9438337268885133,0,0
0,1,0.0,0.5872,1,2,1579.7803,9,1,1,4.6422,150425.9469,6,7,6,0.9582,0,0
3,4,0.4286,0.9572,0,0,441.9449,1,0,1,49.1699,12662.9934,3,8,11,0.648,1,0
1,5,0.1667,0.5521,0,0,2324.8995,12,0,0,122.4806,3345.4686,15,1,16,1.6092,1,0
1,2,0.3333,0.457,0,0,550.1887,8,0,1,150.0195,1300.832,15,8,17,1.063,1,0
5,0,1.0,0.3113,1,3,38.1486,8,1,0,19.8069,3933.319,2,3,1,0.84,1,1
1,1,0.5,0.4195,1,3,19.7352,7,1,0,24.6238,2545.4041,1,5,2,1.5032,0,1
0,1,0.0,0.6685,0,0,1080.3814,6,2,1,283.2643,106982.026,1,0,15,0.8953,0,0
0,2,0.0,0.7134,0,0,3462.8739,11,1,1,33.0256,5698.4395,11,4,12,1.068,0,0
7,0,1.0,0.047,1,0,0.7986,58,9,0,76.6724,6078.7904,9,8,12,1.4763,1,1
5,1,0.8333,0.3621,1,7,11.0655,7,1,0,27.2553,3453.5903,2,0,3,1.5977,0,1
1,4,0.2,0.6946,0,0,1850.1211,2,0,1,13.7899,148996.5069,16,1,5,0.5064,0,0
1,0,1.0,0.1401,0,0,186.8247,2,2,0,57.1084,5851.1626,3,0,1,0.1,1,1
4,1,0.8,0.2769,1,1,444.9818,8,0,0,16.9205,7491.9598,14,6,1,0.6957,1,1
1,5,0.1667,0.6849,0,0,3485.8245,3,1,0,13.6711,800000.0,7,3,8,1.2709,0,0
0,4,0.02554838743968684,0.6177906889079678,0,0,934.4188195997913,1,0,1,96.20800168178769,203085.60185353126,13,8,12,1.3487227837982454,0,0
8,1,0.8889,0.5781,1,2,9.2258,15,4,0,90.9049,12159.892,8,9,3,1.2614,0,1
1,3,0.25,0.8216,0,0,2623.7044,12,2,0,61.1032,3247.607,2,0,3,0.4672,0,0
1,5,0.1667,0.6346,0,0,422.2632,2,1,1,295.7523,1328.3246,17,0,4,0.9577,0,0
1,1,0.5,0.518,0,0,2576.7994,10,2,1,31.7706,184018.9428,11,2,7,1.4175,0,0
1,3,0.25,0.7491,0,0,2604.0791,3,1,1,1200.0,37677.9825,3,4,5,0.6455,0,0
0,5,0.0,0.7529,0,0,617.7435,3,0,1,5.08,751589.3517,4,1,1,1.1055,0,0
0,4,0.0,0.5348,0,0,2166.0895,6,2,1,24.5682,800000.0,3,7,8,1.2867,0,0
18,2,0.9,0.1001,0,0,12.3948,33,0,0,22.9968,19662.9163,4,7,11,0.4174,1,1
9,0,1.0,0.1197,1,2,3.4287,28,9,0,18.3907,12112.8811,5,11,12,1.6372,0,1
1,2,0.3333,0.5832,0,0,2191.6679,9,0,1,1200.0,28834.3927,11,1,10,1.5799,0,0
0,5,0.0,0.6522,0,0,759.9923,10,1,1,777.7528,173585.2786,7,8,3,0.9668,1,0
1,2,0.46614943759014627,0.5590052012934005,0,0,1403.3785128868913,7,1,0,34.20613153281296,2106.8302952621198,1,5,3,0.867832538374197,0,0
0,1,0.0,0.981,0,0,1773.4083,11,0,1,346.5354,5942.6582,10,3,13,0.8,0,0
0,5,0.0,0.6372,0,0,625.9404,9,1,0,139.1418,1069.4925,1,7,3,1.3252,0,0
19,1,0.95,0.3799,0,1,15.8738,17,1,0,38.4658,18132.9241,8,10,3,1.4785,0,1
1,5,0.1667,0.7128,0,0,1755.3795,4,2,1,30.4382,33183.445,11,6,0,0.2734,0,0
0,2,0.0,0.8927,0,0,2432.5569,7,2,1,14.2383,568799.0529,16,0,11,0.7832,1,0
1,4,0.2,0.5392,0,0,2637.7058,1,0,1,181.6506,10326.4484,7,2,4,2.0939,0,0
1,1,0.5,0.2642,1,6,56.6944,2,1,0,17.4987,5853.2222,6,3,2,1.7771,0,1
0,4,0.0,0.647,0,0,923.1109,12,0,1,40.3104,38306.6136,17,3,6,0.5939,0,0
0,3,0.0,0.9005,0,0,2728.4312,8,1,0,67.1113,125772.3372,15,5,7,1.3677,0,0
3,0,1.0,0.0282,1,5,18.264,9,1,0,11.965,1511.4999,5,2,3,1.3123,0,1
0,4,0.0,0.737,0,0,214.8483,6,0,0,69.5052,2450.6036,2,7,7,0.8895,0,0
1,2,0.2655760888505758,0.4850480207924174,0,0,2861.8721841142806,9,0,1,605.6708396650617,70123.83830600907,6,7,12,1.4140724004751393,0,0
13,1,0.9286,0.1245,0,1,0.6357,21,0,0,140.4053,12575.0201,5,10,7,1.3358,0,1
5,0,1.0,0.3214,1,3,0.3089,22,4,0,88.0652,9019.4187,4,7,5,0.1466,0,1
0,1,0.00012435218822941222,0.5529757560507689,0,0,2280.617536059297,12,0,1,189.60875365916087,51414.71065935371,13,2,6,0.5269644309598424,0,0
1,4,0.2,0.5931,0,0,2237.9623,12,1,1,34.2164,5080.7913,4,4,13,0.9668,0,0
0,2,0.0,0.7617,0,0,3384.6289,3,1,1,140.5851,10660.8007,12,1,9,0.3669,0,1
2,5,0.2857,0.9544,0,0,1811.4901,1,0,1,60.5087,100.0,12,8,13,1.4112,0,0
0,4,0.0,0.6251,0,0,1448.5997,3,0,1,801.4902,19714.3094,7,3,16,0.6152,1,0
2,5,0.2857,0.6768,0,0,1585.39,5,0,1,279.9688,1719.2546,8,8,3,0.684,0,0
1,5,0.1667,0.5583,0,0,865.1203,11,1,0,495.2459,800000.0,3,6,13,0.8746,0,0
6,0,1.0,0.4085,1,4,12.4826,5,1,0,16.8347,5094.084,7,0,3,1.0332,1,1
1,3,0.25,0.9552,0,0,3211.7225,12,2,0,692.9021,3890.29,3,4,1,1.3515,1,0
2,2,0.5,0.4996,0,0,1568.813,10,2,1,37.8696,4432.8599,11,8,4,0.0858,0,0
2,2,0.5,0.9494,0,0,1284.7178,9,1,0,547.4976,13904.6973,6,3,3,1.305,0,0
0,5,0.0,0.7939,1,1,1695.1929,10,2,1,529.9236,800000.0,4,4,11,1.4446,1,0
0,3,0.0,0.5559,0,0,2298.6561,3,2,0,12.534,2557.6402,11,8,3,1.3735,0,0
1,4,0.2,0.7464,0,0,1229.9395,8,0,1,658.4275,44266.251,6,6,19,1.2711,0,0
3,2,0.6,0.7182,0,0,10.7797,8,2,1,97.2598,934.6296,148,39,16,0.2118,1,1
0,5,0.0,0.9245,0,0,3502.2768,5,0,1,59.0057,271551.5437,6,4,16,1.6169,1,1
0,1,0.0,0.8592,0,0,1059.146,6,1,1,25.3976,8422.6298,8,8,5,1.2021,1,0
0,2,0.0,0.7251,0,0,2395.6792,4,2,1,32.7626,152121.4452,7,3,5,0.6576,1,0
0,3,0.0,0.9825,1,1,2734.6644,8,0,0,1200.0,32223.982,1,7,7,0.6886,0,0
13,2,0.7970073354723033,0.28606218022187974,1,1,53.452929367186485,38,2,0,206.51033965383692,41739.80885231135,4,3,7,1.3539320211849093,1,1
0,1,0.0,0.9624,0,0,2440.7589,10,1,1,1200.0,626.2994,1,1,9,1.4278,0,0
0,1,0.0,0.7158,0,0,2951.5323,5,1,0,6.9699,374309.719,1,4,19,1.4821,0,0
0,4,0.056081688724363,1.0,0,0,2497.04148371258,5,1,0,805.0582257405556,112969.08737550314,11,4,5,0.021510322592644352,0,0
0,3,0.0,0.5045,0,0,2836.8353,11,2,1,8.3453,145200.527,2,7,19,0.8795,0,0
1,1,0.47631523543615445,0.5150790508307881,0,0,2052.7319338981106,5,1,1,112.65417684807719,27784.118260538013,16,1,4,0.03268971214176811,0,0
0,4,0.0,0.5658,0,0,2109.3938,1,2,0,11.1804,1228.0582,17,5,14,1.31,0,0
5,1,0.8393493312292011,0.4717718998317979,1,0,-169.37062588547673,25,1,0,116.79702438800578,-23850.962780348378,9,5,2,1.5114747132589155,0,1
1,4,0.2,0.6998,0,0,649.3003,12,0,1,65.1027,172351.2135,14,8,11,1.0211,0,0
2,3,0.4,0.8906,0,0,3048.5837,5,1,1,679.1673,54239.9004,17,8,13,0.2758,0,0
3,0,1.0,0.2333,1,4,31.1133,11,0,0,23.1515,644.1006,2,1,2,0.7388,0,1
2,1,0.6667,0.4187,0,0,11.273,2,0,1,271.3567,3047.2033,188,46,10,0.5609,0,1
1,1,0.5,0.7867,0,0,1691.1179,8,0,0,34.9257,342339.2681,6,5,6,1.2981,1,0
1,4,0.2,0.7366,0,0,1221.2656,7,2,0,58.2742,48679.85,17,7,10,1.7299,0,0
0,4,0.0,0.8425,0,0,462.4917,8,1,1,498.3803,51485.0849,12,8,17,1.1913,1,0
1,1,0.5,0.9531,0,0,3434.5738,11,2,0,178.0855,10776.7405,2,7,14,1.3684,0,0
0,4,0.0,0.8761,0,0,1461.5685,4,1,1,1200.0,28008.7506,7,3,9,1.2264,0,0
1,4,0.2,0.8776,0,0,1013.7637,6,2,0,45.4259,225119.4825,13,0,17,0.1807,0,0
2,5,0.2857,0.9336,0,0,879.0026,2,2,0,75.5611,107032.4759,6,5,11,1.2424,0,0
3,1,0.75,0.6581,0,0,13.0785,4,1,1,139.3311,2582.9222,118,56,7,0.8741,0,1
4,0,1.0,0.2013,0,0,7.3296,36,6,0,34.9979,14015.7152,5,9,7,0.3084,0,1
0,5,0.0,0.7272797954866952,0,0,2840.045297332399,8,2,1,-42.24077765893112,309757.90143194323,15,1,3,1.311424154543258,1,0
1,1,0.5,0.695,0,0,967.4334,6,1,1,322.4164,9082.6753,6,2,16,0.8444,0,0
1,5,0.1667,0.8214,0,0,2244.1711,8,2,1,82.6751,100637.0436,12,6,11,1.2902,0,0
1,2,0.3333,0.4874,0,0,46.8796,9,0,1,120.6759,30764.7748,4,7,7,1.5298,0,0
1,1,0.5,0.7123,0,0,2346.8798,7,1,0,27.0674,1435.2146,13,4,3,1.5576,0,1
0,2,0.0,0.8586,0,0,2199.7194,7,1,0,43.0338,177513.0973,12,1,14,0.6311,0,0
1,1,0.5,0.5887,1,2,1705.1889,12,0,1,15.8269,330750.7241,11,0,2,1.9583,1,0
0,5,0.0,0.929080972508315,0,0,2077.432327212977,9,1,1,263.84987024195766,97976.53422923878,16,2,11,0.0,0,0
0,2,0.22751932479387638,0.6606897887507602,0,0,3312.5182009436207,11,0,0,-62.4964940112292,49297.09026978723,15,7,5,1.1527042456022347,0,0
0,4,0.041433931863972574,0.8115380597070312,0,0,3429.2591418788656,9,2,1,582.5047468226009,43086.315419168364,14,2,16,0.8840971349344785,0,0
0,4,0.0,0.6792,0,0,2821.7116,10,2,1,122.6707,25523.2769,4,1,5,1.2037,0,0
3,2,0.6,0.5492,0,0,5.1725,8,2,1,149.7822,874.3353,115,72,7,0.4917,0,0
0,5,0.0,0.7078,0,0,437.7524,2,1,1,28.3562,3092.5398,8,3,7,0.7624,0,0
17,0,1.0,0.2186,0,0,4.8544,25,0,0,27.1063,19559.4093,9,11,2,2.1293,0,1
2,1,0.6667,0.4412,0,0,3.3414,6,2,0,137.9014,2325.5507,114,16,12,0.9416,0,1
3,0,1.0,0.42857210631959963,0,2,265.7965736443593,7,2,1,149.84106731238614,76981.6195518307,3,7,1,1.4511899405307207,1,0
2,2,0.5,0.5349,0,0,1840.4116,6,0,1,1200.0,250366.2323,3,7,2,2.2816,0,0
0,5,0.0,0.7562,0,0,914.691,11,1,1,163.0058,33825.628,10,3,0,1.0152,1,0
1,3,0.25,0.9017,1,1,1458.3541,10,1,1,27.4638,373145.8769,9,3,19,1.1099,0,0
1,5,0.1667,0.5247,0,0,1555.1504,11,0,0,1200.0,43276.8699,5,3,8,0.02,0,0
2,3,0.4,0.8825,0,0,1808.4985,3,0,1,107.9067,168582.4062,16,3,10,0.2581,0,0
24,1,0.96,0.5403,0,0,5.7172,28,2,0,143.752,16935.6641,5,14,9,0.9339,0,1
0,2,0.0,0.7715874467882555,0,0,2454.877015068243,7,1,1,173.4643830396904,-19607.167732771843,6,6,6,0.8905072277101048,0,0
0,5,0.0,0.8518,0,0,1391.287,3,1,1,113.7508,800000.0,6,5,13,1.2612,0,0
0,3,0.0,0.8102,0,0,2075.6361,3,0,0,271.0132,19954.4222,17,0,0,1.3135,0,0
0,4,0.0,0.942,0,0,1749.7812,5,2,1,60.2441,88501.5388,4,6,12,1.3988,0,0
0,5,0.09618665365726568,0.6324978016058281,0,0,841.1557181953148,9,1,1,825.3708030104098,-9047.940771722766,4,2,10,1.3403782143446323,0,0
3,5,0.375,0.8061,0,0,3280.4226,11,1,1,434.5467,27908.5353,9,5,19,0.4791,0,0
0,3,0.0,0.7087,1,1,3346.1722,12,0,0,77.6055,17232.5775,16,4,15,0.5141,0,0
0,4,0.0,0.5679173248171153,0,0,3326.8002679146434,6,1,1,190.4723227207757,3031.136035331866,4,5,2,0.45678770135938496,0,0
2,2,0.5,0.4985,0,0,0.9347,1,0,1,233.8379,1141.7246,158,58,13,0.0,0,1
0,2,0.0,0.7782,0,0,1854.1118,10,2,1,25.5416,195735.6186,8,8,18,0.2785,0,0
0,2,0.0,0.5958,0,0,1287.9711,3,1,1,435.6145,4802.391,17,2,15,0.91,0,0
0,4,0.0,0.6103,0,0,3537.9742,8,1,1,251.1928,10309.2922,1,3,1,1.0464,1,0
1,5,0.1667,0.5298,0,0,1316.0464,4,2,1,13.2411,7722.1464,7,4,16,1.122,0,0
0,3,0.0,0.5213,0,0,1403.1202,7,0,0,9.6141,52209.4978,11,8,10,0.7232,0,0
16,0,1.0,0.0753,0,1,17.8634,30,1,0,33.4158,17543.6663,6,5,9,1.0199,1,1
16,0,1.0,0.3995,0,0,4.317,39,2,0,139.471,19855.3205,2,13,3,0.5179,1,1
1,4,0.2,0.5702,0,0,2202.1913,9,2,1,313.5966,37174.2291,13,4,2,1.1692,0,0
6,1,0.8571,0.2633,1,5,25.4273,8,0,0,10.5056,5364.9084,3,0,0,0.5397,1,1
0,3,0.0,0.6878,0,0,3146.1879,10,2,1,34.7124,414.5642,9,2,4,1.206,0,0
1,5,0.1667,0.7003,0,0,3340.5513,6,1,1,21.8381,242720.5766,9,0,9,1.0999,0,0
0,1,0.0,0.8008,0,0,1189.7602,10,0,1,6.7707,256426.1235,9,1,3,0.8333,0,0
2,0,1.0,0.2435,1,6,11.2539,9,0,0,3.7321,5311.2554,7,5,1,1.2867,0,1
0,2,0.0,0.6746,0,0,2894.6677,4,1,1,94.0125,43693.0738,1,2,3,0.634,1,0
0,3,0.0,0.6762,0,0,2583.5272,1,0,1,933.4858,315055.1187,4,4,16,0.5068,0,1
1,2,0.3333,0.8335,0,0,222.565,3,2,1,5.6777,800000.0,6,7,8,0.7867,0,0
0,1,0.0,0.8039,0,0,975.4531,10,0,1,1200.0,6769.0854,5,0,15,0.02,0,0
2,0,1.0,0.1635,1,6,50.131,8,0,0,9.812,2770.1084,4,2,2,1.0134,1,1
0,4,0.0,0.7631,0,0,1008.7683,8,0,1,619.0189,16682.2643,5,7,11,1.055,0,0
0,3,0.0,0.7878,0,0,1688.2513,11,2,0,344.7554,85580.4015,14,8,2,1.3391,0,0
4,1,0.8220728830222336,0.24662869026679524,0,1,-12.246920945143586,6,0,0,-20.239605740054465,7410.148645100781,12,1,3,0.7308986673396817,1,1
0,1,0.08758004219459549,0.7907322612758475,0,0,-304.78611999914534,4,3,0,219.23936023086122,-68503.85904836498,203,96,16,0.07686799392797165,1,1
1,5,0.2260062307701658,0.7226757311571784,0,0,1996.6557993261727,3,2,1,110.68198515379294,795645.3691587,16,7,13,0.8527141808638857,0,0
6,1,0.8571,0.1625,1,3,56.1913,6,1,0,6.9961,3896.4354,2,0,3,1.1228,1,1
2,4,0.24148970470335684,0.7279546186381625,0,0,211.30046748982662,7,0,0,51.11033871670432,37574.179496781486,11,7,8,1.4904231241245787,0,0
1,2,0.28495027436234716,0.920062224954152,0,0,3368.2777727482908,5,2,0,527.8805615530557,-63397.64213671044,8,5,12,0.3200782351476631,1,0
1,1,0.5,0.6381,0,0,1057.3822,6,2,1,252.6475,8591.3793,10,4,1,0.9702,0,0
0,5,0.0,0.4643,0,0,2826.7494,10,1,0,25.1796,6713.6393,11,4,14,0.4143,0,0
0,4,0.0,0.5537,0,0,3412.9492,7,1,1,60.476,21526.2909,15,0,8,0.7703,0,0
2,3,0.4,0.4599,0,0,3119.2276,4,2,1,4.042,61731.3175,6,1,17,1.1017,0,0
1,5,0.1667,0.8262,0,0,2895.3091,12,2,1,1200.0,14163.3791,5,5,5,1.1829,0,0
0,1,0.08703174395632278,0.9444649643234213,0,0,1012.281726265979,12,0,1,709.0064510148752,-84420.81032896663,3,3,8,1.2764057646262512,0,0
3,0,1.0,0.2366,1,5,14.8023,3,0,0,11.2124,392.3093,3,0,0,1.3631,0,1
0,4,0.0,0.7292,0,0,1423.9217,4,0,1,3.1928,8138.8064,2,6,13,0.8016,0,0
1,3,0.25,0.646,0,0,1095.2863,9,0,1,85.2082,8677.5556,15,0,12,0.9484,0,0
1,2,0.3333,0.5634,0,0,2968.6036,11,1,1,126.5936,349906.634,16,5,6,1.4863,0,0
0,0,0.0,0.4743,0,0,11.1199,7,0,0,33.7048,601.0555,53,25,17,0.474,1,1
0,4,0.0,0.4842,0,0,1849.2338,6,2,1,113.4093,800000.0,9,0,13,1.7951,0,0
1,2,0.3333,0.8049,0,0,2249.2053,6,0,1,71.1397,113157.1829,13,3,13,0.7255,0,0
2,1,0.6667,0.2325,0,2,23.8507,7,2,0,24.5805,3615.612,15,5,4,1.6345,1,1
0,3,0.0,0.5286,0,0,509.9183,4,0,1,8.6841,749.7349,16,6,14,1.0491,0,0
2,2,0.5,0.9051,0,0,1217.5497,7,2,0,69.0766,399.1211,16,1,9,1.1478,0,0
1,2,0.42945600389983407,0.5586957720606156,0,0,2913.1825119354035,12,0,1,1215.7157642104883,18311.044319379136,11,6,11,1.5707775584674342,0,0
2,1,0.6082752778939647,0.5330346241184212,1,1,177.75111654907278,9,1,1,131.71107998836007,27493.187678826012,1,9,4,0.5302745591660004,1,1
0,4,0.0,0.489,0,0,1883.251,11,1,0,86.4851,539647.5154,9,4,9,0.8145,1,0
2,2,0.5,0.8269,0,0,739.4488,7,1,1,1.0,800000.0,4,1,8,0.4251,0,0
1,1,0.5,0.4791,1,1,2187.6514,6,2,1,1200.0,5869.5052,10,2,0,1.5039,0,0
1,4,0.2,0.6556,0,0,1970.5285,1,1,1,156.464,43118.8866,16,7,9,1.3205,0,0
2,1,0.6667,0.7703,0,0,1561.9522,11,0,0,20.7174,15639.0544,10,0,12,0.1031,0,0
0,4,0.0,0.8816,0,0,3345.7915,11,2,0,26.8201,800000.0,12,2,12,1.0155,0,0
4,1,0.8,0.3406,1,4,27.4831,6,0,0,15.161,2933.9026,7,1,2,1.3534,1,1
1,2,0.3333,0.679,0,0,2529.7971,2,2,1,74.9977,91278.7459,12,0,3,0.5589,0,0
1,3,0.25,0.5109,0,0,1631.2289,3,1,1,7.0316,800000.0,6,0,7,0.6646,0,0
7,1,0.875,0.1113,1,6,10.8103,2,0,0,15.6083,1691.3412,3,4,1,0.8434,1,0
0,3,0.0,0.6864,0,0,539.5301,2,0,1,70.1036,45226.8883,9,7,15,1.3291,0,0
0,4,0.0,0.9699,0,0,561.5304,4,0,1,20.0952,822.3418,1,4,19,0.7817,0,0
1,4,0.2,0.538,0,0,1892.0672,5,1,0,77.8695,1113.8801,7,8,9,0.7287,0,0
1,2,0.30410358073437754,0.8810369475303458,0,0,2468.781208910089,6,0,1,-33.45816515421411,795754.398689589,10,1,13,1.3441428262148083,1,0
2,3,0.4,0.5036,0,0,1530.1246,8,2,1,23.7822,9136.3486,8,0,19,0.02,1,0
8,0,1.0,0.3622293857502888,0,2,54.50775916373288,28,2,0,-191.9188290641673,-31447.296976047903,7,5,12,1.5835338484644779,0,1
2,0,1.0,0.5616,0,2,587.1108,4,0,0,23.17,8655.186,8,6,1,1.4464,1,1
0,1,0.0,0.9701,0,0,1734.0441,3,2,0,8.8636,86734.2245,12,8,11,0.3738,0,0
0,1,0.030780942243582396,0.9455724008849707,0,0,3151.140342591584,2,0,0,239.69491206183585,135221.35774539894,11,0,1,1.7737225590833716,0,0
10,1,0.9091,0.0474,0,1,3.7988,49,8,0,73.0109,13582.1284,3,2,12,1.2251,1,0
0,3,0.0,0.9363,0,0,549.8115,12,0,1,157.3062,22007.0818,12,7,8,1.1851,0,0
0,4,0.0,0.5399,0,0,599.4481,2,0,1,139.1059,19041.0101,3,1,3,0.8574,0,0
1,2,0.4030363804374009,0.6618589639680516,0,0,2541.548690814155,8,2,1,72.85613414587775,58011.40960096373,15,7,7,0.9186969676711394,0,0
2,1,0.7068096087136418,0.5371434382385503,0,0,351.62659010450847,1,1,0,150.94423228406407,5096.982870255368,1,8,3,1.6978693884762865,1,1
0,2,0.0,0.886,0,0,32.776,1,0,1,12.3663,1836.5527,3,8,18,1.4574,0,0
1,3,0.25,0.804,0,0,184.383,1,2,1,66.8493,800000.0,12,4,5,1.1276,0,0
12,2,0.8571,0.0004,0,0,8.6371,17,0,0,71.0108,10799.1142,6,7,2,2.0608,0,1
2,1,0.6667,0.3677,0,0,8.9724,8,1,1,187.955,2464.5878,255,8,9,0.3195,0,1
0,5,0.0,0.684,0,0,2964.1683,3,0,1,6.6303,12902.3459,7,1,11,1.2062,0,0
4,0,1.0,0.1466642927967224,1,3,45.88540260616264,10,0,0,-136.20354824563964,-26528.292052220455,5,1,3,0.6826465826307554,1,1
0,3,0.0,0.7442,0,0,2302.4512,6,2,1,11.0019,233543.5022,15,6,13,1.3028,0,0
3,0,1.0,0.2045,1,8,20.515,11,1,0,28.4564,2581.079,2,3,3,1.1957,0,1
2,5,0.2857,0.7924,0,0,287.6078,1,1,1,81.1424,89429.3216,8,4,7,1.2637,0,0
2,2,0.5,0.8406,0,0,14.364,1,0,1,202.7111,3088.9277,279,76,9,0.2737,0,1
0,4,0.04018524457065183,0.6130032838733978,0,0,2823.00840969491,8,0,1,-12.766956954790398,94511.25371807803,2,6,19,1.2332771952593222,0,0
0,1,0.0,0.5934,0,0,1273.1623,5,2,0,5.0627,4620.0417,11,4,18,0.8803,0,0
4,1,0.8,0.3921,1,9,33.7688,3,0,0,27.7152,4637.4953,3,2,1,0.5653,0,0
0,2,0.0,0.9743,0,0,948.7038,1,1,0,62.5217,139688.0108,15,7,8,1.6955,1,0
1,4,0.2,0.5819,0,0,1096.0608,7,2,1,37.6312,4915.9148,16,7,7,1.2318,0,0
3,0,1.0,0.2032,0,0,452.4197,6,2,0,57.529,7877.9854,14,2,0,1.3134,1,1
0,2,0.0,0.7869,0,0,2849.7382,5,1,0,38.6653,133838.8449,7,5,15,0.02,0,0
2,1,0.6667,0.78,0,0,1.0562,9,0,1,198.8904,2470.4319,146,26,6,0.8748,1,1
12,2,0.9192756026815542,0.0511326913021789,0,0,179.59210029225895,20,2,0,179.03050940491494,64685.082095809295,6,4,11,1.3735477545623764,1,1
6,1,0.8198213862857392,0.5846222270387643,0,3,150.64621971804397,42,4,0,64.20664126307317,-21210.622926034128,13,11,4,0.6486444535666172,0,1
1,4,0.2,0.5602,0,0,878.2122,11,2,1,103.9848,127.8844,8,1,15,1.1268,0,0
0,3,0.0,0.6702,0,0,3061.0005,3,1,1,1200.0,5338.9954,11,4,11,0.8522,0,0
0,5,0.0,0.6167,0,0,2456.1656,11,0,1,655.04,67833.3755,5,7,15,0.3072,0,0
3,3,0.43837283060332755,0.943667589489659,0,0,2585.6360801220144,7,0,1,-3.7284902233591666,-36785.170349129636,17,2,5,1.0596412406349858,0,0
0,1,0.006658761099924155,0.5175757719066608,0,0,1698.6271335215242,8,1,1,450.3042637357413,77064.76330078255,2,2,9,0.7490972572808412,1,0
0,1,0.0,0.8957,0,0,1991.3016,6,1,1,205.6332,800000.0,10,5,3,1.9804,0,0
0,5,0.0,0.7969,0,0,2820.7681,7,0,0,89.7487,62982.5721,6,7,3,1.3292,0,0
1,5,0.1667,0.4927,0,0,614.2633,5,2,1,1200.0,1162.0003,17,4,1,1.5154,0,0
0,3,0.0,0.8573,0,0,1226.4116,6,0,1,1200.0,214856.9806,4,1,18,1.3828,0,0
7,1,0.875,0.2417,1,4,8.8434,6,1,0,4.9964,3602.4204,3,1,3,0.7291,1,1
1,3,0.3486769252648056,0.8097350767197947,0,0,2776.1220281734763,8,2,0,5.79182744904994,-11615.64326278992,12,5,10,0.5049331942699076,1,0
1,4,0.2,0.5273,0,0,2980.0014,8,1,1,77.1699,126781.7361,14,1,7,0.8792,0,0
0,5,0.0,0.7162,0,0,296.8052,5,0,1,65.421,1594.6214,5,4,15,1.2953,1,0
7,0,0.9351936484177434,0.32825179301144203,0,0,389.74605023376546,49,2,0,-43.040116451527425,-64207.43816714792,6,7,13,1.4726192635823532,0,1
1,4,0.2,0.9366,0,0,1910.4862,9,0,1,57.0419,800000.0,2,6,13,1.5954,0,0
0,3,0.0,0.9139,0,0,2801.7976,9,0,1,304.0453,53609.3235,11,2,17,0.9624,0,0
2,0,0.8473485864207428,0.43299906422047557,0,2,227.3432791054842,5,0,1,30.506249462831303,8283.278668319146,9,8,1,1.1922604944801296,1,1
0,3,0.0,0.9627,0,0,3147.2294,11,1,1,59.4764,2754.5463,5,0,18,0.349,0,0
1,2,0.3333,0.6842,0,0,1210.8289,9,0,0,18.6343,618488.1522,11,3,17,1.0579,0,0
1,5,0.1667,0.7651,0,0,816.4151,6,1,0,209.2126,11665.2184,9,8,15,1.1897,0,0
0,3,0.0,0.9756,0,0,839.4569,2,1,1,949.16,1840.5213,13,7,18,0.02,0,0
1,2,0.3333,0.7245,0,0,328.0823,9,1,1,43.8261,800000.0,5,0,17,0.6667,0,1
2,5,0.2857,0.6077,0,0,3300.338,12,2,0,11.8456,26871.456,8,1,8,0.9831,0,0
1,1,0.5,0.8905,0,0,1876.746,4,1,0,46.6406,334736.5701,3,3,19,0.5757,1,0
1,3,0.25,0.4632,0,0,2197.9747,5,1,0,338.492,55730.2036,2,8,16,0.6104,0,0
1,1,0.5,0.9162,0,0,1246.38,12,2,0,815.8912,201358.1726,14,7,10,0.9568,0,0
0,1,0.0,0.4542,0,0,2299.5767,6,1,1,195.0197,382681.8471,1,0,11,0.3138,0,0
1,0,1.0,0.4889,0,0,14.0585,6,1,1,61.6472,3629.9163,246,45,28,1.0027,0,1
1,0,1.0,0.3279,0,0,590.6556,3,2,0,35.5148,8327.2865,15,1,0,1.1729,1,1
4,0,1.0,0.1028203262424806,1,4,-98.30066761846597,7,1,0,-70.26751038001031,28539.004632855613,5,1,2,0.910092352355788,0,1
3,5,0.375,0.5292,0,0,2937.9799,3,0,0,9.9704,251998.9647,7,6,5,0.9969,0,0
0,3,0.0,0.9697,0,0,1095.3891,9,0,1,439.1728,182142.4685,15,4,0,0.9334,0,0
2,5,0.2857,0.9197,0,0,1074.9412,7,1,1,139.6123,22830.4588,7,4,19,0.4267,0,0
2,0,1.0,0.7633,0,0,9.5755,4,2,1,87.4954,4273.1243,199,58,10,1.0964,0,1
1,4,0.15437084744896026,0.48911317084989825,0,0,1682.7295302264922,8,2,1,516.6485555790734,-48133.11809409422,6,0,1,1.1666699636176743,0,0
0,2,0.0,0.7223,0,0,1623.2057,7,1,1,48.8656,4697.165,5,3,18,1.281,0,0
0,1,0.0,0.7876055726358366,0,0,1123.7670935815966,9,2,1,154.326282503107,348182.73672065017,2,2,18,0.33315310289256683,0,0
0,4,0.0,0.6023,0,0,3440.8418,6,1,1,1200.0,2979.5576,11,8,11,0.7045,0,0
8,0,1.0,0.4785,1,0,3.2531,52,9,0,85.8529,9186.012,4,11,8,1.069,0,1
0,3,0.0,0.8572,0,0,3060.0964,7,0,1,133.5535,216200.8264,5,3,18,0.02,0,0
0,4,0.0,0.6372,0,0,1479.286,4,2,1,236.3187,38816.1584,7,7,13,1.7439,1,0
1,5,0.2770440205023479,0.6895988004800155,0,0,1001.1916864874588,2,2,1,257.19716346757264,49691.10528449956,13,7,6,0.4785295710634718,0,0
0,3,0.0,0.5984,0,0,3098.9926,10,1,1,106.6514,800000.0,13,3,5,0.1023,0,0
4,0,1.0,0.3003,1,3,29.1894,2,1,0,12.6956,5200.878,5,4,2,1.0033,0,0
4,1,0.8,0.3709,1,5,15.6279,9,0,0,22.8745,4500.3888,7,4,2,0.6713,1,1
1,2,0.3333,0.9376,0,0,154.8643,9,0,1,13.2103,284919.95,15,8,9,1.1373,0,1
1,0,1.0,0.7941,0,0,5.6946,9,1,0,198.4134,4555.3469,91,29,24,0.6012,1,1
1,1,0.33142017874432206,0.45804488254513454,0,0,-131.12593563866864,3,1,0,294.4630634414065,63981.030168894344,207,40,18,0.37247957477543553,1,1
2,5,0.2857,0.6567,0,0,1867.8605,12,0,1,150.9276,34894.7654,3,6,19,1.6178,0,0
1,1,0.5,0.8829,0,0,1243.1896,1,2,1,129.5959,29298.4919,17,1,18,1.6681,0,0
1,1,0.4121857098400484,0.7413022352997614,0,0,3002.4989317626378,2,0,1,501.7002724926159,-44541.952925513615,10,6,13,0.7915632428552786,0,0
0,5,0.0,0.5407,0,0,748.581,8,1,1,38.8444,1399.0186,10,7,17,1.6654,0,0
0,4,0.0,0.8302,0,0,1103.0981,5,2,1,95.447,87527.444,8,8,12,1.418,0,0
3,1,0.7557333832252634,0.19728349761861497,0,1,557.1971904816019,1,1,0,-27.70938980762623,5442.832729371531,9,2,4,0.4811347325739862,1,1
3,1,0.75,0.2148,1,7,5.1175,10,1,0,5.5377,468.7166,2,3,0,1.6279,0,1
0,5,0.0,0.9347,0,0,885.1736,6,2,0,324.1691,119322.5175,7,5,2,0.169,0,0
2,2,0.5,0.9081,0,0,209.9421,10,0,1,11.5871,15518.2043,17,3,12,0.1395,0,0
1,3,0.25,0.7202,0,0,2928.3049,5,2,1,558.2485,105538.3133,10,4,8,0.7691,0,0
6,1,0.8571,0.2633,1,4,27.8788,5,1,0,11.4143,2358.6077,1,0,3,0.6322,0,1
0,2,0.0,0.953,0,0,2344.847,1,2,1,62.3565,89767.0128,12,7,3,1.1205,0,0
3,4,0.4286,0.7886,0,0,2718.2682,8,1,1,100.7608,800000.0,17,1,1,0.0782,0,0
3,1,0.6783716795786819,0.3846451273496647,0,2,143.95005250927,4,0,1,64.40080007191017,16889.336516394713,5,0,1,1.1752772413989985,1,1
0,5,0.12194733101636251,0.7095172486980627,0,0,249.30943307613188,10,1,1,70.70850704167773,118384.91776308429,7,7,12,1.0274700851307463,0,0
0,3,0.0,0.9931028969296504,0,0,1101.735036451655,6,0,1,-1.5267276328410944,-73702.68873354296,14,7,3,1.1158850057668948,0,0
0,1,0.0,0.5563,0,0,1482.0139,6,0,1,64.6632,108286.8693,15,2,1,0.424,0,0
0,3,0.0,0.9871,1,1,632.4152,6,2,1,683.964,15373.4615,12,3,17,0.762,0,0
1,3,0.25,0.5024,0,0,2971.6373,11,0,1,183.8052,12751.4732,3,3,8,1.4699,0,0
0,1,0.0,0.4634,0,0,3326.5232,2,2,1,38.1919,10025.4951,12,6,13,0.4372,0,0
0,3,0.0,0.579,0,0,332.903,1,0,1,99.5189,108141.4125,6,6,8,2.0317,0,0
1,2,0.3333,0.8128,1,1,2787.5682,6,0,0,1200.0,5890.0399,6,5,14,0.6059,0,0
0,3,0.0,0.8541,0,0,3413.6403,11,1,0,971.8577,8760.0278,9,2,0,0.2365,0,0
2,3,0.4,0.6412,0,0,2738.1642,6,2,1,159.0697,323777.1125,10,3,6,1.3788,0,0
0,5,0.0,0.5198,0,0,883.1424,4,0,1,202.2782,485109.3937,12,0,6,0.0619,0,0
5,1,0.8333,0.1341,0,0,173.1569,2,1,0,46.2959,6291.7507,14,7,5,0.3685,1,1
0,3,0.0,0.8034,0,0,1921.3428,5,1,0,1200.0,44641.1794,2,4,4,1.2492,0,0
0,5,0.0,0.8398,0,0,378.3342,10,2,1,135.7479,33328.6193,10,1,17,2.0561,0,0
0,4,0.0,0.4427239094184281,0,0,579.115130917356,2,2,1,-4.6117828722482095,246674.3331189834,17,2,19,1.3116909739598615,0,0
3,0,1.0,0.4814,0,0,2.8862,21,6,0,38.0022,14946.4934,8,1,11,1.576,1,1
1,3,0.20846481911446801,0.6855009035946336,0,0,736.2345939249993,4,2,1,80.8157315913491,899652.1960709266,17,4,7,0.6124013403269023,1,0
1,1,0.5,0.6664,0,0,822.9623,3,0,1,24.8096,76269.8205,11,5,12,0.8966,0,0
2,0,1.0,0.3874,0,0,5.6621,3,3,0,49.7384,3656.4823,225,57,13,0.0,0,1
0,4,0.0,0.7497,0,0,3013.8914,8,1,1,129.2098,800000.0,16,7,10,0.9393,0,0
2,3,0.4,0.6613,0,0,3103.2837,8,0,1,1200.0,12455.0124,11,8,7,1.1721,0,0
2,3,0.4,0.6422,0,0,71.2142,8,1,1,199.991,16717.9144,1,6,16,1.6649,0,0
0,4,0.0,0.6119,0,0,2812.7025,3,2,1,48.2458,87949.7901,3,8,2,0.02,0,0
6,0,1.0,0.3514564061206879,0,1,-395.36175541367714,16,1,0,121.50750675445728,45483.51787864487,8,8,7,1.3942131427837503,0,1
0,2,0.0,0.8673,1,1,770.1058,8,0,0,16.4871,795369.5537,10,5,15,0.8905,0,0
0,3,0.0,0.9288,0,0,1949.0948,12,0,0,344.482,13064.9975,12,2,15,0.8417,0,0
0,1,0.0,0.5425,0,0,2630.641,5,2,0,14.6444,21677.0672,9,8,4,0.8647,1,0
19,2,0.9048,0.385,0,0,6.5191,29,0,0,43.9577,7230.9271,9,11,3,2.4833,1,1
0,1,0.0,0.4803,0,0,964.6064,6,2,1,25.7774,382128.2232,14,6,17,1.3897,0,0
1,5,0.1667,0.7599,0,0,1164.3926,8,0,1,1200.0,177334.664,3,5,18,0.5201,0,0
0,2,0.08048212857843366,0.8997362391486319,0,0,3358.7555247816213,4,0,1,197.62830411898224,27861.339099082423,16,5,1,0.8001682320228675,0,0
0,3,0.0,0.5814,0,0,2106.5175,2,2,1,92.3238,5924.1434,10,0,7,1.5719,0,0
1,5,0.1667,0.4739,0,0,2434.2182,4,1,0,105.682,341229.4892,17,4,1,0.956,0,0
0,3,0.0,0.7455,0,0,3339.1764,10,0,1,111.1971,1508.2458,14,1,3,1.2436,0,0
0,1,0.0,0.8277,0,0,3062.1473,8,0,1,54.3572,888.3382,2,6,14,1.5309,0,0
17,1,0.9444,0.5277,0,1,8.5072,27,1,0,95.0427,13907.3497,7,3,5,0.7709,1,1
1,5,0.1667,0.6317,0,0,1559.7284,4,1,0,41.3193,1133.1517,4,7,18,0.152,0,0
1,0,1.0,0.2829,1,8,8.3284,3,1,0,26.0433,242.7489,4,0,3,1.3263,0,1
5,0,1.0,0.184,1,3,11.4709,9,0,0,27.8542,1281.494,7,2,0,1.2028,1,1
23,0,1.0,0.37257427244143,0,0,-201.20229110045534,18,0,0,204.5082823895406,-69829.62304566991,9,8,2,1.454641478147292,1,1
2,1,0.6667,0.1444,1,3,38.9671,3,1,0,10.3467,1152.0996,3,3,2,0.9058,1,1
1,4,0.2,0.8104,0,0,2781.0891,11,0,1,190.8172,28120.774,3,7,12,1.6974,0,0
1,1,0.5,0.9769,0,0,767.7737,5,2,0,466.9944,24892.8005,15,0,14,0.974,0,0
2,1,0.6667,0.0626,1,9,18.789,9,0,0,5.7087,1517.1982,3,4,0,1.4292,0,1
3,1,0.720527604185284,0.49518907377228905,0,2,536.9701607078964,4,2,0,61.85054814137478,48940.69876376759,11,9,5,1.2593469898309007,1,1
3,1,0.75,0.3943,0,1,354.7396,7,0,0,47.5647,4190.6405,1,4,1,0.8179,1,1
4,3,0.5714,0.8962,0,0,3433.0525,2,2,1,30.9619,155199.4381,17,8,7,0.7611,0,0
0,5,0.0,0.8219,0,0,1975.8899,7,1,1,248.1015,1082.7641,1,6,1,1.0397,0,0
0,3,0.011457686866986021,0.5759422717322177,0,0,1219.5128116540513,12,0,1,340.4572156740589,9895.689563247082,7,7,12,0.7347906761839003,0,0
3,0,1.0,0.7618,0,0,2.7185,2,3,1,253.849,2037.2873,40,77,21,0.228,0,1
0,4,0.0,0.5751689146853367,0,0,2147.8911025098478,3,1,1,846.3762205957189,7382.13704137005,12,8,8,0.6912614333729326,0,0
0,5,0.0,0.6655,0,0,259.1433,9,1,1,131.1731,61183.0888,10,2,19,0.2816,0,0
0,2,0.0,0.7506,0,0,2686.2295,2,1,1,1200.0,2246.5266,6,3,19,0.3143,0,0
1,2,0.5016062663565414,0.2509939674296025,0,0,116.546557829816,9,2,1,273.6077809012356,-55218.31275075127,283,8,12,0.36050254680959004,0,1
2,5,0.2857,0.7125,0,0,2590.8965,6,0,1,83.5842,800000.0,17,4,13,1.1713,0,0
4,0,1.0,0.4381,1,3,41.609,9,1,0,15.9171,2470.9224,6,5,1,0.8068,0,1
22,1,0.9565,0.2182,0,1,4.3302,21,1,0,106.7305,8290.2212,2,4,11,2.2798,0,1
1,5,0.1667,0.771,0,0,1036.8042,12,1,1,524.154,212220.2499,6,6,18,1.0131,0,0
1,2,0.3333,0.3995,0,0,9.7338,9,2,0,213.7678,4261.4416,119,25,8,0.6981,0,1
0,1,0.0,0.9339,0,0,1865.6118,2,2,1,39.8744,14925.7388,10,4,0,0.7654,0,0
0,2,0.15767609229455573,0.5195887587750607,0,0,555.0756791036927,4,2,1,371.758182735247,591852.0237828192,17,1,8,1.6377218166720655,0,0
0,3,0.0,0.6668,0,0,994.1634,2,1,0,69.396,72284.8075,9,1,4,1.2643,0,0
14,1,0.9333,0.2483,1,1,0.5045,17,1,0,42.5121,15414.4384,2,11,2,1.5339,0,1
0,2,0.0,0.9078,0,0,2841.0023,6,0,1,37.9052,47600.6601,3,2,0,1.7913,0,0
1,1,0.5,0.9335,0,0,1823.5639,11,1,1,717.0954,159743.8673,1,2,2,0.8375,0,0
1,2,0.3333,0.4636,0,0,1863.3021,8,0,1,487.1385,121436.326,4,8,14,1.0946,0,0
0,4,0.0,0.8701,0,0,3274.3257,2,1,0,31.2379,151476.0592,4,6,9,0.9263,0,0
15,0,1.0,0.2621,0,0,16.3153,11,1,0,147.6515,12799.8705,2,14,3,1.2581,0,1
0,1,0.0,0.6933,0,0,1753.3157,6,0,1,78.6834,342.2216,11,2,0,1.5182,0,0
7,1,0.875,0.3101,1,8,15.3612,3,1,0,6.4901,3941.8275,3,4,2,1.0607,1,1
0,1,0.0,0.5437,0,0,2499.7604,8,1,1,18.1827,25550.7836,7,5,8,1.516,0,0
0,4,0.0,0.9266,0,0,3574.3662,2,2,1,153.6818,35459.3648,9,5,5,0.6385,0,0
0,3,0.0,0.6088,0,0,2189.2312,3,0,1,117.4532,800000.0,1,2,10,1.5872,0,0
0,4,0.0,0.9769,1,2,354.1046,2,0,0,961.2905,131.0626,3,8,4,0.5693,0,0
4,1,0.8,0.3761,1,3,25.5002,8,0,0,21.5545,2142.9144,3,4,3,1.0622,0,1
8,0,1.0,0.3099,0,0,4.0486,28,1,0,48.957,14015.5256,3,6,7,1.7913,0,1
1,5,0.1667,0.7042,0,0,1870.4065,11,0,1,359.852,9937.5458,12,2,6,0.0469,1,0
1,5,0.1667,0.462,0,0,2499.8784,10,2,1,1200.0,3827.6763,10,1,14,1.893,1,0
1,5,0.1667,0.8715,0,0,1155.2117,2,0,1,1200.0,323483.0465,8,8,9,1.2298,0,0
0,5,0.0,0.6328,0,0,688.7036,9,1,1,107.9902,14487.0723,13,7,14,1.2092,1,0
0,4,0.08709318691804317,0.7001579278473931,0,0,2036.9563270237227,9,2,1,146.0919153760869,164510.1926776249,11,4,5,1.040428744693653,1,0
3,1,0.75,0.5413,0,2,238.7416,4,0,0,46.5243,8321.8933,9,4,1,0.8781,1,1
0,3,0.0,0.8871,0,0,2727.0225,6,0,1,658.7358,223294.1408,15,0,19,0.8892,0,0
3,2,0.6,0.7162,0,0,1380.7902,8,0,1,98.4846,42966.8385,10,0,4,0.6081,0,0
0,5,0.0,0.5784,1,2,1578.3303,11,2,0,74.7337,13638.0215,7,2,18,1.2441,1,0
1,1,0.5,0.8845,0,0,3083.0095,7,1,0,143.1454,39155.8112,5,2,15,1.3988,0,0
3,4,0.31584506001717483,0.84163604754515,0,0,1446.9479911159556,6,2,1,453.0311865421403,-76394.6090985625,17,1,1,0.8256467375576932,0,0
1,3,0.18821140087566934,0.5427995639066518,0,0,2652.2881592184494,1,0,1,-10.43666214007537,-1382.5769648686,5,4,13,1.3315460076732553,0,0
1,2,0.44111209196438333,0.6274580241549482,0,0,1761.3841060876132,8,2,1,654.4046094133664,68349.5563446403,4,8,17,2.1744788680619895,0,0
2,1,0.6002885339401836,0.3900837114939753,1,5,-424.41293971822427,5,1,0,-1.8450783707961804,19787.235006031042,1,4,0,0.7513576437492833,1,1
1,1,0.5774544258998197,0.728214512681543,0,0,2634.9868415177366,4,1,1,-98.02220730772373,2600.451389000443,2,2,3,0.460640537177643,0,0
3,1,0.903113863292618,0.645324609298262,0,0,-168.9309604817668,4,2,0,166.44542838232908,-106576.98941272589,81,32,15,0.3057708940090029,1,1
2,5,0.2857,0.7396,0,0,3044.8417,1,2,1,179.733,308725.1943,13,5,14,0.7813,0,0
1,5,0.1667,0.6452,0,0,1684.4953,2,1,1,208.4824,10947.9333,17,8,17,1.3046,1,0
1,0,1.0,0.5686,0,0,445.6608,7,2,0,37.92,874.6594,3,8,3,0.7234,1,1
0,4,0.0,0.8736,0,0,1359.68,4,1,1,906.1406,53882.5985,7,1,3,0.7237,0,1
0,4,0.0,0.6584,0,0,1938.6118,7,2,1,142.765,477736.2725,8,6,6,0.9648,0,0
1,5,0.16711191408870268,0.9049862784022564,0,0,2178.7672231415213,7,1,1,90.40872384020841,-3838.8505367152784,14,4,19,0.558639191933663,0,1
1,3,0.25,0.9555,0,0,3337.3982,3,1,1,1200.0,1334.6477,3,4,13,1.1985,1,0
2,2,0.4306993095163155,0.6465805315283331,0,0,2284.7025658964903,12,2,1,68.66994455317624,78036.17870473172,10,4,18,1.0804629893389373,0,0
3,4,0.4286,0.8171,0,0,1636.1356,5,1,1,1200.0,657344.9587,16,3,0,0.6675,0,0
0,1,0.0,0.7554,0,0,1283.8995,8,2,1,177.2989,67525.6128,4,3,11,0.4633,0,0
12,2,0.8571,0.2097,0,0,9.2385,12,2,0,65.2372,13893.8829,6,7,8,1.1135,1,1
0,1,0.0,0.6217,0,0,1652.2248,8,1,1,30.2003,44929.1198,15,0,14,0.229,0,0
1,3,0.19724264569553454,0.5254150425139382,0,0,512.4327278338235,5,0,1,719.4581201308215,133773.4361132607,8,7,18,1.1493881462713331,1,0
1,4,0.2,0.8337,0,0,2185.5668,10,2,0,189.2776,42918.9589,17,4,8,0.2226,0,0
0,4,0.0,0.5974,0,0,3266.2913,11,2,0,34.795,24003.7524,11,4,8,1.562,0,0
1,2,0.3742071548903091,0.6143735590392864,0,0,2164.3801158022297,3,1,1,304.63555153841753,648685.606656095,5,8,4,1.0757765776320305,0,0
9,1,0.9,0.5922,1,1,1.3141,50,4,0,50.8872,4214.912,7,9,11,0.6369,0,1
1,4,0.2,0.8175,0,0,754.871,5,2,0,519.6367,36907.4826,3,7,6,0.8304,1,0
1,2,0.3333,0.5202,0,0,610.3615,2,1,1,296.2756,20075.5331,15,8,8,0.3775,0,0
0,2,0.0,0.4705,0,0,1444.3409,1,1,1,319.0044,29600.9968,16,2,1,0.2918,0,0
0,1,0.04438482638271246,0.9089277413658011,0,0,-1.6597623804532304,5,2,1,49.563154453642824,81216.12765896565,7,1,13,1.0369294061202983,0,0
0,5,0.14875232262539143,0.49292679794876987,0,0,3149.010832799686,2,0,0,163.1958823953491,153123.7054427169,6,0,0,1.0546752296156026,0,0
0,3,0.0,0.5489,0,0,1027.4268,12,2,1,1200.0,36967.0183,6,4,18,1.0944,0,0
0,5,0.0,0.9512,0,0,425.6699,8,1,1,12.532,549961.1906,8,4,1,0.9022,0,0
1,4,0.2,0.7257,0,0,623.8331,4,0,1,1200.0,800000.0,7,5,0,0.8238,0,0
1,5,0.1667,0.5558,0,0,2332.7032,7,1,1,82.2103,8367.1702,12,6,11,0.4152,0,0
7,1,0.875,0.1093,1,7,19.7747,4,1,0,12.1397,4406.9447,6,3,0,0.9089,1,1
0,3,0.0,0.5623,0,0,607.1693,6,1,1,150.5503,765165.0503,6,5,16,0.9862,0,0
2,2,0.5,0.7378,0,0,6.3966,3,2,1,200.3352,2692.6125,269,9,21,0.3736,1,0
0,2,0.0,0.6093,0,0,1081.658,1,0,1,49.7398,33802.1043,9,5,3,1.0393,0,0
1,2,0.3333,0.5623,0,0,2346.8664,5,0,0,213.5884,2518.0214,7,0,8,1.3481,0,0
0,0,0.0,0.8946,0,0,5.5374,9,2,0,51.6408,3962.1328,173,63,7,0.9583,1,1
0,3,0.0,0.7055,0,0,1361.9841,10,0,1,152.2618,883.4618,3,0,2,0.9455,0,0
7,0,1.0,0.0116,1,4,26.8737,10,0,0,19.3415,5530.3858,3,1,0,1.063,0,1
2,3,0.4,0.9588,0,0,2122.9908,11,1,0,913.1774,800000.0,6,8,17,1.3983,0,0
1,4,0.2,0.6441,0,0,1959.2791,10,0,1,129.5519,800000.0,17,6,19,0.5632,0,0
5,0,1.0,0.01885133456502551,1,9,148.24936487693918,2,1,0,120.44033448335158,31043.567509494547,5,1,1,1.483177886930493,0,1
1,1,0.5,0.6304,0,0,1062.7125,5,2,0,57.5166,116.8751,14,6,13,0.7628,1,0
0,5,0.0,0.6697,0,0,3083.6068,5,0,1,32.3228,2486.169,11,6,5,1.095,0,0
1,5,0.1667,0.8057,0,0,2049.5649,11,1,1,477.8785,1431.2719,13,0,0,1.545,0,0
1,2,0.3333,0.846,0,0,2975.4352,1,2,1,5.6469,224.5581,11,6,8,0.7532,1,0
2,5,0.2857,0.8288,1,2,841.1977,1,0,0,3.7588,800000.0,12,4,12,1.1725,0,0
0,5,0.0,0.7195,0,0,82.5782,12,1,1,1200.0,461060.3238,7,8,8,0.8462,0,0
15,0,1.0,0.0993,0,1,18.3433,37,2,0,33.279,2208.8447,5,11,7,0.5587,0,1
2,2,0.5,0.7841,0,0,1506.3961,2,2,1,18.9032,34597.6774,16,1,15,1.5115,0,0
3,1,0.75,0.2343,0,2,96.107,1,1,1,31.4696,1915.9304,11,0,0,1.1864,1,1
0,1,0.0,0.4681,0,0,3263.1028,5,0,1,55.9843,800000.0,4,7,14,1.2642,0,0
0,5,0.0,0.7584,0,0,3009.2267,5,0,1,41.8978,17558.451,12,1,13,0.751,0,0
1,5,0.3352993810101338,0.7871711409504867,0,0,1611.3784831307441,5,0,1,330.10905728778783,-68247.12245644306,10,4,14,2.262699581850201,0,0
0,3,0.0,0.7278754772547592,1,2,612.0144540449055,5,2,0,-106.6175953866752,5285.595638668416,4,7,18,0.621973052707002,0,0
0,1,0.0,0.5445,0,0,1401.0702,2,0,0,74.5428,497.4659,10,4,14,0.2575,0,0
1,2,0.3333,0.5509,0,0,11.8288,6,1,0,83.2092,3539.6581,164,77,16,0.4555,0,1
5,1,0.8333,0.1791,1,2,130.802,7,2,0,8.6082,5107.2443,19,7,2,1.6533,1,1
9,2,0.8182,0.5829,0,1,8.459,38,2,0,51.0746,5548.1351,5,14,6,2.8572,0,1
18,0,1.0,0.1821,0,1,7.1886,12,2,0,94.1883,13914.084,6,7,9,1.6397,0,1
0,3,0.0,0.9751,0,0,3212.0418,7,1,0,12.2972,2882.0974,2,4,1,1.5264,0,0
0,1,0.0,0.5148,0,0,2540.1003,1,0,1,31.947,800000.0,4,6,8,1.3124,0,0
0,3,0.0,0.5481,0,0,632.4747,2,1,1,197.4441,97432.3354,17,0,12,0.9931,0,0
17,1,0.9444,0.228,0,0,18.5915,22,2,0,45.2216,10982.5158,7,14,2,0.7571,0,1
3,1,0.75,0.0192,0,3,1.3254,21,2,0,25.0916,4148.1558,2,5,8,1.1362,1,1
0,1,0.0,0.6439693225075527,0,0,1391.7865912448474,12,2,0,15.75476598598825,74568.90909639266,5,1,1,1.1702435656556158,0,0
2,1,0.6667,0.4049,0,0,3.2389,9,0,1,248.5319,3846.7505,64,99,13,0.3776,0,1
2,0,1.0,0.7462,0,0,10.8746,3,2,0,82.9545,4517.8501,151,36,22,0.8885,1,1
1,0,1.0,0.5645,0,1,245.9001,7,1,1,55.0489,6852.5766,11,0,1,1.022,1,1
1,2,0.3333,0.6181,0,0,2917.6421,7,1,1,1156.1046,51243.043,10,7,4,0.7545,0,0
1,1,0.35035636473043463,0.1283521560197891,0,0,845.3338330792366,8,2,1,14.709869954221883,77756.52346225762,10,3,0,1.296726715368601,1,1
0,5,0.0,0.6647,0,0,1465.5063,6,2,1,117.9403,34156.1193,17,5,17,1.1337,0,0
5,1,0.8333,0.4352,0,2,523.0558,3,1,0,20.0997,2812.045,15,4,4,0.9291,1,1
1,2,0.3333,0.7184,1,1,1027.1332,11,2,1,137.0083,400613.6305,8,0,0,0.978,0,0
0,3,0.0753303993006493,0.4324230893660336,0,0,1588.848820690048,5,2,1,90.91453676365362,106395.82132536618,12,4,15,1.2502797415930011,0,0
0,2,0.0,0.5903,0,0,1009.8783,2,0,0,286.0573,227975.6348,1,1,10,0.6054,0,0
2,1,0.6667,0.6763,0,0,805.8989,5,2,0,5.9714,74399.4659,1,2,12,0.667,1,0
1,4,0.2,0.8071,0,0,1906.7081,8,2,1,15.741,26891.5935,3,4,14,0.6325,0,0
1,4,0.2,0.9266,1,2,2098.9518,6,2,1,45.3816,7482.5144,5,5,9,1.068,0,0
9,0,1.0,0.48608396775838947,0,0,87.93220482165756,14,0,0,-77.57116212293886,-21275.88523536782,4,5,2,0.9643362217882308,0,1
1,3,0.25,0.9095,0,0,2647.1543,8,0,1,153.9843,2016.366,13,4,8,0.8424,1,0
0,1,0.0,0.8252,0,0,1348.7446,5,0,1,1200.0,6857.8691,6,5,12,0.3302,0,0
1,0,1.0,0.0,1,7,110.23499385805547,8,1,0,7.435883404452329,15259.204061152766,2,2,0,1.4063776270932116,0,1
1,3,0.25,0.778,0,0,189.1694,3,0,0,26.4077,51877.5917,1,2,19,0.9365,0,0
0,2,0.0,0.6647,0,0,701.0565,7,1,1,21.0196,2984.6819,9,8,12,0.8094,0,0
1,2,0.3333,0.5523,0,0,642.1094,9,1,1,15.107,5448.3368,7,8,7,0.6327,1,0
0,2,0.0,0.7991647273892035,0,0,2116.7162020272103,6,2,1,786.5957653332989,37752.48413228922,3,5,17,1.5590405555658051,0,0
2,5,0.1718085537776376,0.7293825491867725,0,0,3186.0670379407347,6,2,1,-171.74150418582448,-30957.920306711465,2,5,14,0.2128340458153621,0,0
1,4,0.2,0.6366,0,0,165.8537,6,2,1,54.4696,4246.9892,4,3,17,0.6077,0,0
9,0,1.0,0.07803399541289663,1,0,409.48379370603493,59,6,0,48.95858424301376,-20788.57027705687,12,5,7,1.0670305216816243,1,1
0,3,0.0,0.524,0,0,2937.885,8,2,1,396.5005,800000.0,6,6,12,1.3118,0,0
0,0,0.10443785831849892,0.34944686087039695,0,0,-499.1640623638011,8,1,1,85.47992847280236,-1778.5567311987447,136,76,27,0.04537127873593111,0,1
0,1,0.0,0.505,0,0,2142.8384,9,1,1,19.9422,3192.635,9,5,19,0.8889,1,0
1,5,0.1667,0.692,0,0,840.988,10,2,1,389.0915,2676.7795,2,5,15,0.7895,0,0
1,4,0.2,0.8222,0,0,2852.4172,9,0,1,463.7797,40212.4848,11,5,18,0.5451,0,0
0,3,0.0,0.7758,0,0,1487.197,9,2,1,56.8982,7059.0216,14,0,6,1.1845,1,0
1,1,0.5,0.7473,0,0,218.4201,9,2,1,218.2476,165152.6378,14,7,19,0.6859,1,0
0,5,0.0,0.8835,0,0,1951.5376,7,0,1,1200.0,69274.6641,7,5,11,1.2082,0,0
0,4,0.0,0.9521,0,0,1492.5093,6,0,1,186.5528,100.0,1,5,11,0.995,0,0
3,1,0.75,0.2284,0,1,96.4814,5,2,0,5.5145,1978.2215,2,9,5,0.7205,1,0
2,5,0.2857,0.8846,0,0,2058.1616,3,0,1,100.1304,35056.3891,12,3,4,1.7897,1,0
4,1,0.8,0.5034,1,1,13.1223,23,2,0,113.6745,2843.7618,3,13,4,1.3287,0,1
1,1,0.5,0.5163,0,0,166.4011,5,1,1,14.6828,8438.2984,8,6,2,1.5132,1,1
0,1,0.0,0.5287,0,0,2510.4156,3,1,0,228.6216,135.5125,5,1,0,0.1947,0,0
7,1,0.875,0.0383,1,7,38.7117,10,0,0,20.3799,5281.2118,4,1,0,1.3408,1,1
10,0,1.0,0.597,1,1,13.5415,14,2,0,139.4305,4331.2867,1,9,6,1.5321,0,1
1,5,0.1667,0.5012,0,0,2118.1164,1,2,1,286.0778,1209.3479,2,1,16,0.8747,1,0
1,5,0.1667,0.5628,0,0,520.7945,10,1,1,88.907,18503.389,13,5,3,0.7995,0,0
1,3,0.25,0.979,0,0,3202.4149,10,0,1,77.9738,1400.2656,3,6,9,1.4698,0,0
1,1,0.5,0.5233,0,0,1698.5453,12,2,0,88.315,484.9208,8,3,8,0.6582,0,0
0,5,0.014248095083051445,0.5194842906591999,0,0,2252.5985403621257,7,2,0,28.59417990991421,58804.36421775208,1,5,15,0.37245270842487666,1,1
1,1,0.5,0.6704,0,0,159.2938,11,0,1,350.5132,25745.7937,1,3,17,0.7148,0,0
7,1,0.9268779438608684,0.2766268557047134,1,8,-161.10263205837188,11,0,0,38.52212108928293,408.69135445571646,5,2,3,1.1928718071212636,0,1
0,2,0.0,0.8588,0,0,2749.8122,12,1,1,17.011,104937.9278,9,2,0,1.3113,0,0
1,4,0.2,0.8752,0,0,1861.9457,8,2,0,38.5231,3404.5309,15,4,14,0.6947,1,0
8,2,0.8,0.5621,0,1,4.9168,30,2,0,121.2263,19539.2586,8,4,8,2.5208,1,1
0,5,0.0,0.5252,0,0,1719.4846,11,0,1,239.4379,88523.0005,8,5,15,1.0335,0,0
1,2,0.3333,0.7639,0,0,11.4227,1,1,1,160.9089,3957.5995,35,24,24,0.0,0,1
2,2,0.5,0.7834,0,0,3458.8051,3,0,1,52.5611,300.8599,6,6,5,2.2896,0,0
3,0,1.0,0.414,0,0,8.7917,1,0,1,213.8358,737.6341,195,35,18,0.629,0,1
1,4,0.2,0.7986,0,0,2707.3942,5,2,1,77.8615,4069.6014,1,2,13,1.1887,0,0
1,3,0.25,0.4696,0,0,1260.7228,6,2,0,47.4071,36121.6734,3,5,9,0.2502,0,0
22,1,0.9565,0.1045,1,0,14.8813,16,0,0,139.299,5478.6387,6,4,3,1.1633,1,1
1,4,0.2,0.9794,0,0,2976.2415,2,0,0,6.6609,75166.8608,13,0,3,0.9347,0,0
0,4,0.0,0.7583580166705879,0,0,1346.2252647480748,3,1,1,76.2434569114852,377253.0255453059,11,3,8,1.5769381988512607,0,0
2,0,1.0,0.7535,0,0,2.4534,3,1,0,222.136,2335.3742,65,48,13,0.3596,0,1
0,2,0.0,0.9652,0,0,606.9459,10,1,1,42.718,136549.3507,9,4,2,0.3826,1,0
0,4,0.0,0.6432,0,0,1623.7415,3,1,1,118.1533,17845.792,11,3,3,1.2637,0,0
2,5,0.2857,0.5747,0,0,2421.4756,1,1,1,1002.1122,57110.3378,3,2,4,1.2072,0,0
0,2,0.0,0.5564,0,0,3167.7205,7,1,1,59.305,205636.8558,10,3,12,0.5817,0,0
4,0,1.0,0.567,0,0,595.0331,7,0,0,33.432,5491.9208,17,7,5,1.0718,1,1
0,5,0.0,0.7611,0,0,3528.441,5,2,0,104.3741,739.2174,14,4,8,0.9252,0,0
1,0,1.0,0.3049,0,1,37.3943,3,1,0,59.9523,4261.8519,18,3,3,1.1981,1,1
0,4,0.0,0.909,0,0,1317.6511,9,2,1,143.7053,6985.6952,1,5,5,0.5302,0,0
5,0,1.0,0.02971076683880791,0,3,-402.33723807255944,19,4,0,-71.20391340570839,-68130.315018596,9,2,5,1.0938660345681537,0,1
0,3,0.0,0.8347,0,0,3429.8389,6,0,0,4.7981,5368.2838,14,1,0,0.3324,0,0
1,3,0.25,0.7296,0,0,60.9371,6,0,1,326.7821,27007.1987,7,8,11,1.4695,0,0
9,1,0.9,0.1415,0,0,1.7726,38,4,0,80.639,1456.0664,6,3,6,1.3634,0,1
0,1,0.0,0.6309,0,0,1990.1217,7,0,1,71.4073,140920.6028,3,3,0,1.305,0,0
1,2,0.3333,0.5904,0,0,1159.8998,4,1,1,436.0923,10930.2743,12,6,15,0.8257,0,0
7,0,1.0,0.3799,1,2,5.6745,34,9,0,82.8181,8957.2052,10,7,3,1.9314,0,1
12,1,0.9231,0.431,1,1,9.4337,38,2,0,97.9446,11364.2983,6,8,5,1.3992,1,1
0,4,0.0,0.9192,0,0,3512.7129,9,0,1,42.9705,2365.6779,8,3,1,1.0825,0,0
2,1,0.6667,0.7544,0,0,697.163,6,2,1,1200.0,114563.4568,13,2,8,1.665,1,0
0,1,0.0,0.5209,0,0,1391.0627,2,2,1,59.4526,2122.9741,2,7,0,0.2777,0,0
0,5,0.0,0.974,0,0,3458.4021,1,1,1,813.6436,47085.0611,15,3,17,0.0292,0,0
0,1,0.0,0.8357,0,0,3280.5092,9,2,1,56.962,53312.4007,15,5,4,1.154,1,0
0,2,0.0,0.6446,0,0,942.9582,4,2,1,399.5705,9683.4662,4,0,2,2.1821,0,0
0,2,0.10584923132392511,1.0,0,0,2676.4501911392335,2,0,0,1171.2874523630499,30614.838974028233,16,7,9,0.971201938205477,0,0
0,5,0.0,0.8405747760981594,0,0,2095.7768057426056,12,1,1,-80.08440380250039,107360.2681821437,8,4,5,1.5178282231902613,0,0
1,3,0.25,0.585,0,0,1951.564,1,0,1,51.8192,8665.1823,4,4,12,0.723,0,0
5,1,0.8333,0.1533,1,2,7.6743,54,2,0,23.1735,7641.2236,11,6,5,1.7501,0,1
1,2,0.23238757746159042,0.8311357543170221,0,0,689.2755808834826,9,2,1,134.35441073026138,164437.15442130607,8,0,9,0.5692086833514045,0,0
3,0,1.0,0.3065,1,6,4.2255,3,0,0,3.7244,1142.9077,2,2,3,1.4429,0,1
0,2,0.0,0.8687,0,0,152.5552,9,0,1,1200.0,800000.0,9,0,12,0.7481,0,0
1,5,0.1667,0.9112,0,0,3071.7872,4,1,1,273.6422,880.7114,12,8,13,0.4225,0,0
18,0,1.0,0.17,1,0,15.8061,39,2,0,63.1203,16286.7342,2,8,6,0.974,0,1
4,1,0.8,0.3921,1,6,27.1946,9,0,0,12.2842,5973.1305,5,4,0,1.2729,0,1
1,3,0.25,0.6918,0,0,3566.0103,5,2,1,31.8803,7956.5142,15,7,14,1.1307,0,0
0,4,0.0,0.8551,0,0,1903.0187,10,2,1,381.103,800000.0,13,7,6,0.8708,0,0
0,4,0.0,0.919,0,0,142.94,12,2,1,20.7471,275273.8991,3,5,10,0.6017,1,0
20,2,0.9091,0.4509,0,1,13.0012,39,0,0,123.2583,6829.6568,2,12,10,0.8008,0,1
3,2,0.6,0.469,0,0,0.7273,7,3,0,117.7922,2464.5937,220,35,18,0.4454,1,1
0,3,0.0,0.6896,0,0,2544.0586,5,2,1,67.9226,57221.4489,12,6,12,1.1494,1,0
0,2,0.0,0.7344,0,0,2410.8703,10,0,1,43.4576,317622.5748,1,6,12,1.0475,0,0
1,5,0.11134621730628289,0.8159652747691567,0,0,343.655955409392,1,1,1,154.62521616416467,135110.3844627635,6,1,6,0.9053850352902263,0,0
1,2,0.3333,0.7453,0,0,694.7951,6,2,1,5.2393,50584.9869,4,3,2,0.9386,1,0
1,5,0.1667,0.9088,1,1,2119.0145,1,0,0,7.1996,140369.4996,15,7,9,0.8304,1,0
0,4,0.0,0.5891608289956953,0,0,447.8137383336037,5,2,1,21.62350371004925,471000.75174132513,3,4,16,0.9993454876901648,0,0
1,5,0.1667,0.4782,0,0,94.4586,4,0,1,151.1306,262843.8476,2,3,18,2.2564,0,0
0,3,0.0,0.8646,0,0,3423.9588,3,2,1,35.4926,3629.561,3,8,18,1.193,0,0
1,2,0.3333,0.941,0,0,3588.924,2,1,1,119.9762,35096.2561,13,4,1,0.4556,0,0
2,1,0.6667,0.6149,0,0,1813.6377,10,2,1,171.048,111860.2768,16,8,19,1.6025,0,0
1,5,0.1667,0.6728,0,0,1005.9794,4,0,0,312.3512,693115.9237,4,1,1,0.4725,0,0
0,2,0.0,0.7868,0,0,263.4541,10,2,1,19.479,234495.8378,1,5,5,0.4346,0,0
2,5,0.27452267984211515,0.7548445735873008,0,0,2987.5091034716384,5,2,1,1258.3060619219946,91833.14558824223,17,6,1,1.3767273008202865,1,0
2,2,0.5,0.5242,0,0,780.9198,3,0,0,46.2849,29682.8791,15,0,10,1.0671,0,0
1,2,0.3333,0.98,0,0,3302.524,5,1,1,1200.0,100.0,11,4,13,1.0536,0,0
1,1,0.5,0.5188,0,0,2023.1516,4,2,1,3.7964,7910.9139,7,7,13,1.4463,0,0
2,1,0.5071779168630611,0.842653363142545,0,0,3441.2803723459615,10,1,1,569.9442489833583,40458.759693676715,13,2,13,0.43908874790621105,0,0
2,2,0.5,0.6257,0,0,2972.6627,2,1,1,152.9168,57795.9851,11,0,4,1.5095,0,0
1,2,0.3333,0.8294,0,0,1069.8275,9,1,1,17.5978,557762.6371,7,0,18,1.3822,0,0
1,3,0.25,0.8625,0,0,1202.9167,2,1,1,275.8687,354831.615,15,4,2,0.9797,0,0
0,5,0.0,0.4652,0,0,222.5517,12,2,0,91.0753,813.0218,1,3,3,0.5792,0,0
1,2,0.3333,0.5071,0,0,1627.9958,9,2,1,51.9314,19292.2544,4,0,6,1.6834,0,0
0,4,0.0,0.6413,0,0,2246.242,1,0,1,128.7517,48359.0876,16,8,18,1.7204,0,0
5,1,0.7158978429892121,0.08561715066497816,1,6,-347.74692724524965,6,0,0,-78.43444800764874,-24861.07713022336,6,1,0,0.9729522569485262,0,1
1,5,0.1667,0.5047,0,0,879.3012,3,1,1,242.5964,386.4652,14,1,9,1.4154,0,0
0,3,0.0,0.4897,0,0,877.4481,10,0,1,346.3664,150673.6398,12,8,6,0.9545,1,0
1,1,0.3774549314790774,0.8650583369841379,0,0,1719.2145550187429,4,1,1,-16.656961598882674,207853.95467313952,13,7,18,0.30867688327869447,0,0
10,2,0.8333,0.4625,0,1,13.15,39,1,0,117.2329,14966.0534,5,11,6,1.705,1,0
1,5,0.1667,0.6462,0,0,2416.7472,3,2,1,45.7494,800000.0,9,1,2,0.5314,0,0
0,1,0.0,0.753,0,0,3124.3288,12,1,1,45.8934,360467.7312,16,0,15,1.7574,0,0
1,5,0.1667,0.6318,0,0,2556.1016,1,1,0,202.6866,388.9435,11,2,2,1.49,1,0
3,2,0.6,0.9128,0,0,74.7153,10,1,1,49.4932,1833.7179,15,6,18,0.8995,0,0
0,1,0.0,0.8022,0,0,2683.9119,8,2,1,34.6314,195386.6882,2,1,17,1.0476,0,0
11,1,0.9167,0.3646,1,1,11.2525,31,0,0,39.3961,3171.2327,5,10,4,1.3009,1,1
8,2,0.8,0.071,0,0,6.2434,18,0,0,67.9867,11161.3813,2,14,7,1.6319,1,1
0,2,0.0,0.5353,0,0,1840.4478,5,1,1,7.0165,293452.9592,14,1,12,0.02,0,0
1,1,0.5,0.667,0,0,3177.1373,9,2,1,113.1024,4435.738,6,8,15,0.7844,1,0
0,1,0.0,0.9141,0,0,680.3211,12,1,1,99.6061,13953.1207,2,7,7,1.4276,0,0
0,3,0.0,0.5708,0,0,1576.9431,9,0,1,199.1412,49754.6529,15,3,2,0.749,0,0
0,4,0.0,0.7996,0,0,3387.9086,9,0,0,1200.0,3855.1776,8,6,12,1.7959,0,0
1,4,0.2,0.7441,0,0,574.4276,7,0,1,152.9495,3839.4688,6,4,7,1.0605,0,0
0,1,0.04070510199661363,0.8628407214123314,0,0,2430.0646172014576,7,0,1,625.0506426029326,729118.8934374533,7,4,13,0.8936228462981362,0,0
2,3,0.4,0.5393,0,0,2552.9237,6,1,1,41.6861,490014.5075,7,7,1,0.8615,1,0
0,3,0.0795091216962349,0.7164625893949541,0,0,2524.7264087464273,5,2,1,89.37249679194991,147841.6447613885,16,3,6,0.9796519051825251,0,0
1,4,0.2,0.7487,0,0,659.5768,1,2,0,90.9003,8330.0647,3,4,19,1.205,0,0
0,2,0.0,0.5328,0,0,2710.7374,10,1,1,35.0745,800000.0,5,2,19,1.2343,0,0
1,5,0.1667,0.783,0,0,2806.4262,6,1,0,719.5729,1467.1159,1,1,1,2.0469,0,0
1,4,0.12818315327526542,1.0,0,0,2945.1759868036934,7,2,1,149.58090334134093,35955.87610568384,11,4,0,1.17080692281283,0,0
1,1,0.5,0.6825,0,0,1824.5681,3,1,1,242.5349,10341.3807,17,6,13,0.3126,0,0
2,1,0.6667,0.322,0,1,209.2386,2,0,0,20.2558,2180.9052,9,7,0,1.0053,1,0
0,3,0.0,0.9436,0,0,631.0474,5,2,0,25.1054,8631.999,15,7,4,1.0325,0,0
1,2,0.3333,0.811,0,0,2843.6586,11,0,1,93.1038,1373.5445,15,6,5,1.1592,1,0
0,4,0.0,0.4954,0,0,2110.2742,5,2,0,7.9878,6538.7237,8,8,16,0.9522,1,0
0,1,0.0,0.3589614481868445,0,0,-150.41456554015403,4,1,0,196.753779511802,-27862.11691977419,257,14,7,0.5272051218988361,0,1
1,1,0.5,0.1294,0,1,418.811,9,0,0,12.3758,7525.2163,16,4,2,0.5212,1,1
20,0,1.0,0.4532,0,0,3.4812,34,2,0,123.1181,16107.2942,4,13,7,1.9658,0,1
1,2,0.3333,0.8902,0,0,12.6371,6,2,1,156.3843,4559.6395,194,84,26,0.9123,0,1
0,1,0.0,0.842,0,0,2006.4367,6,1,1,269.7453,25464.6163,8,2,2,0.4304,0,0
7,0,1.0,0.242,1,9,32.4895,11,0,0,17.0707,3335.7269,4,3,3,0.7906,0,1
0,5,0.0,0.9719,0,0,2986.1482,1,2,1,953.4374,24641.8941,4,8,16,0.3261,0,0
0,5,0.0,0.815,0,0,1555.0751,10,0,1,17.0357,27163.9985,16,8,10,1.0288,0,0
2,0,1.0,0.5847,0,0,381.8536,5,0,1,15.8038,3125.7296,3,0,4,0.4525,1,1
1,4,0.2,0.5495,1,1,2477.7073,4,2,0,40.7176,11408.9247,2,1,3,1.3599,0,0
3,1,0.75,0.9894,0,0,1566.3698,12,1,1,453.5682,134550.2436,16,4,10,1.3674,1,0
0,5,0.0,0.806063122959573,0,0,1191.940934026373,1,1,1,297.4982027162647,82910.76142262341,5,4,16,1.4986170439027096,1,0
0,2,0.0,0.4916,0,0,961.7963,4,2,1,128.0146,81072.5793,15,7,12,1.0515,0,0
0,5,0.09701018837024043,0.6449658701402683,0,0,1582.4959140367837,7,2,1,93.98919780105592,461792.3527539743,8,7,2,1.7126151865990116,0,0
0,5,0.0,0.7414,0,0,3566.322,1,1,0,39.1901,800000.0,14,7,14,0.1137,0,0
4,1,0.8,0.5721,0,1,18.7519,38,2,0,39.6888,19522.678,2,13,10,1.0248,0,1
0,3,0.023424586730306677,0.7010935554218334,0,0,3838.6968531747443,1,0,1,196.90573265635152,61407.68794073532,4,5,2,0.3019011264861042,0,0
0,1,0.0,0.7522,0,0,13.2152,7,1,0,245.9132,3331.436,104,15,27,1.1237,0,1
0,1,0.0,0.9861,0,0,1162.5168,12,2,1,161.8619,84564.5427,17,8,7,0.473,0,0
1,3,0.25,0.6343,0,0,2810.8939,8,0,1,30.3235,273484.1473,5,5,5,0.811,0,0
2,4,0.3333,0.7037,0,0,803.9853,10,2,1,108.8081,6226.2038,12,4,2,1.1969,0,0
0,2,0.03274820612241732,0.5796903193566763,0,0,377.71780863043386,10,2,1,-50.54662766556508,-589.9993192358088,9,2,15,1.1181258061206831,0,0
1,0,1.0,0.5781,0,2,27.0634,1,2,0,54.2728,6443.4903,3,1,1,1.0187,1,1
0,5,0.0,0.8415,0,0,933.6239,7,1,1,62.3514,2418.6605,4,5,10,0.9381,0,0
0,4,0.0,0.7454,0,0,973.7409,8,0,1,41.6531,16743.502,10,8,18,0.6505,0,0
0,3,0.0,0.6486,0,0,1787.3168,3,0,1,10.5369,800000.0,10,1,16,1.1929,0,0
0,1,0.0,0.7433,0,0,3329.7167,7,1,1,30.1668,117216.4748,12,1,4,1.6467,0,0
1,4,0.2,0.7317,0,0,3587.8113,5,1,1,20.301,8047.1314,5,7,15,1.1595,0,0
3,1,0.75,0.5134,0,0,136.8067,4,1,1,24.4896,4201.4202,19,0,4,1.5151,1,1
0,1,0.0,0.7143,0,0,425.6756,2,0,0,29.143,14774.9147,10,1,18,0.9756,0,0
0,2,0.0,0.6489,0,0,3082.175,4,1,1,179.1236,202896.8175,4,3,11,1.1665,0,0
2,1,0.6667,0.8966,0,0,38.0175,1,1,1,1200.0,8755.1576,5,3,17,1.0924,0,0
0,3,0.0,0.9675,0,0,305.9095,6,0,1,68.3059,1415.4482,7,7,6,1.1497,0,0
3,3,0.5,0.5138,0,0,3090.5189,5,1,1,301.6476,26426.6918,8,6,0,1.3303,0,0
0,5,0.0,0.9464,0,0,845.0444,10,1,1,118.9696,266390.1918,6,7,14,1.3432,0,0
0,2,0.0,0.8113,0,0,338.2145,5,1,1,20.6532,1848.4022,15,4,4,1.2385,0,0
2,2,0.5,0.3978,0,0,2.841,6,0,0,88.2181,3841.3424,293,70,23,1.2131,1,1
0,5,0.13778472180133106,0.914902705015847,0,0,3336.9644254844125,9,1,0,51.58116429443186,56171.66192495615,10,2,1,0.04965983786903658,0,0
2,4,0.3333,0.8952,0,0,2490.4039,12,1,1,81.774,24690.1091,1,2,13,0.8655,1,0
0,4,0.0,0.7248,0,0,1081.2792,12,2,0,50.9807,800000.0,10,4,2,0.894,0,1
0,2,0.0,0.6892,0,0,1398.0904,1,2,1,139.6364,1909.8448,13,8,0,1.2487,1,0
0,2,0.0,0.8358,0,0,1462.2129,6,0,1,58.1484,4732.1354,12,1,9,0.85,0,0
2,1,0.6667,0.5791,1,0,17.0559,9,1,0,43.4123,7994.9947,13,6,4,1.5006,1,1
0,4,0.0,0.8387,0,0,2862.18,6,0,1,1.5191,15442.0085,2,5,1,1.8862,0,0
7,0,1.0,0.2118,0,1,0.3533,29,6,0,61.5173,1501.9696,13,11,6,1.2221,1,1
1,4,0.2,0.5051,1,1,2600.6209,9,2,1,6.5487,51706.6103,11,3,12,0.7344,0,0
0,5,0.0,0.5518,0,0,818.1313,11,1,1,1200.0,6582.9878,14,0,12,0.02,0,0
2,2,0.5,0.6325,0,0,2735.9873,8,0,1,351.0363,2455.236,7,3,16,1.0966,1,0
2,2,0.5,0.5582,0,0,2154.8906,1,0,0,1200.0,10952.8242,11,7,13,0.7128,0,0
0,5,0.0,0.8043,0,0,1838.0696,5,2,0,71.5004,553.5773,17,7,10,0.2929,0,0
0,2,0.0,0.5714,0,0,2323.5705,3,2,0,155.0276,112068.2633,5,5,19,0.8438,0,0
0,2,0.0,0.9277,0,0,280.8245,9,1,1,23.2321,287689.4709,1,7,17,1.1108,0,0
2,2,0.5,0.758,0,0,3200.3452,2,2,1,131.0746,2809.752,9,2,5,1.618,0,0
2,4,0.3333,0.4887,0,0,2816.4955,8,0,0,4.7988,17768.3008,13,0,7,1.4128,0,0
2,0,1.0,0.3173,0,1,81.7776,3,1,0,37.3309,8268.7031,1,6,0,1.8969,1,1
0,3,0.0,0.7621719360483863,0,0,1483.574803408939,3,0,1,-129.47874108795574,29996.532350639005,5,4,11,1.743649131817039,0,0
0,1,0.09205168721823184,0.9032884647704896,0,0,744.7021074896205,9,2,1,178.16630056648427,26923.65647396077,7,2,8,1.1403858234389668,0,0
4,0,1.0,0.581,0,2,264.3374,9,1,0,58.1865,4237.4126,18,4,3,0.6729,1,1
1,3,0.25,0.5904,0,0,365.3774,6,0,1,607.9644,38682.64,9,8,10,0.9184,0,0
2,1,0.6667,0.4638,0,0,21.9839,5,1,0,11.0628,714810.0091,3,2,5,0.7594,0,0
2,4,0.38824063224836364,0.7267251180011489,0,0,2928.7929531445716,7,0,1,824.470332832005,404343.2477824242,7,2,19,0.041101004816275655,0,0
0,1,0.0,0.5452147709326556,0,0,3591.059215647698,3,2,1,144.76450784290412,-34993.85898340672,17,8,13,1.3221399272251058,1,0
0,1,0.0,0.8284,0,0,2828.7043,1,2,0,44.8722,350969.3857,3,7,12,1.3012,0,0
1,1,0.5,0.4804,0,0,2902.9415,5,2,0,131.3304,213863.9991,7,3,11,0.9092,1,0
1,4,0.2,0.6449,0,0,2036.2634,7,0,0,117.5247,25478.2577,5,7,13,1.497,0,0
0,3,0.0,0.9286544081783026,1,1,1320.9798397718487,7,1,1,17.413639986231253,417992.92322031676,15,4,2,1.586180045490603,0,0
0,4,0.0,0.6923,0,0,1509.5335,8,0,0,17.0262,131707.7374,16,4,6,1.1193,0,0
0,4,0.0,0.4743,0,0,1872.9183,6,0,0,3.6528,30446.7743,17,8,19,0.4585,0,0
1,4,0.3154380711651401,0.45851226700657216,0,0,2537.6566498846596,8,0,0,459.0603803923603,-51122.10642179408,9,1,1,0.7261175869557406,0,0
0,3,0.0,0.7467,0,0,1258.1925,9,1,1,235.2593,1658.9998,13,3,10,0.3458,0,0
1,5,0.1667,0.6127,0,0,3074.5332,4,0,0,132.9978,1099.1128,12,4,7,1.2437,0,0
1,2,0.3333,0.8026,0,0,8.4267,8,3,0,295.312,1268.7673,268,9,13,0.6307,1,1
1,5,0.1667,0.8768,0,0,2346.9304,12,1,1,49.0811,47354.485,6,5,17,0.6674,0,1
2,2,0.5,0.9466,0,0,247.2043,7,2,1,79.0986,21929.6957,9,4,16,0.1629,0,0
1,3,0.25,0.9454,0,0,1697.3692,11,1,1,25.1495,2423.3332,6,8,13,1.187,0,0
0,3,0.0,0.9587,0,0,2257.0855,6,0,1,571.7627,310009.4643,4,2,9,1.4996,0,0
0,1,0.0,0.8723,0,0,2485.8317,7,2,0,248.5109,800000.0,2,3,11,0.8968,0,0
1,1,0.5,0.7996,0,0,1115.008,7,2,1,489.6227,1596.4335,12,8,16,1.3447,1,0
1,5,0.1667,0.788,0,0,3080.0791,12,0,0,54.6303,67988.0779,10,2,13,0.097,0,0
3,1,0.75,0.6957,0,0,6.9964,1,1,1,283.7973,577.4488,198,62,24,0.5181,1,1
3,0,1.0,0.59,0,1,328.322,4,2,0,49.1083,1376.9313,14,0,3,1.1614,1,1
2,5,0.24221172434835805,0.8982448179655965,0,0,1164.6530991670693,10,2,1,-70.00645787019418,636814.8616679771,11,0,5,0.5209545376741714,0,0
1,0,1.0,0.5427,0,0,2.8503,3,3,0,209.7671,1199.8974,95,77,27,0.8726,0,1
0,3,0.0,0.9813,0,0,3284.5565,8,2,1,87.0889,6295.8946,11,7,2,1.2073,0,0
11,1,0.9685493008365842,0.17537959503135347,0,0,131.09511623005508,49,3,0,112.45315446825131,51885.34037507889,10,3,3,1.6549266577646005,0,1
1,1,0.5355048918264487,0.6389444484798071,1,2,4190.341854527958,9,1,0,272.4902021367855,84476.82854371594,9,0,10,1.0864340240383972,0,0
0,2,0.0,0.8694,0,0,3550.7575,9,2,1,21.546,12237.9618,6,0,17,1.01,0,0
0,4,0.0,0.8228,0,0,1182.8097,11,2,0,138.2863,4185.8344,16,6,10,1.4677,0,0
0,4,0.047849773444303724,0.7351879041054143,0,0,494.2159377996619,8,2,1,-8.889799767565933,-12843.434156488169,5,0,19,0.2774122643995193,1,0
0,3,0.0,0.9375,0,0,1063.5055,3,0,1,127.319,575409.3946,5,7,9,1.3149,0,0
0,5,0.0,0.8846,0,0,954.0887,6,1,1,31.6246,3546.1178,16,8,2,0.2141,0,0
0,3,0.0,0.735,0,0,1512.8609,9,1,1,50.9987,1697.9186,3,1,6,0.6168,0,0
0,1,0.021108080929831317,0.544534290024484,0,0,2403.69194343937,6,0,1,88.90719136371168,63311.84214522884,9,7,17,1.0502736626378626,0,0
0,3,0.0,0.9586,0,0,1656.1199,2,0,1,91.1153,800000.0,12,0,18,0.9064,0,0
0,5,0.0,0.8371,0,0,2594.6518,12,2,0,1200.0,3395.0181,4,4,3,1.5037,0,0
0,2,0.0,0.5441,0,0,2686.5699,2,0,1,303.5464,736704.029,15,4,6,1.1316,0,0
3,0,1.0,0.273,1,8,20.7637,4,1,0,4.5095,2001.6299,1,5,0,0.76,0,1
9,1,0.9,0.0022,1,3,4.0536,52,8,0,35.9394,5970.7781,7,8,5,0.7982,1,1
0,3,0.0,0.44418303873871867,0,0,1413.3184245606162,3,1,1,-41.5172614164909,155243.17514819792,13,3,18,0.6772322573239579,0,0
1,0,1.0,0.1388,0,2,91.3513,1,2,0,36.5965,713.808,12,1,2,1.3614,1,1
0,2,0.0,0.776,0,0,2902.2888,10,2,1,21.0272,9032.1976,14,8,16,0.482,0,0
2,3,0.4,0.583,0,0,2541.0694,10,1,1,258.8254,20495.2433,11,1,15,1.0332,0,0
0,1,0.0,0.5711,0,0,897.5055,12,1,0,121.1436,19494.6994,5,6,14,1.3891,0,0
0,4,0.0,0.9495,0,0,2964.5255,3,1,1,96.8795,18222.6165,17,6,5,0.4445,1,0
1,5,0.1667,0.8941,0,0,3361.039,1,2,1,125.095,7137.3613,9,5,5,0.7593,1,0
11,0,1.0,0.5198,1,1,7.0331,28,5,0,82.0763,9285.1111,6,3,4,1.8039,1,1
2,4,0.3333,0.8136,0,0,585.4921,3,2,1,601.6849,202.5321,10,6,10,0.4354,1,0
2,2,0.5,0.5758,1,2,2445.6514,2,0,1,125.3851,99021.4851,14,7,5,0.6066,0,0
0,1,0.0,0.9676,0,0,2597.1986,2,1,1,229.5758,1032.4787,16,6,5,1.2316,0,0
1,0,1.0,0.7822,0,0,9.3867,2,3,0,38.0239,1989.6265,255,72,11,0.3544,1,1
0,2,0.0,0.6048476763432128,0,0,3142.025650847195,11,0,1,202.40380100526122,-20743.69847789177,8,3,17,1.3983127027876716,1,0
0,1,0.0,0.5001,0,0,1721.4017,12,2,1,276.1949,221142.0124,14,6,12,1.2521,0,0
1,4,0.2,0.6441,0,0,191.3771,10,1,0,663.8823,12162.3544,12,4,4,1.4423,0,0
8,2,0.7004498299354115,0.1946734331556269,0,0,-134.5551841038589,38,2,0,62.39025093788758,-66722.42394631231,8,10,11,1.5215507878946954,1,1
1,1,0.5,0.9847,1,2,2651.0813,11,2,0,77.9998,573031.4625,8,3,16,1.0681,0,0
1,2,0.3333,0.6658,0,0,628.9368,12,0,1,250.3706,102154.2984,10,3,4,0.02,0,0
0,4,0.0,0.7695759583018553,0,0,3325.7248113148567,5,1,1,1199.6616442541665,431135.5326718932,16,7,2,1.0749991109664092,0,0
1,4,0.11375136193189368,0.8997571456311272,0,0,504.1625480238981,9,0,1,218.9564797313753,545376.5155339806,8,6,5,0.5733416643584935,1,0
1,3,0.25,0.5314,0,0,2125.0541,11,2,1,24.9083,110653.54,3,8,7,1.2053,0,0
0,5,0.0,0.9342,0,0,2045.8343,7,0,1,338.8233,25611.1687,12,4,11,1.2451,0,0
2,4,0.3333,0.6165,0,0,358.1759,7,0,0,1200.0,143790.9304,10,1,12,0.6869,0,0
0,1,0.0,0.5645,0,0,1202.7916,6,1,1,81.8933,10101.1815,17,7,1,0.479,1,0
2,5,0.2857,0.7799,0,0,1631.2075,9,2,1,791.1174,800000.0,14,1,5,0.4695,0,0
1,4,0.2,0.4737,0,0,2141.4523,2,0,0,82.362,800000.0,15,6,0,0.681,0,0
0,3,0.0,0.4714,0,0,1206.6268,4,0,1,109.4786,30105.3398,7,5,14,1.3245,0,0
0,2,0.019433162937507454,0.7202149451302908,0,0,2506.8650925335733,1,0,1,43.33353468467414,26876.213688679007,14,1,0,1.2196138969523613,0,0
0,5,0.0,0.6655671522662759,0,0,2541.5969000334685,2,0,1,108.54486612331883,45507.75758841427,9,7,15,1.8157637408013811,1,0
2,5,0.2857,0.9374,0,0,811.1756,9,2,0,258.0961,800000.0,4,3,6,0.4032,0,0
0,5,0.0,0.5517,0,0,2132.125,8,1,1,17.5884,548228.4112,1,2,8,1.1829,0,0
1,3,0.4062973500831851,0.7202782696132184,0,0,1410.8671056245512,7,2,0,-17.86441674733308,100193.10112005135,2,0,5,0.9387487658499316,0,0
1,5,0.1667,0.6497,0,0,2253.4768,7,0,1,147.3666,21420.7055,7,1,12,1.0396,0,0
0,4,0.0,0.9705,0,0,2437.9993,4,1,1,108.1288,1179.4366,4,8,4,0.02,1,0
2,0,1.0,0.3786,1,7,25.4826,3,0,0,13.5794,2776.7718,3,3,2,0.7842,0,1
0,5,0.0,0.9511,0,0,2986.6804,6,2,0,124.3016,27024.2272,16,6,3,0.02,0,0
2,1,0.6667,0.9749,0,0,3326.3857,5,2,0,93.8527,7425.5136,8,0,0,1.2942,0,0
2,0,1.0,0.2549,1,9,35.6815,11,1,0,13.6785,5236.4379,5,5,3,1.5119,0,1
0,1,0.0,0.5159,0,0,902.0039,5,2,1,35.4206,23280.1716,1,6,5,0.7331,0,0
1,5,0.1667,0.5514,0,0,1871.5606,1,1,1,460.8235,800000.0,17,8,4,1.521,0,0
15,1,0.9375,0.2463,0,1,16.1211,39,2,0,138.822,18788.5261,3,14,8,2.1131,1,1
0,4,0.0,0.5456,0,0,665.8726,8,2,1,24.5576,42638.9347,7,3,15,1.5722,1,0
0,5,0.0,0.9008,0,0,2462.3578,5,1,0,105.2653,17032.1154,10,0,18,0.4356,0,0
1,3,0.25,0.7189,0,0,894.1704,3,1,1,91.8693,35921.7849,6,7,15,1.1707,0,0
0,4,0.0,0.6451,0,0,2328.8647,12,1,1,5.0085,527665.6582,3,7,13,0.1718,0,0
0,3,0.0,0.6516,0,0,2037.7164,1,1,1,48.0424,945.0957,2,4,13,0.6908,0,0
0,3,0.0,0.9564,0,0,1260.3049,3,1,1,42.2569,428333.926,8,3,9,1.1158,0,0
2,0,1.0,0.0997,1,8,17.649,5,1,0,4.1289,5246.188,7,4,0,0.8224,0,1
7,0,1.0,0.3451,1,7,31.6716,3,1,0,12.6372,3809.4515,1,3,3,0.9626,0,1
1,5,0.1667,0.6645,0,0,3344.2307,2,2,0,786.2531,38254.6032,3,4,12,1.3026,0,0
1,5,0.1667,0.6222,0,0,2762.9553,4,2,1,75.7121,106262.5304,17,6,15,0.3452,0,0
0,1,0.0,0.9315,0,0,2269.9367,11,2,1,5.8997,319.3191,17,2,5,1.8029,0,0
1,2,0.39093380455713106,0.9029894116467492,0,0,3736.2504564478736,2,1,0,243.71853224212592,89505.6985373161,7,8,2,0.6747022897574588,0,0
1,1,0.5,0.9868,0,0,1023.0635,4,1,1,91.0122,15632.5441,2,5,9,1.5268,0,0
0,2,0.0,0.7731,0,0,3155.0827,12,1,1,209.779,278001.6014,15,4,9,1.5846,0,0
0,3,0.0,0.6998,0,0,3030.0099,5,2,1,298.1043,576.7237,17,7,18,1.0706,0,0
1,3,0.25,0.5131,0,0,630.7192,8,1,1,298.6426,5628.5651,10,0,13,0.6297,1,0
7,0,1.0,0.4079,0,0,17.9257,38,0,0,139.1231,18023.4833,9,11,4,1.9901,1,1
0,1,0.0,0.7204,0,0,3455.4631,5,2,1,7.0339,27986.0383,3,0,10,0.02,0,0
7,2,0.7778,0.3613,0,0,3.9214,35,1,0,80.8457,4648.7278,6,3,2,1.7721,1,1
0,3,0.0,0.9464,0,0,2081.1784,4,0,0,95.7371,41124.6078,7,7,6,1.2444,0,0
1,3,0.25,0.7209,0,0,1472.7081,3,2,1,57.6146,800000.0,12,1,1,0.8823,0,0
5,1,0.8042069872800018,0.5563547483563753,0,0,6.845056751503009,1,0,0,102.93428045479911,-29842.519037999675,14,3,0,0.6688597283502452,1,1
4,2,0.6667,0.1939,0,1,11.5028,39,2,0,54.0358,14448.8887,4,9,5,1.7316,1,0
1,3,0.25,0.5634,0,0,1627.1232,11,1,1,94.5109,70484.7448,10,2,9,1.6746,0,0
1,3,0.25,0.8618,0,0,299.4006,12,0,1,127.2701,119675.1757,9,2,17,0.8776,0,0
1,1,0.5,0.3941,1,2,566.814,4,0,0,55.7558,8336.2161,14,5,5,0.9934,1,1
1,0,1.0,0.6147,0,0,4.808,2,1,0,271.7162,4330.9819,253,96,23,0.0,1,1
2,5,0.2857,0.9016,0,0,53.9795,10,1,0,86.5454,3012.3141,5,5,6,1.7045,0,0
0,1,0.0,0.4881380631433932,0,0,2463.8876692998974,7,2,1,648.0161992459965,-16685.559497014117,11,4,2,1.4951428761698518,0,0
1,4,0.2,0.9438,0,0,795.703,7,2,0,63.2511,22445.8757,5,2,4,1.2527,1,0
4,1,0.8,0.5792,0,0,565.6371,7,1,1,15.9688,5832.8331,9,0,0,1.5907,1,1
1,2,0.3333,0.652,0,0,2932.645,4,0,0,199.353,76258.7826,2,3,14,0.2755,0,0
0,4,0.0,0.4585,0,0,2035.5539,10,0,1,1200.0,197073.8832,2,1,13,1.2948,0,0
0,4,0.0,0.7614,0,0,2467.8754,10,2,0,39.1048,15929.1865,8,2,15,1.273,0,0
1,5,0.1667,0.8272,0,0,754.409,2,2,1,98.1297,283713.728,4,6,10,1.7775,0,0
3,2,0.6,0.6145,0,0,6.0629,8,0,0,64.0251,1488.8419,296,68,26,0.6478,1,1
8,1,0.8889,0.5661,1,0,4.8286,44,5,0,39.5445,2079.2524,5,3,10,1.8954,0,1
2,5,0.2857,0.6236,0,0,3375.0008,2,1,0,14.407,743171.9618,8,2,9,0.0331,1,0
24,2,0.9231,0.4992,0,0,7.2492,10,2,0,49.0012,14885.7882,2,12,5,2.2475,1,1
0,5,0.0,0.7006,0,0,2163.4379,2,1,1,113.4466,684.5132,10,3,4,0.704,0,0
1,5,0.1667,0.9892,0,0,2875.6214,6,1,0,210.1632,11777.2237,12,8,0,0.6528,0,0
10,1,0.9091,0.5738,1,3,1.0415,38,5,0,89.2119,5219.839,7,9,11,0.9932,1,1
3,2,0.6,0.6752,0,0,1288.2308,6,0,1,1011.5152,57244.3384,9,0,14,0.8633,0,0
0,5,0.0,0.6324,0,0,3188.0908,5,2,0,65.3022,2522.6445,4,8,10,1.2463,0,0
0,1,0.0,0.8552537133097948,0,0,668.2196168503746,6,1,1,280.4777063445158,-26689.826822342027,11,2,19,1.0660161955168759,0,0
0,2,0.0,0.8373,0,0,2369.7864,3,2,1,51.5737,62381.7252,16,6,5,0.6671,0,0
2,4,0.3333,0.5485,0,0,2173.2172,7,0,1,150.5913,23834.5664,1,5,3,1.2743,1,0
0,1,0.0,0.8204,0,0,669.0198,2,1,1,251.0923,9443.9354,16,4,13,0.02,1,0
0,3,0.0,0.5956,0,0,738.5929,8,0,1,303.7069,8687.1083,12,6,12,0.7804,1,0
0,1,0.0,0.6623,0,0,1940.0916,12,2,1,62.4232,5397.2087,9,3,11,1.5801,0,0
5,1,0.8333,0.3687,1,3,53.0154,8,1,0,9.517,4311.7681,1,2,0,0.776,0,1
1,2,0.3333,0.7061,0,0,2882.801,2,2,1,6.9532,1547.3603,13,1,12,0.7953,0,1
0,3,0.0,0.9425,0,0,2659.0341,10,0,1,20.1877,4900.1565,8,8,15,0.5919,0,0
0,1,0.0,0.7115877360111734,0,0,347.5578161202826,4,2,0,155.68928458838496,-61582.44399062073,12,2,17,0.17591748334141333,0,0
5,1,0.8947647744214235,0.2283059639089266,1,5,-10.837758363044742,7,1,0,18.757042981810002,34682.2875512062,1,1,3,0.7126869159139456,0,1
6,0,1.0,0.3022274734720607,1,0,326.5192345350342,14,1,0,48.61540882940921,-12835.901162153756,7,2,8,1.7591473968482763,0,1
0,3,0.0,0.8842,0,0,1453.6065,12,2,1,158.2509,800000.0,6,5,6,0.8852,1,0
2,1,0.6667,0.336,1,8,47.436,11,1,0,15.2785,1972.438,6,5,0,0.598,1,1
5,1,0.8333,0.3844,1,1,187.2797,2,0,0,36.8585,2309.4633,3,0,4,0.804,1,1
2,5,0.2857,0.832,0,0,1269.0833,4,2,1,79.6464,800000.0,17,2,6,0.2898,0,0
0,2,0.0,0.6012,0,0,1623.9473,10,1,0,30.7118,561507.9373,1,4,10,0.9177,0,0
1,3,0.25,0.8255,0,0,1152.3786,12,2,1,1.1623,91573.3605,1,0,19,0.3275,0,0
0,5,0.0,0.8489,0,0,819.4493,5,1,1,51.6657,235.0229,12,7,14,0.7392,1,0
1,2,0.3333,0.4791,0,0,1058.366,6,0,1,306.202,6746.8939,10,4,6,0.9413,0,0
4,0,1.0,0.3615165893718998,0,0,608.4764186335447,21,8,0,38.390775391003885,27428.63679967103,6,1,3,1.4461911315810023,0,1
0,3,0.1979942097124235,0.47027879148563606,1,1,1220.3160362113208,2,1,1,24.59717306540733,19006.754545307802,17,2,3,1.1140269129292584,0,0
1,4,0.2,0.8143,0,0,771.1367,3,1,1,115.2469,20667.8782,1,7,12,1.6339,0,0
0,2,0.0,0.4588,0,0,3093.896,12,2,1,850.1868,800000.0,11,0,9,1.6119,0,0
1,4,0.2,0.7416,0,0,3380.0573,4,0,1,69.0536,3605.6091,4,7,7,0.6162,0,0
0,3,0.0,0.9324,0,0,2465.1611,7,1,1,556.5963,8655.9665,5,4,3,1.0934,0,0
0,1,0.0,0.8971,0,0,2774.6412,4,2,1,22.5345,53583.9936,2,8,16,1.5622,0,0
0,4,0.0,0.7941,0,0,3224.1533,2,0,1,1200.0,62880.8444,13,5,4,0.9728,0,0
2,5,0.2857,0.5099,0,0,622.8696,1,0,1,1200.0,49527.5492,1,6,13,1.1936,0,0
1,1,0.5,0.5005,0,0,1984.7268,1,1,0,96.2945,577.4509,4,8,10,1.2814,0,0
0,4,0.0,0.5004,0,0,1366.0419,4,0,1,175.0982,9625.1933,11,3,7,0.325,1,0
0,4,0.0,0.5233,0,0,2177.8079,3,2,1,1075.7998,143625.1837,16,1,6,0.9198,0,0
2,0,1.0,0.4149817947264558,0,0,426.8010457917205,1,0,0,31.45288165969113,-51078.67955569292,2,2,2,1.0778160504536338,1,1
0,1,0.0,0.8361,0,0,2033.3161,7,0,1,1200.0,800000.0,3,4,12,1.2636,0,0
0,5,0.0,0.7034,0,0,821.2524,6,0,1,179.2468,18639.5492,13,6,8,0.7638,1,0
3,0,1.0,0.15298324610254596,1,4,750.4914069619837,9,0,0,-121.93697708774164,33561.54667033993,4,0,1,1.1680497536856573,0,1
0,5,0.0,0.6759,0,0,1816.3212,12,0,1,93.3851,57953.4126,15,0,0,1.0542,1,1
2,2,0.5,0.5459,0,0,3537.1015,5,2,1,1200.0,729468.119,6,3,1,1.1176,0,0
1,5,0.1667,0.7784,0,0,1834.5706,7,2,1,354.062,1023.426,13,5,15,0.7447,0,0
3,1,0.75,0.2322,1,2,274.1324,8,1,0,55.3833,6410.8928,15,2,5,1.4828,1,1
1,2,0.3333,0.7379,0,0,2922.4291,7,1,1,23.1733,5633.4413,13,2,16,0.6151,0,0
0,2,0.04781453904950654,0.7640427611810996,0,0,498.97252249360866,5,1,1,5.140067465207714,-52755.00984365067,9,7,14,0.6271117203222266,0,0
1,1,0.6012647563316044,0.5886681246085145,0,0,3216.826792809449,11,1,1,-22.952691557027336,67089.60906309307,1,2,9,0.8727049147747292,0,0
8,1,0.8889,0.4121,1,0,5.2282,53,9,0,88.7422,12746.6693,3,5,12,1.279,0,1
1,2,0.1971536282369661,0.4305130966496563,0,0,-383.64210018049835,7,3,0,123.81525185098351,47383.8351745172,278,8,13,0.45974080524694216,1,1
1,5,0.1411516922157025,0.7477960510757573,0,0,2354.767998258708,2,0,1,91.9184086293958,72928.42019667113,17,8,4,1.5335133609614493,0,0
0,5,0.0,0.8474,0,0,2140.1847,7,2,0,23.0075,4991.7309,3,4,9,1.4477,1,0
0,4,0.0,0.6907218968175525,0,0,140.76782300248098,9,0,1,-88.11193594742143,-16213.701801014891,8,3,17,1.767558783301463,0,0
0,5,0.0,0.9138,0,0,1400.5271,10,2,1,8.3847,1215.4391,5,5,7,1.6536,0,0
0,5,0.0,0.843,0,0,1156.6547,2,1,1,388.8295,1756.0646,2,5,13,0.7116,0,0
1,2,0.3333,0.7567,0,0,3014.5674,4,1,0,242.7146,18615.9768,13,3,14,1.302,0,0
0,3,0.0,0.5567,0,0,822.5425,4,1,1,7.5827,159530.7026,13,4,2,0.4613,0,0
0,2,0.0,0.9712,0,0,2518.1197,11,0,0,42.7367,248898.7683,9,2,0,0.6924,0,0
0,1,0.0,0.9032,0,0,1202.2104,4,1,1,1200.0,95006.4818,10,2,13,1.1081,1,0
0,4,0.0,0.7956,0,0,2173.7112,3,2,1,13.7192,2738.5275,15,2,2,1.2171,0,0
3,0,1.0,0.2393,1,6,51.466,6,1,0,25.4383,2285.0686,3,3,1,1.2527,0,1
3,1,0.75,0.0187,1,5,58.3566,11,1,0,17.4048,4253.3276,6,1,2,0.9503,1,1
1,1,0.5,0.8235,0,0,1044.4183,10,2,1,25.7228,16558.0232,1,8,19,2.0061,0,0
1,2,0.3333,0.79,0,0,5.4599,6,0,0,68.8346,1644.0991,143,86,23,0.6894,0,1
1,0,1.0,0.4449,1,3,50.6186,2,1,0,15.5509,3543.4311,5,3,0,1.0337,0,1
1,1,0.5,0.4768,0,0,628.0983,3,0,1,201.7132,52590.0274,17,1,12,0.02,0,0
0,5,0.0,0.6511,0,0,254.0627,12,1,1,164.346,800000.0,14,3,9,1.3454,0,0
1,2,0.4975260686042857,0.680529157654738,0,0,1788.2920687715018,12,1,1,-47.3345045609923,178007.6745219338,13,5,18,1.1033637504153873,1,0
13,1,0.9286,0.5475,0,0,14.4582,30,1,0,20.0612,5129.6295,7,13,2,1.6157,0,0
0,1,0.0,0.8406,0,0,3456.9362,7,0,1,198.9754,4779.2716,6,0,14,1.9828,0,0
1,3,0.25,0.6436,0,0,276.9213,11,1,1,23.3482,405673.7964,5,5,11,2.1959,0,0
0,4,0.0,0.6828,0,0,1122.8656,6,2,0,1200.0,629003.0899,2,2,10,0.3155,0,0
1,4,0.2,0.7441,0,0,3457.4835,1,1,1,142.1416,786.997,5,4,12,1.2862,0,0
5,0,1.0,0.3342,0,0,99.8044,2,1,0,10.4392,5520.9805,8,8,5,0.9624,1,1
1,4,0.2,0.5363,0,0,2012.5717,6,2,1,1200.0,44821.4234,13,7,7,0.5205,0,0
0,5,0.0,0.6361,1,1,647.2364,5,0,0,181.0859,8942.1223,15,8,16,0.9007,0,0
16,1,0.9412,0.3344,0,0,4.5505,37,2,0,139.7272,10428.5517,9,14,6,1.6232,0,1
3,1,0.6666768306463322,0.34414508233899005,1,3,217.01446831556038,10,0,0,44.928107772343765,57025.29138240208,2,0,3,0.9736901891416176,0,1
0,1,0.0,0.8517,1,1,997.714,7,1,1,215.8764,694789.641,9,3,5,1.7663,0,0
4,2,0.6667,0.4853,0,0,9.3802,27,1,0,72.9789,6481.4907,9,10,2,1.5915,1,1
7,0,1.0,0.2207,1,8,40.364,7,1,0,5.7403,5564.5105,1,1,1,1.3999,0,1
0,5,0.0,0.8878,0,0,3337.9925,7,0,1,86.2586,2523.8399,11,3,1,0.8003,0,0
0,4,0.0,0.7674,0,0,3270.1395,7,2,1,214.6573,1308.5265,9,2,17,0.7617,1,0
0,4,0.0,0.6202,0,0,396.8002,6,2,1,540.3174,184832.1848,12,3,13,1.4865,0,0
0,4,0.0,0.6741,0,0,2235.0542,6,2,1,6.4258,12765.744,5,8,10,0.1823,0,0
3,0,1.0,0.4044,0,0,137.4535,6,0,0,16.2145,1535.3801,10,6,5,1.8218,1,0
1,3,0.25,0.7424,0,0,847.516,10,1,1,6.0566,530561.4953,5,7,9,1.7459,0,0
0,1,0.0,0.9796,0,0,293.5529,7,1,1,7.2739,26925.7077,7,4,7,0.4508,0,0
3,0,0.9436466939161695,0.0462944295985686,1,0,44.468105752220616,24,1,0,121.3837072408854,-3792.5765640600694,3,8,7,0.9584367047213956,0,1
0,3,0.0,0.8207,0,0,1930.3006,4,1,0,2.0752,43520.0986,5,1,1,1.5699,0,0
0,4,0.0,0.8826,1,1,697.5426,6,1,1,70.4391,4530.8291,1,0,11,0.8809,0,0
1,2,0.3333,0.5942,0,0,3021.8555,1,2,1,16.9319,16839.9733,3,2,12,1.5603,0,0
0,2,0.0,0.6829,0,0,1135.0518,9,1,0,67.5733,591.8122,16,1,11,0.6517,1,0
0,3,0.0,0.9274,0,0,297.0256,1,2,1,209.4182,917.1345,11,5,1,0.9609,0,0
7,1,0.875,0.4469,0,2,9.2855,47,5,0,32.7895,2714.7935,9,10,4,1.4982,1,1
1,3,0.43587908217194526,0.7273243863615333,0,0,2600.811623561807,7,1,1,245.43283455993287,50070.93958507982,5,5,13,1.5885975844196176,0,0
1,2,0.28239437673484735,0.7389381804092684,0,0,496.1389523282123,6,3,0,157.59862623650682,33438.48780248044,287,68,7,0.48042043076914465,0,1
0,3,0.0,0.4979,0,0,1505.545,5,2,1,59.294,4924.4753,1,6,0,0.4306,0,0
17,1,0.9444,0.0427,0,0,7.8764,14,2,0,107.3006,13338.3349,6,6,3,0.9054,0,1
1,2,0.3333,0.5059,0,0,3356.3009,1,0,1,121.1319,23089.8573,10,6,10,1.1829,1,0
0,2,0.0,0.9696,0,0,565.076,11,1,0,83.7108,28498.8739,15,0,18,1.3152,0,0
1,2,0.3333,0.3689,0,0,1.8656,6,2,1,109.9769,4415.8496,138,63,6,0.5707,0,1
0,1,0.0,0.8981,0,0,1.9869,7,1,1,60.8623,840.7926,213,76,17,0.2655,0,1
2,2,0.5,0.6116,0,0,2806.8066,4,0,1,346.4165,136064.67,5,8,14,1.4863,0,0
1,1,0.5,0.2178,1,8,12.0932,8,1,0,4.9479,494.0229,1,2,0,1.0315,1,1
21,2,0.913,0.5623,0,0,12.2477,37,1,0,116.6922,16748.4594,3,8,8,1.3546,1,1
1,2,0.45136936632494445,0.7883781997461807,0,0,1890.6751711631462,11,2,1,137.97613647585956,32438.69856889179,6,4,13,0.8894808334842697,0,0
0,5,0.0,0.6972,0,0,1839.093,3,2,1,729.1035,58164.6745,9,7,19,0.8096,0,0
1,4,0.2,0.9339,0,0,3490.9825,10,2,1,355.7494,274263.0709,16,8,6,0.6335,0,0
2,4,0.3333,0.4644,0,0,2591.6452,3,2,1,31.2385,37329.3378,5,8,15,0.2974,0,0
0,2,0.0,0.6018,0,0,2657.8216,2,0,1,50.8241,25313.8757,11,5,8,0.9026,0,0
0,3,0.0,0.7563,0,0,2602.2544,7,2,1,538.1715,150975.8528,3,1,10,1.0308,0,0
3,0,1.0,0.2829,0,2,4.3333,44,7,0,87.4362,14435.8896,12,10,10,0.7839,1,1
6,1,0.8571,0.3702,0,1,4.4837,59,8,0,21.0667,1875.5464,4,9,6,1.7708,0,1
7,1,0.875,0.0094,0,1,11.1516,14,2,0,72.712,14009.5209,2,7,5,0.6836,1,1
0,1,0.0,0.7939,0,0,3488.323,12,2,0,511.7144,123939.3074,2,3,11,0.5173,0,0
5,0,1.0,0.0424,0,0,19.5013,28,0,0,103.2696,19213.2009,3,3,4,1.6322,1,1
7,1,0.875,0.4709,0,0,4.9424,54,5,0,64.7782,3286.9347,12,6,4,1.2915,0,1
0,1,0.0,0.7617361654668144,0,0,2756.425152952305,2,0,1,76.62437995625717,238369.3884369809,17,0,15,1.1810917704223949,0,1
1,1,0.5,0.5703,0,0,355.6424,10,2,1,105.5165,70338.6611,13,1,13,0.7694,0,0
2,4,0.3333,0.9813,0,0,3587.5696,12,1,0,866.3262,63932.6118,8,7,7,0.8244,0,0
0,5,0.14495635208531232,0.7008163094504748,0,0,4137.392300565854,4,2,1,12.521876518588265,-129099.49498661517,14,8,10,1.4138393948849464,0,0
0,2,0.0,0.4562,0,0,2244.8532,12,2,0,115.1446,73998.6219,7,6,19,0.958,1,0
1,3,0.25,0.8088,0,0,520.161,8,0,1,54.8448,374.9441,9,4,5,1.3371,0,0
1,4,0.2,0.4644,0,0,2226.0607,9,0,1,376.595,56835.4235,8,3,8,1.5972,0,1
2,2,0.5,0.8475,0,0,2294.9273,6,2,1,52.229,291092.3273,9,0,8,0.8157,0,0
2,0,1.0,0.6452,0,0,14.8791,5,2,0,181.8272,4651.8896,54,75,11,0.5986,0,1
0,4,0.0,0.6356,0,0,725.749,5,2,0,312.8108,111215.0164,10,0,14,1.0217,1,0
1,1,0.5,0.51,0,0,1612.8203,11,0,1,291.6613,9972.1012,4,3,7,0.4484,0,0
0,1,0.0,0.8686,0,0,1743.6691,5,1,0,244.3959,206747.8416,9,0,15,1.2554,0,0
1,1,0.5,0.4663,0,0,3039.5265,5,0,1,175.6753,1059.8542,11,5,12,1.3064,0,0
0,3,0.031119106174055375,0.5204718362063067,0,0,2321.3075654788636,1,0,0,14.245056735005775,-60501.4314184578,9,7,19,1.0512931075570506,0,0
1,1,0.5,0.9776,1,1,1614.2745,4,2,0,51.6466,78970.7403,16,2,15,1.1618,0,0
14,1,0.9333,0.2116,0,0,7.4854,15,1,0,133.6517,16522.8699,4,4,5,1.4396,1,1
5,1,0.8333,0.3925,1,1,4.7717,30,7,0,85.7202,14435.4805,5,10,7,1.3225,0,1
0,4,0.20934768830744518,0.7521515022968467,0,0,2581.4241750602605,5,2,1,224.65553419592882,132490.20700678023,17,2,3,0.8981400819343388,0,0
0,5,0.0,0.9231,0,0,249.1081,6,0,1,11.8098,313909.039,17,3,7,0.7087,0,0
2,1,0.6492484405214581,0.6326724073505403,0,0,1115.8757167758476,6,1,1,-93.00281816038222,57611.06717911314,13,6,5,1.3128194300641638,0,0
11,0,0.9385588057217781,0.2855293843737381,0,3,-147.46531752188923,36,4,0,-5.4216238949979925,17037.835832328325,2,8,7,0.6519526345222264,1,1
0,4,0.0,0.7910671588956426,0,0,1130.092839664906,10,0,1,29.69502894254982,801231.3547606941,6,7,19,1.4188834130481094,0,0
1,1,0.5,0.5334,0,0,3347.4603,10,1,1,490.7756,290.0034,17,2,4,0.961,0,0
0,2,0.00041172977170083095,0.7812381827078699,0,0,3355.0949487532857,4,1,0,59.83047839485998,59147.09525920778,12,6,1,1.4337806805603177,0,0
3,1,0.75,0.2633,0,0,1.1666,37,1,0,39.5243,7258.3972,4,2,2,1.284,1,1
3,1,0.75,0.2008,0,1,92.6085,6,0,0,28.7654,2247.356,16,2,1,0.9498,1,1
3,0,1.0,0.677,0,0,13.624,5,1,0,206.9067,1297.5073,110,88,15,0.602,0,1
1,1,0.5885067838368303,0.6870575264899228,0,0,873.1106390541999,11,2,1,31.57505500623052,128239.35716872856,5,4,4,0.8473538374903847,0,1
0,2,0.0,0.6903,0,0,1070.534,11,0,1,20.3438,8235.8865,15,7,12,0.6473,1,0
0,1,0.0,0.8621562693968875,0,0,604.1884989988885,2,0,1,214.2865031058137,143758.75774103156,7,8,2,0.5766250018799399,0,0
2,2,0.5,0.9597,0,0,983.06,6,2,1,74.8097,243541.3816,12,8,12,1.8964,0,0
1,2,0.3333,0.4598,0,0,1958.7666,6,1,0,130.3926,37217.1051,17,7,19,1.4558,0,0
0,0,0.0,0.6406,0,0,13.3369,8,3,1,118.7956,3999.0107,173,69,18,0.1995,0,1
0,3,0.0,0.9816,0,0,3383.6732,11,0,1,49.4869,5135.3386,5,5,18,0.8067,0,0
2,2,0.5,0.972,0,0,1189.4871,4,1,1,490.4927,150443.8611,11,5,19,1.5676,0,0
2,3,0.4,0.786,0,0,2595.4903,3,1,1,437.2734,100.0,17,5,5,0.8386,0,0
1,4,0.2,0.85,0,0,1287.646,1,1,1,57.0281,7323.4854,7,3,6,0.7883,0,0
1,4,0.2,0.8589,0,0,1157.6132,10,2,1,360.8418,92415.7894,12,3,8,0.8583,0,0
0,2,0.04174417814452833,0.5837891845025158,0,0,1516.2117521799212,11,0,1,-22.268835513850476,45233.3965799827,10,3,14,1.3429652419131035,0,0
0,3,0.0,0.8645,0,0,585.6457,3,2,1,122.7278,336165.0148,2,4,13,0.8732,0,0
2,0,1.0,0.5858,0,0,12.0337,4,1,1,70.0514,1691.9755,235,21,15,0.9756,0,1
0,5,0.0,0.7358,0,0,1031.6842,10,2,1,1200.0,2346.4271,12,6,16,0.8811,0,0
1,3,0.25,0.5282,0,0,2927.3146,1,0,0,3.9592,25384.5425,8,6,6,1.2374,0,0
1,3,0.25,0.5335,0,0,780.5286,10,2,1,23.7482,413544.6932,1,3,2,0.8036,0,0
1,5,0.1667,0.4788,0,0,1456.5752,9,0,1,110.5629,469.2635,6,3,17,1.3092,0,0
1,5,0.1667,0.7311,0,0,2476.8425,2,0,0,7.3955,100.0,4,5,12,0.4816,0,0
24,0,1.0,0.424,0,1,12.6723,16,0,0,51.1191,16846.7051,4,3,9,1.6372,0,1
5,1,0.8333,0.1248,1,3,28.5307,3,0,0,3.448,2026.0314,1,1,0,1.0906,0,1
1,5,0.19648867747910895,0.7011880642494661,0,0,424.78524300023753,3,2,1,93.92315643480427,199343.31476157752,16,2,19,0.6580389798266527,0,0
3,3,0.5,0.5348,0,0,3052.3122,2,1,0,143.5024,4069.9302,8,4,12,0.7624,0,0
1,0,1.0,0.4237,1,3,34.3842,2,0,0,12.533,465.6007,5,1,2,1.0903,0,1
0,3,0.0,0.5104,0,0,1880.6669,7,0,1,62.3871,2798.0479,5,1,12,0.9377,1,0
0,2,0.0,0.954,0,0,834.118,1,0,0,77.9088,298319.6082,7,4,1,0.9215,0,0
1,5,0.1667,0.8788,0,0,1680.4381,10,0,1,22.7063,100.0,3,8,9,0.1247,0,0
0,3,0.0,0.6131,0,0,1537.529,10,1,1,235.8569,255589.9315,9,6,12,0.6771,0,0
0,3,0.0,0.6543,0,0,2549.4132,12,0,1,228.3778,3655.7514,6,5,5,1.5977,0,0
0,5,0.0,0.6305,0,0,1497.6229,7,0,0,1200.0,1098.0825,13,1,0,1.443,0,0
0,1,0.0,0.6844,0,0,3412.3957,8,1,1,61.2081,87863.5008,14,3,10,0.899,0,0
1,2,0.29909419264452175,0.6885245987414258,0,0,1689.987431289218,2,0,1,965.3419390827186,619028.8851883635,1,5,9,1.5863232970055505,1,0
2,5,0.2857,0.7166,0,0,1564.5776,3,2,1,619.6764,4519.6568,8,4,0,1.0357,0,0
0,3,0.0,0.6358,0,0,2409.4896,7,2,0,5.4279,40272.7902,5,5,12,0.6717,0,0
0,5,0.0,0.656,0,0,2466.1487,6,2,1,119.0584,11348.462,12,3,5,1.2821,0,0
1,5,0.1667,0.459,0,0,2360.1628,7,1,1,38.9259,215411.2361,1,8,6,0.4765,1,0
16,1,0.9412,0.1337,0,0,5.4316,25,1,0,143.2078,6476.0293,6,9,3,1.8408,1,1
1,4,0.1560980800077975,0.6765230451021346,0,0,3597.110354898058,3,1,1,1273.249662492242,146788.42046410652,11,0,19,0.38257044108863336,1,0
0,2,0.0,0.7037,0,0,2395.2129,1,0,1,470.8008,1179.8218,3,4,11,1.225,1,0
6,0,0.9840968418152998,0.11825804346803073,1,5,555.6589431185757,5,0,0,116.86102840891346,-1058.3675936795012,2,0,0,0.745678132513795,0,1
1,2,0.3333,0.7482,0,0,13.3822,5,3,1,284.6196,4494.9684,120,57,7,0.389,0,1
3,3,0.5,0.8295,0,0,2314.031,7,0,1,266.5144,2984.0695,9,1,6,1.0989,0,0
1,2,0.3333,0.8316,0,0,2440.1344,6,1,1,42.698,635624.4543,9,1,12,0.7917,0,0
1,1,0.5,0.9329,0,0,2457.8608,3,0,1,37.479,800000.0,8,4,19,0.9789,0,0
11,0,1.0,0.2677896843024311,0,1,383.64106981833027,12,1,0,-14.537618339567373,9891.751796026729,1,7,7,1.0955380876283802,1,1
0,2,0.0,0.5427,0,0,2335.6391,12,0,1,60.2497,9695.9376,8,0,17,1.6693,0,0
1,1,0.5,0.7005,0,0,3493.9939,3,0,1,87.2718,351.1214,8,0,19,1.4699,0,1
0,1,0.0,0.6815,0,0,2352.6188,12,2,0,77.1114,575.3676,8,5,1,0.9273,0,0
1,3,0.25,0.5626,0,0,2976.9006,12,1,0,24.4134,25370.5185,8,6,9,1.2388,1,0
1,2,0.3333,0.6754,0,0,2427.709,12,1,1,238.6855,126.1859,4,7,7,1.5773,1,0
0,4,0.0,0.7799,0,0,509.209,9,1,1,702.3073,340707.7542,1,7,5,0.5347,1,0
2,1,0.6667,0.2198,0,1,457.2438,5,1,0,46.524,4703.5844,1,6,0,1.2423,1,1
1,3,0.25,0.8199,1,1,3125.2591,3,1,0,74.8857,23514.5189,5,7,0,0.194,1,0
1,5,0.1667,0.6308,0,0,237.5766,2,1,1,1200.0,8060.1632,2,5,5,0.4797,0,0
0,2,0.0,0.878,0,0,3347.1253,4,0,1,373.3948,36946.4542,11,1,18,1.203,0,0
1,1,0.5,0.6319,0,0,3441.2662,2,2,1,99.2979,84600.6269,11,1,7,0.02,0,0
0,2,0.0,0.8821,0,0,2951.3715,4,2,0,144.0397,27556.4712,2,8,17,0.9681,0,0
1,4,0.2,0.6161,0,0,715.9603,11,0,1,255.6743,100.1016,7,8,14,2.4575,1,0
1,1,0.5,0.9448,0,0,341.7425,12,0,1,61.8481,345752.8937,3,7,1,0.6787,1,0
0,2,0.0,0.7679,0,0,895.4695,7,2,1,49.9304,44150.2062,6,5,16,0.8973,0,0
1,5,0.1667,0.7157,0,0,1720.6862,9,2,1,375.5876,800000.0,3,1,11,0.7199,0,0
1,5,0.1667,0.6754,0,0,2268.4942,3,2,1,8.611,221790.9847,7,4,4,0.5752,0,0
0,2,0.0,0.564,0,0,2819.5054,2,1,0,515.9714,3255.4208,8,7,16,0.7935,0,0
11,0,1.0,0.4201,0,1,4.969,35,7,0,11.5275,10791.1106,6,9,4,1.3463,0,1
21,2,0.9139835062327097,0.48541029994419993,1,0,-464.19346046422254,18,0,0,-74.83704861238468,28178.88098402421,1,12,7,1.6435346338250283,0,1
0,4,0.0,0.459,0,0,901.8982,2,2,1,1200.0,4491.1334,16,7,12,0.8667,0,0
0,4,0.0,0.7985,0,0,313.3312,1,2,0,117.9667,63857.4008,11,5,9,1.6488,0,0
13,1,0.9286,0.4475,0,0,4.8841,18,0,0,21.3926,16548.8789,9,7,5,0.7016,1,1
0,4,0.0,0.7724,0,0,2903.2399,2,2,0,69.1048,580.5874,17,4,1,0.6318,0,0
0,5,0.0,0.4695,0,0,466.4833,2,0,1,41.5952,2472.9342,8,7,15,0.9737,0,0
0,2,0.0032720898932536288,0.9672007570877657,0,0,1835.861742019917,2,1,1,1024.278089268251,122618.82306703298,1,1,11,1.374859394415215,1,0
0,2,0.0,0.6426,1,1,2564.2287,9,0,1,34.8015,18427.2138,10,8,9,0.5738,1,0
0,2,0.0,0.7726,0,0,1810.0201,8,1,1,81.3559,51632.1294,7,7,7,1.2842,0,0
0,3,0.0,0.6479,0,0,2600.2677,11,0,1,7.1145,221332.637,15,2,10,1.1815,0,0
8,1,0.8889,0.2879,0,1,4.1617,35,1,0,32.1354,9878.1976,9,7,4,1.2514,0,1
0,3,0.0,0.7044,0,0,1541.8611,5,1,1,14.5842,2947.6206,7,0,12,1.5548,0,0
2,4,0.3333,0.7248,0,0,2323.3196,8,1,1,257.0,2006.222,15,1,10,1.3708,0,0
2,1,0.6667,0.1126,1,6,43.8797,5,0,0,5.751,760.7998,3,4,2,1.016,0,1
5,1,0.8333,0.4734,0,1,168.6345,8,0,1,12.7212,5301.6346,6,9,0,1.2944,1,1
0,4,0.0,0.6871,0,0,864.542,12,1,1,12.8135,13592.8353,15,4,3,0.676,1,0
5,0,1.0,0.5644,0,1,17.4137,25,0,0,124.9341,16684.1429,3,5,11,1.9346,0,1
1,0,1.0,0.7608192479948656,0,0,-30.695243919945916,7,2,0,69.91456583265438,28818.66391318859,175,57,15,0.514761652762581,0,1
2,2,0.5,0.8713,0,0,3.945,2,1,0,158.4308,3819.6259,263,81,28,0.101,0,1
0,4,0.0,0.6644,0,0,3013.5709,12,0,0,60.4612,612410.7591,2,7,9,1.7553,1,0
1,5,0.1667,0.5762,0,0,1565.1029,12,1,1,9.9826,232347.8716,4,5,0,1.5089,1,0
0,4,0.0,0.8741,0,0,1109.1603,1,1,1,30.6896,100.0,14,7,4,0.7075,1,0
23,2,0.92,0.3885,0,1,7.9492,10,2,0,93.2201,5392.5885,4,11,11,0.9707,1,1
0,1,0.0,0.3016,0,0,7.6832,6,0,1,138.0102,4257.5842,253,36,28,0.1308,0,1
0,2,0.0,0.4735,0,0,1239.9396,2,2,1,21.1502,800000.0,2,6,8,1.9454,0,0
1,1,0.5,0.7553,0,0,950.4673,1,1,0,286.5752,33828.9627,9,2,14,0.6885,0,0
0,5,0.0,0.5805,0,0,3253.4656,10,2,1,10.8697,800000.0,14,8,3,2.4089,0,0
0,5,0.0,0.8627162786838195,0,0,2288.4646317937545,1,2,1,198.31248470074115,-14236.432203301503,1,7,17,1.776146769407943,1,0
3,3,0.4100526371721488,0.7771964742810347,0,0,648.95897673498,4,1,1,842.9154117587403,77140.9718747889,11,4,19,0.310619909202627,0,0
0,1,0.0,0.9143,0,0,1177.152,2,2,1,99.0784,3125.1286,4,6,18,1.3276,0,0
1,2,0.3333,0.5257,0,0,395.95,8,0,0,609.3903,23782.812,1,8,5,0.5729,0,0
0,3,0.0,0.631,0,0,720.2841,1,2,0,67.6244,351658.6143,5,5,7,0.8347,0,0
2,2,0.5,0.6609,1,2,534.3524,11,2,1,504.0813,77705.9559,3,4,0,1.0513,0,0
0,3,0.0,0.6735,0,0,181.1732,7,1,0,58.8202,24045.6156,15,5,16,0.9073,1,0
1,2,0.32968718415837717,0.6054059168118157,0,0,969.4011123963,12,1,0,1249.0700087722005,52303.36677062302,5,5,12,0.9179223265958153,0,0
0,3,0.08892934740372059,0.8106768673006489,0,0,2119.0623417645156,11,1,1,494.2390115716291,49591.25877131554,15,4,2,0.2655939739826217,1,0
10,1,0.9091,0.2923,0,1,5.2053,21,5,0,48.7198,7962.2722,10,1,12,0.77,1,0
0,2,0.0,0.9278,0,0,20.3895,11,1,0,1200.0,2123.7714,11,2,3,0.6157,0,0
7,1,0.875,0.0466,1,3,53.6,10,1,0,9.5789,4769.4578,6,0,2,0.6806,0,1
4,1,0.8897638586295302,0.3443808619909729,1,0,-343.32552588625373,23,6,0,85.63484352023602,-54033.87587448644,6,7,3,0.8073985257733322,0,1
0,5,0.0015588211163478183,0.7317087151027797,0,0,1585.0451083009148,2,0,0,3.6338739875028097,-1880.913641090513,11,2,6,1.3507600801682398,1,0
0,4,0.0,0.636,0,0,1755.8251,9,2,1,42.3624,48043.2249,14,5,6,1.6165,0,0
12,2,0.8571,0.4664,1,0,14.2642,24,0,0,80.8636,8988.7926,7,8,3,0.5471,0,1
1,5,0.041719877617547474,0.5209901411054569,0,0,3281.4107407626752,5,1,1,1205.533052770315,-22900.101006592275,12,5,16,0.0,0,0
2,2,0.5,0.8455,0,0,1025.6792,1,0,0,31.0945,800000.0,8,7,5,0.7703,0,0
0,4,0.0,0.4698,0,0,2814.9834,3,1,0,308.4053,481.3803,15,0,4,0.6294,1,0
0,2,0.0,0.8543,0,0,21.4048,9,2,1,26.2602,89815.1513,12,0,17,0.02,1,1
0,4,0.0,0.4947,0,0,1591.8764,9,2,0,64.5059,4834.6708,2,7,15,1.0571,0,0
6,0,1.0,0.4572,1,1,4.3587,42,5,0,17.5811,7984.2251,10,2,14,1.3931,0,1
1,1,0.5,0.8809,0,0,1014.6059,10,1,1,37.8101,190516.0516,2,0,5,0.6213,0,0
19,2,0.9048,0.1027,1,1,16.4672,39,1,0,95.2287,10814.8272,9,14,6,1.8781,0,1
1,1,0.6261020225299558,0.7986523502907469,0,0,3894.510304002576,7,0,1,74.09954503953276,76416.00556195405,12,1,11,1.9474089033196653,0,0
0,5,0.0,0.86,0,0,3396.5363,6,0,1,189.8152,4338.821,3,3,1,0.7982,0,0
1,3,0.40170070274696923,0.5788603494204971,0,0,2783.934096497907,4,0,1,-76.87281588493983,84424.90654380592,11,3,8,1.0144228492763006,0,0
5,1,0.8333,0.5903,0,1,9.9385,27,4,0,76.6746,2085.0012,11,3,7,2.1843,1,1
1,1,0.5,0.6938,0,0,2879.8723,4,0,0,353.8558,298886.2678,14,6,10,1.9958,0,0
7,1,0.875,0.2993,1,6,22.8556,8,0,0,19.4874,1848.0082,2,2,1,1.3717,0,1
0,1,0.0,0.3579,0,0,14.5222,6,0,0,226.2553,875.918,219,88,11,1.2203,1,1
0,4,0.0,0.7883,0,0,751.794,5,2,1,36.9177,8525.6421,15,1,6,0.8403,0,0
0,4,0.0,0.6302,0,0,1080.7944,1,1,1,35.7153,687969.7048,11,4,7,0.5143,0,0
2,3,0.4,0.6294,0,0,3429.8503,11,1,1,99.2618,62787.8714,17,3,18,1.0406,0,0
0,3,0.0,0.5747,0,0,1092.5964,11,0,1,9.3807,28753.5819,11,1,5,0.9639,0,0
2,4,0.3333,0.7898,0,0,372.9639,7,0,0,71.1282,117925.0273,17,7,13,0.7353,0,0
1,3,0.25,0.7923,0,0,1618.9653,8,2,1,207.8628,6014.8322,7,0,6,0.4983,0,0
1,3,0.25,0.5291,0,0,1158.0916,3,1,1,25.2835,1676.7013,14,1,13,1.3811,0,0
0,5,0.0,0.5587,0,0,67.4902,10,1,1,894.3275,4427.2673,8,8,13,0.9694,0,0
0,3,0.0,0.9411,0,0,2421.8154,5,0,1,108.1803,4724.8414,7,2,0,0.6473,0,0
3,0,1.0,0.74,0,0,8.0864,7,1,0,235.2731,2654.0221,230,87,25,0.4587,0,1
1,1,0.5,0.6027,0,0,3099.3333,1,0,0,98.2024,5788.0326,14,7,3,0.893,0,0
3,1,0.75,0.3763,0,2,210.6968,2,2,0,21.3027,932.2052,10,6,5,0.9465,1,1
1,2,0.4070925288839667,0.6508932453655846,0,0,2100.984567059589,4,0,1,255.79477901265815,799192.3783003949,9,8,10,1.22480842371228,0,0
0,4,0.0,0.5593,0,0,1457.0776,12,1,1,197.9755,38289.9169,1,0,8,1.287,0,0
0,4,0.02232579668323883,0.4855948614855288,0,0,948.7694017466894,9,0,1,360.5399515628884,809993.9687995529,9,2,0,1.6385642319472071,0,0
2,1,0.6667,0.8811,0,0,11.4223,1,0,0,102.4864,4603.5669,74,41,6,0.4163,0,1
0,5,0.0,0.8654,0,0,1480.5533,2,1,1,39.2847,1541.6323,13,3,18,1.4424,0,0
1,5,0.1667,0.5527,0,0,862.8056,11,0,1,14.6908,7327.5807,15,3,2,1.8104,0,0
1,4,0.2,0.8158,0,0,2684.6697,8,1,1,490.1149,7960.6556,4,4,5,1.3396,0,0
1,2,0.3333,0.6127,0,0,2947.5245,10,2,0,9.7327,9336.1492,7,7,1,1.0083,0,0
0,5,0.0,0.9073,0,0,441.7317,12,0,1,48.7807,5085.4098,1,1,19,0.8547,1,0
0,3,0.0,0.9823,0,0,3320.0788,6,1,1,27.2502,2654.1802,17,4,8,1.0222,0,0
0,2,0.042905284482626094,0.69634706482501,0,0,844.5696109349833,9,1,1,88.67054429748114,-59701.48220835107,4,3,15,1.4679485092140292,1,0
1,3,0.25,0.6516,0,0,3247.0867,8,1,1,570.5536,350426.6044,5,8,6,0.432,0,0
1,3,0.25,0.7144,0,0,1915.6485,7,1,1,77.1666,98941.401,16,8,4,1.1212,0,0
1,4,0.2,0.5607,0,0,1798.0425,1,0,1,82.7502,11703.9529,14,3,7,0.6625,0,0
0,3,0.0,0.8802,0,0,1252.3884,7,2,1,223.083,11670.7818,3,3,7,0.5157,1,0
0,1,0.0,0.8692,0,0,888.5242,6,2,0,110.267,136.8508,12,0,8,1.2193,1,0
0,4,0.0,0.653,0,0,3329.1199,10,2,0,41.282,10878.4768,11,8,10,1.2359,0,0
7,0,1.0,0.1192,0,2,2.3254,55,3,0,60.276,5075.1375,10,10,7,0.9603,0,1
0,4,0.0,0.7046,0,0,2561.9179,11,1,0,3.7999,16823.1336,13,6,19,1.9437,0,0
0,3,0.0,0.8542,0,0,2083.9372,1,0,1,77.4676,3433.2044,7,0,17,1.228,0,0
1,1,0.5,0.6784,0,0,483.5359,2,0,1,53.3349,333138.152,5,7,12,0.6813,0,0
2,2,0.5,0.4913,0,0,1961.457,10,2,1,8.641,7804.7247,8,7,11,0.593,0,0
0,1,0.0,0.7896,0,0,875.3865,12,0,1,505.7393,800000.0,5,7,10,0.7889,0,0
0,4,0.0,0.6652,0,0,1473.4831,6,2,0,436.8212,113.7735,4,5,11,0.9547,0,0
19,2,0.9048,0.5978,1,0,12.711,32,1,0,62.609,17600.2325,7,12,2,1.2495,0,0
0,3,0.0,0.6116,0,0,1848.3459,6,2,0,43.5337,12197.0544,4,1,0,2.0138,0,0
1,1,0.5,0.7348,0,0,132.4646,8,1,1,229.7665,92970.6073,17,6,0,1.2095,0,0
1,5,0.1667,0.7809,0,0,1083.2446,6,0,1,429.1542,5423.7577,14,0,13,1.4684,1,0
0,1,0.0,0.4554,0,0,2553.887,12,2,0,3.6871,5876.9543,3,1,10,1.1327,0,0
2,2,0.34268412511478896,0.6205268621835744,0,0,571.1108663154873,9,0,0,949.5460546140666,52319.453865519565,16,5,3,0.5748270873013697,0,0
4,1,0.8,0.5288,0,0,495.3673,2,0,0,13.0824,5158.3689,15,3,3,0.9537,1,1
0,5,0.0,0.6772,0,0,3562.901,9,2,1,418.9689,1376.2458,7,2,4,1.4218,0,0
1,5,0.1667,0.9041,0,0,2143.1729,3,2,1,162.5426,105778.7038,9,0,12,2.0977,1,0
4,0,0.9780178108642362,0.6511363809328462,1,0,260.25593584688215,17,7,0,126.18985184000442,113476.34829206455,2,4,5,0.6855532898066626,1,1
1,2,0.3333,0.6436,0,0,2663.5422,2,1,0,335.1129,1380.7322,15,0,17,0.7259,0,0
1,1,0.5,0.7179,0,0,1133.4664,8,1,1,23.5837,73196.9794,3,1,15,0.6849,0,0
1,4,0.26571891049488044,0.587708244960491,0,0,469.8721630293656,12,0,1,49.04788018674027,35298.002836139094,11,7,2,0.1475911601316464,0,0
3,0,1.0,0.4739,0,2,20.6915,5,2,0,40.0618,1512.6747,16,4,0,1.9455,1,1
0,5,0.0,0.7967,0,0,1251.7763,5,1,1,28.8478,10483.3026,13,7,1,0.8733,0,0
1,2,0.4340011499323074,0.796768179679201,0,0,1111.2357979287426,4,2,1,679.6869991778607,-3290.176486996361,6,2,14,1.7635406224322667,0,0
1,1,0.5,0.4194,1,3,29.0009,10,1,0,11.4084,2382.8662,5,2,2,0.4825,0,1
3,1,0.79933573215649,0.11334174912015846,1,8,-260.67709576394526,7,0,0,202.2429357805877,-1831.442532067018,1,4,2,1.5724379753923217,1,1
0,3,0.0,0.8874,0,0,1909.7714,6,1,0,12.8618,800000.0,12,1,4,0.6768,1,0
11,0,1.0,0.4353,0,0,0.5184,28,4,0,15.8745,13397.8423,6,1,10,1.2026,0,1
3,5,0.375,0.921,0,0,3255.1317,8,0,0,192.8178,17328.5229,10,2,12,1.4078,0,0
9,0,1.0,0.5424,0,1,6.468,25,7,0,12.6298,12737.0965,14,5,11,1.2315,1,1
2,1,0.6667,0.7367,0,0,1236.6965,6,1,0,45.5932,19971.3972,12,3,8,1.4595,0,0
0,5,0.0,0.9583,0,0,273.0921,6,0,1,211.4615,626493.4683,1,1,10,0.459,0,0
1,4,0.2,0.767,0,0,1346.9035,7,2,1,31.3574,2666.9685,10,5,3,2.035,1,0
1,4,0.0,0.9480255847710584,0,0,1260.4743671284082,7,0,1,11.791179417934842,-55102.10546760421,7,2,6,1.2902444490023395,0,0
0,3,0.0,0.4882,0,0,1345.4286,9,2,1,985.4522,24648.1519,14,2,9,0.6415,0,1
3,2,0.6,0.7848,0,0,3.9621,8,3,1,290.7221,4094.2814,235,36,12,0.8908,0,1
0,5,0.0,0.7392,0,0,2444.9058,3,1,0,178.9799,1030.2454,5,5,11,0.4942,1,0
1,1,0.49545022680315287,0.897212207982042,0,0,1439.4331873089027,12,0,1,1302.1831704019164,-44401.77941863525,14,3,5,1.749417808235891,0,0
1,4,0.2,0.7956,0,0,502.2879,11,2,1,572.3539,1405.145,16,6,11,1.3844,1,0
7,0,1.0,0.2898,1,3,46.0435,3,1,0,18.7526,5754.7212,5,5,0,1.5152,1,1
1,4,0.2,0.7243,0,0,3317.7874,5,1,0,1200.0,5435.0724,15,2,19,0.8925,0,0
2,0,1.0,0.4171,0,1,197.644,3,0,1,32.7344,5188.4051,3,1,5,0.8588,1,1
11,0,1.0,0.4034,0,1,12.0576,13,2,0,32.801,8986.6754,4,8,8,0.7703,1,1
1,3,0.25,0.9666,0,0,386.7206,10,0,1,83.4171,7113.8318,1,3,7,0.8509,0,0
0,5,0.0,0.9091,0,0,1987.862,4,1,1,158.5193,800000.0,9,1,1,0.6798,0,0
0,3,0.0,0.4509,0,0,101.9732,10,1,1,294.1617,141430.8845,17,0,6,0.6889,0,0
4,0,1.0,0.3303421942329134,1,6,-20.311696712742485,10,0,0,161.15993038336117,-22181.75724483587,5,5,3,0.8920964477230936,0,1
2,2,0.5,0.5825,0,0,2603.5463,10,1,0,100.3619,800000.0,10,4,1,1.3358,0,0
1,4,0.2,0.8732,0,0,820.2174,7,1,1,406.1438,325952.0867,9,1,3,0.244,1,0
0,4,0.0,0.5634,0,0,2411.8084,12,0,1,124.2011,10982.5601,2,7,11,0.9396,0,0
1,2,0.3333,0.6374,0,0,3528.3101,4,0,1,382.9817,80890.2134,17,5,9,1.6379,1,0
0,1,0.0,0.973,0,0,2941.7156,11,0,1,210.445,41518.3666,5,8,12,0.02,1,0
0,3,0.0,0.7377,0,0,1337.309,10,1,1,77.8421,14704.0017,5,3,6,0.5352,0,1
0,4,0.0,0.5501,0,0,2812.2468,8,2,1,64.4859,3036.7004,4,1,17,0.6624,0,0
2,1,0.6667,0.8719,0,0,0.1604,4,1,0,123.8161,934.6344,285,15,24,0.5343,0,1
6,0,1.0,0.0415,1,0,3.5054,58,4,0,89.7129,11415.7035,2,7,14,1.9252,1,1
0,3,0.0,0.8561827911855153,0,0,1364.1393253411736,4,2,1,66.62863137491226,49561.01170608232,2,0,5,1.5960795059919894,1,0
1,2,0.3333,0.6806,0,0,1616.7564,5,2,1,23.5054,112826.4627,12,4,0,0.7733,0,0
1,5,0.1667,0.8621,0,0,2303.6068,2,2,1,81.0423,244975.7545,9,5,6,1.5831,0,0
0,5,0.031459612802381944,0.7791238383587511,0,0,1111.1426258494535,5,0,1,-1.1758598300642458,107534.20420792638,7,0,6,0.8499593939599167,0,0
3,2,0.6,0.4588,0,0,13.6886,9,1,0,120.8936,4635.2401,205,88,27,0.4405,1,1
0,4,0.0,0.7322,0,0,267.5187,11,1,1,18.2781,84662.4012,14,4,1,1.6316,1,0
1,3,0.25,0.75,0,0,1656.5933,7,0,1,147.1359,1128.0904,10,8,12,1.6213,0,0
2,4,0.3333,0.7011,0,0,3346.5685,10,2,1,51.4591,171557.9536,7,0,19,0.3846,0,0
3,0,1.0,0.3404,1,2,249.2174,5,0,1,16.8192,5437.7448,8,8,2,1.1975,1,1
4,4,0.5,0.6718,0,0,3399.8098,3,2,1,78.8987,12410.5738,10,3,3,0.5697,0,0
0,1,0.0,0.8013,0,0,3278.7347,11,0,1,55.2676,93131.8922,13,5,19,1.2758,0,0
1,1,0.5,0.7189,0,0,3583.9159,6,1,1,183.8356,800000.0,6,4,1,0.4435,0,0
0,5,0.0,0.8973,0,0,3238.5985,5,1,1,138.9174,853.4639,3,3,12,1.1638,0,0
9,0,1.0,0.4125,0,3,9.037,19,6,0,85.6625,5038.4134,3,1,13,0.5206,1,1
1,5,0.19649642884833282,0.8183364038253186,0,0,1105.8243204351215,2,1,0,158.56082888348766,-20523.041206621558,2,5,6,1.4163063685577404,0,0
0,2,0.0,0.9394,0,0,2422.4507,4,2,1,703.9062,22849.5127,12,1,4,0.426,0,0
1,4,0.2,0.5743,0,0,1490.5373,4,1,1,61.3283,80557.5512,12,0,11,0.5206,0,0
8,1,0.8889,0.0649,0,0,17.3657,22,0,0,80.3809,19625.5897,9,5,3,2.0897,1,1
12,2,0.8571,0.1965,0,0,3.8572,10,2,0,54.0766,4195.6897,6,4,2,1.2814,0,1
5,0,1.0,0.4138,0,2,3.6944,38,6,0,56.2166,8161.0945,1,11,6,1.1592,1,1
4,1,0.8,0.2091,0,2,0.3888,34,3,0,18.7068,10806.6496,6,5,9,1.7,0,1
1,5,0.27998915012773096,0.7185499911297437,0,0,607.1576520188578,10,0,1,-15.93080833582892,-16750.92135588987,2,5,5,1.572223574939904,0,0
1,2,0.3333,0.9464,0,0,733.6678,2,0,1,3.9482,20824.0052,13,0,0,0.5937,0,0
0,1,0.0,0.8787,0,0,13.4638,6,1,1,200.4174,3653.1003,26,61,10,1.0891,0,1
0,5,0.0,0.569396331912606,0,0,4595.989999576288,3,2,1,-28.263651404144124,4329.301268556462,3,1,14,0.5771214830086631,0,0
6,0,1.0,0.4912,0,0,5.048,15,2,0,38.8638,1272.8942,5,4,5,1.0158,1,1
2,3,0.4,0.8878,0,0,2515.2084,12,0,1,2.8508,46331.7385,12,4,0,0.9969,0,0
0,2,0.0,0.7105,0,0,2667.0128,8,0,0,115.4141,63830.501,2,3,3,0.7015,1,0
1,4,0.2,0.8228,0,0,2519.2476,5,0,1,108.4301,36314.893,12,1,19,1.314,0,0
0,4,0.0,0.7879,0,0,1675.2141,10,1,1,81.2295,3485.0779,10,6,12,1.2064,1,0
2,4,0.3333,0.8484,0,0,901.3094,3,2,0,14.0933,361968.2581,16,0,11,1.0951,0,0
1,3,0.25,0.925,0,0,793.139,9,2,0,66.9781,5647.5953,4,5,18,1.425,0,0
0,5,0.0,0.944315626960989,0,0,1975.3194546419015,2,0,1,-29.511175430860398,200146.43425331445,1,7,13,1.1280628304814093,0,0
0,2,0.0,0.5273,0,0,3178.2312,8,0,0,1002.8202,577.2013,7,3,8,0.052,1,0
1,1,0.5,0.7413,1,2,662.8774,3,1,1,159.0611,4775.7031,6,3,4,1.2057,0,0
7,0,1.0,0.3437686289625125,1,7,-74.85993605550034,11,1,0,4.730994816030615,-33740.60961944952,5,2,1,1.0738466059086984,0,1
1,5,0.1667,0.8745,0,0,2233.9945,3,1,1,230.8344,1116.8899,6,1,18,1.2474,0,0
0,4,0.0,0.6811,0,0,2580.0177,1,1,1,104.9203,197903.5634,2,4,6,1.3706,0,0
2,2,0.5,0.9145,0,0,554.6569,1,2,1,133.1355,9773.6132,14,1,1,1.0981,0,0
16,1,0.9412,0.4716,0,0,2.2204,25,2,0,50.9137,2599.4119,4,10,6,0.5848,0,1
2,1,0.6667,0.2908,0,0,268.5079,5,2,0,12.9822,774.9901,13,4,5,0.8852,1,1
0,2,0.064148890412896,0.8586881483911295,0,0,1483.5280247956034,6,2,1,434.94898194022915,86840.41055583161,7,4,14,0.45643171783592074,0,0
2,0,0.9026963313045837,0.4542450454829232,0,0,-587.4353708595925,7,3,1,181.78391801680684,10329.515065363874,16,56,6,0.8291009857646251,0,1
1,5,0.046003239794539214,0.9003347479330295,0,0,2402.859599734428,5,0,0,-16.303736278327158,7837.112311529423,11,8,9,2.237897913823271,0,0
0,5,0.0,0.4831,0,0,2588.0887,7,0,1,16.9676,4621.5121,11,7,4,1.5362,0,0
6,1,0.8902799603904962,0.15149533962452078,0,3,-24.372121115451527,44,7,0,102.29045315564431,118285.66898425897,3,1,12,0.6937277795094096,1,1
0,1,0.0,0.6584,0,0,2382.2472,9,1,1,42.5064,800000.0,12,1,18,0.7579,0,0
0,4,0.0,0.7096540036468783,0,0,1583.694915866833,11,0,1,56.795141256197425,-21520.17976317346,15,0,17,1.1427992799767603,0,0
0,3,0.0,0.6865,0,0,3122.7706,11,0,1,518.7086,2586.4815,9,4,1,1.1359,0,0
0,3,0.0,0.5361,0,0,3118.0324,11,1,1,290.1311,49397.6628,11,0,18,1.2799,0,0
0,3,0.0,0.4575,0,0,893.5835,9,1,0,6.7818,4505.7477,14,3,13,0.9223,0,0
0,3,0.0,0.8542,0,0,2920.7164,11,0,1,4.3127,800.9678,13,4,8,0.9834,0,0
0,4,0.0,0.4773,0,0,3326.3547,11,0,1,2.5891,42180.233,3,1,10,1.6305,0,0
1,2,0.3333,0.6983,0,0,10.0151,1,3,1,257.2005,3922.4995,99,75,17,0.6421,0,1
1,3,0.25,0.8788,0,0,47.9028,8,1,1,129.1185,85485.2892,1,2,15,1.6486,0,0
0,3,0.0,0.7555,0,0,2038.7891,7,0,1,46.2672,278703.9983,8,8,18,0.1747,1,0
1,5,0.1667,0.4503,0,0,1382.2515,3,1,0,4.1698,22124.4775,3,8,3,0.3768,0,0
8,1,0.8889,0.371,1,1,0.2679,53,5,0,73.7647,3042.5997,11,10,10,1.4094,1,1
0,0,0.0,0.8636004911955153,0,0,378.56887563052913,2,1,1,69.83724788107338,-32155.860792504005,97,59,8,0.4044008476490959,1,1
18,0,1.0,0.1429,0,0,10.7601,27,2,0,122.1133,18514.0508,9,5,6,2.2309,0,1
0,1,0.0,0.4702,0,0,2630.4426,9,0,1,43.0423,101143.7366,3,7,1,0.9098,1,0
0,2,0.0,0.6095,0,0,1921.1638,5,2,1,60.3564,70204.2022,11,0,2,1.3399,0,0
2,4,0.3333,0.5225,0,0,1724.6776,5,2,1,313.4429,34700.5775,4,1,18,0.5805,0,0
0,5,0.0,0.8698,0,0,1271.7636,10,0,1,3.334,8810.4986,17,4,3,1.961,0,0
4,1,0.8,0.376,1,2,565.439,4,1,0,56.887,5805.423,10,1,3,1.2137,1,1
0,2,0.0,0.4548,0,0,2266.6458,6,0,1,148.9122,496055.0763,5,6,7,1.5783,0,0
5,1,0.8333,0.3704,1,6,58.41,8,0,0,14.2517,3869.2992,4,2,2,0.7942,0,1
0,3,0.0,0.6174,0,0,3276.0743,3,0,1,47.1116,190861.2041,12,5,5,0.6268,0,0
2,3,0.4,0.8443,0,0,2716.249,11,1,1,124.6606,68499.2083,12,2,15,0.8554,0,0
1,5,0.1667,0.55,1,2,2292.828,11,1,1,10.5932,137599.2155,17,3,13,0.7266,0,0
0,5,0.0,0.8059,0,0,3473.3996,1,0,1,707.6911,562398.4463,1,1,17,1.2277,1,1
0,2,0.0,0.4606,0,0,1.3201,9,3,0,296.4265,2266.5035,28,92,24,0.2297,0,1
1,2,0.3333,0.7301,0,0,690.0507,1,2,0,16.4934,800000.0,8,7,19,1.4356,0,0
0,3,0.0,0.5115,0,0,1485.4597,5,2,1,909.1244,94671.7185,16,3,11,1.0022,0,0
2,5,0.2857,0.75,0,0,2565.6393,5,0,0,54.5313,12963.828,4,8,15,1.7735,0,0
0,2,0.0,0.9084,0,0,1921.2867,4,2,1,137.368,29020.3057,8,7,11,1.8933,0,0
1,5,0.1667,0.4814,0,0,2606.1283,6,2,1,107.3638,47975.8431,12,5,18,1.0116,1,0
0,1,0.0,0.5889,0,0,1818.9807,6,0,1,75.366,88451.59,14,1,2,1.0052,0,0
2,1,0.6957212821605436,0.35204408760145134,0,1,484.74854571078276,1,0,0,23.18055466597882,69632.79887153742,11,4,2,0.4210268812077108,1,1
0,1,0.0,0.7121,0,0,171.0528,10,0,1,353.359,95922.3506,15,0,14,1.5836,0,1
1,2,0.3333,0.5687,0,0,120.2004,8,1,1,630.7997,800000.0,4,6,17,1.0419,0,0
6,0,1.0,0.2168,1,3,43.2396,10,0,0,13.3675,2414.4055,4,2,2,1.1993,1,1
0,3,0.0,0.5657,0,0,2529.4491,4,0,0,1071.8326,1353.8526,11,0,1,0.4146,0,0
0,2,0.0,0.6225,0,0,131.8803,11,0,0,15.0163,18032.0034,11,8,19,0.1363,0,0
0,1,0.01978193698829426,1.0,0,0,3384.987487517151,12,2,1,183.74470095145975,73366.77197326194,11,6,2,0.10061823274264214,0,0
0,5,0.0,0.7176,0,0,1952.8614,4,1,1,104.1543,74521.8406,13,7,12,0.6763,0,0
16,1,0.9412,0.4825,0,0,15.8636,31,1,0,131.4938,18095.8796,2,6,11,1.1459,0,1
0,5,0.0,0.8026,0,0,1373.2707,4,1,0,16.6095,8074.7287,16,8,15,1.7724,0,0
0,4,0.0,0.9615,0,0,362.8216,9,2,1,160.9211,54043.4414,5,2,17,0.4369,0,0
0,1,0.0,0.641,0,0,3160.9891,2,0,1,11.8844,2413.4995,5,7,6,1.6659,0,0
7,1,0.7864936237371694,0.09508556245951692,1,0,254.30784479678687,27,4,0,205.05707343926446,-38943.42687221373,2,9,4,1.4257250328137852,1,1
1,5,0.1667,0.6961,0,0,1984.1761,8,0,1,188.976,322021.0081,16,6,7,0.7496,0,0
0,4,0.0,0.53,0,0,2520.1193,2,0,1,18.7148,621.4354,9,8,3,1.4568,1,0
18,1,0.9474,0.3329,1,0,15.8921,10,0,0,110.6131,9448.3365,4,3,8,1.898,0,1
3,0,1.0,0.3668,1,1,134.7098,7,0,0,25.9222,8090.7784,15,4,1,1.6363,1,1
0,4,0.0,0.7876,0,0,2553.9996,3,1,1,516.6397,35054.6306,16,8,14,0.8845,0,0
1,4,0.2020670466386241,0.8790309369155667,0,0,3522.670474994363,3,2,1,-8.120905609693668,-32916.539988729906,13,3,19,1.5430837541914293,0,0
21,1,0.9545,0.3919,1,1,17.5052,30,1,0,96.8555,18482.1379,6,8,11,0.9042,0,1
5,0,1.0,0.3456,0,2,151.8486,1,0,0,43.0743,3782.1936,5,1,3,2.0622,1,1
6,1,0.8571,0.1925,1,1,5.6583,25,7,0,93.9911,7419.5358,14,7,14,2.0354,0,1
0,5,0.0,0.7685,0,0,1983.2397,4,0,1,96.0973,11985.7219,14,8,16,0.9031,0,0
10,0,1.0,0.4679,0,0,8.7655,29,3,0,33.3661,2287.6011,4,8,3,1.5472,0,1
2,1,0.6667,0.85,0,0,3.6642,1,1,0,114.5924,2528.837,140,68,21,0.3688,0,1
0,3,0.0,0.63,0,0,2884.0905,4,2,0,190.4076,1453.3493,5,7,14,0.551,0,0
0,1,0.0,0.7955,0,0,2041.981,10,1,1,43.4899,800000.0,3,7,8,1.2292,1,0
2,1,0.6667,0.0183,1,9,33.3552,2,0,0,12.8233,230.6916,7,2,3,0.9241,1,1
1,3,0.173288317722294,0.9128234505160155,0,0,1588.7769668403962,6,2,1,534.0794642697175,8348.951619215155,6,8,10,0.9012029730335659,0,0
3,2,0.6,0.898,0,0,10.7138,8,3,1,158.2533,3696.411,248,89,16,0.0,0,1
0,5,0.0,0.5267,1,1,2379.4767,5,1,1,51.5178,800000.0,2,6,18,1.701,0,0
0,1,0.0,0.8108,0,0,450.0221,10,0,1,644.6873,39823.7492,9,3,8,0.4569,0,0
3,1,0.75,0.5414,0,2,271.9834,3,2,0,48.1373,1182.7815,15,4,4,0.1,1,1
0,5,0.0,0.834,0,0,824.4008,2,0,1,161.5482,29668.9985,8,2,17,1.6076,0,1
0,2,0.0,0.6833,0,0,1860.3997,7,1,1,13.4034,2326.5681,7,5,6,0.6066,0,0
0,1,0.0,0.9375607199987274,0,0,3195.480064159709,4,2,1,856.3464431467237,246765.4437930545,5,5,13,0.5803399657294175,0,0
3,0,1.0,0.3693,0,0,3.7712,33,9,0,37.9904,13782.4718,13,10,6,1.4997,1,1
0,1,0.0,0.9035573493965209,0,0,1588.402341399949,3,2,1,92.01601809257896,-1062.3997361435922,6,3,10,0.5597051564481175,0,0
0,3,0.0,0.7353,0,0,700.0178,7,0,1,47.2067,256305.8657,3,2,5,0.8971,1,0
0,2,0.0,0.507,0,0,3429.6566,10,1,1,7.6067,55568.5693,17,0,2,1.4602,0,0
0,2,0.01795849902096258,0.7881290910849448,0,0,3539.0063575343247,2,2,0,388.1697696470741,-4738.925664933136,15,5,6,1.3817552404889841,0,0
18,0,1.0,0.5362,1,0,14.5983,17,0,0,57.953,14548.3243,2,14,5,1.5475,1,1
1,1,0.42250875425387796,0.7133120466860763,0,0,177.94597664862164,2,0,0,-23.414801439003952,792469.5940141622,4,7,3,2.1633146080320653,1,0
7,1,0.875,0.0786,1,4,13.0971,5,0,0,13.4043,3845.5167,7,1,0,1.7965,0,1
1,4,0.2,0.4943,0,0,2086.2381,4,1,1,266.8567,800000.0,9,0,9,1.1854,0,0
0,5,0.0,0.7663,0,0,1497.7482,11,1,1,58.7813,793921.043,9,0,6,0.7983,0,0
3,5,0.3511081112588804,0.7304237650137728,0,0,1985.5957997974515,4,2,1,485.5893883561215,-28979.586888704947,2,7,16,0.5282258358376033,0,0
0,3,0.0,0.9193,0,0,3536.1969,1,2,1,44.1024,8876.1812,9,4,19,1.4357,0,0
0,4,0.0,0.5214,0,0,538.1405,12,0,0,328.9229,3881.1889,14,5,0,0.7736,0,0
1,2,0.3333,0.9341,0,0,2275.3356,11,1,1,293.8459,1271.5649,14,3,17,0.7263,0,0
1,5,0.1667,0.723,0,0,2288.1771,6,0,1,442.9713,227525.8502,7,3,16,0.6976,0,0
0,2,0.0,0.6619,0,0,2918.9427,1,1,1,72.1231,108399.2707,11,0,8,1.8018,1,0
2,1,0.6667,0.2104,1,1,591.4327,6,0,0,50.5095,6557.9419,13,0,4,0.1,1,1
0,5,0.0,0.9429,0,0,525.711,12,1,1,486.9964,800000.0,1,6,2,1.04,0,0
0,5,0.0,0.7536,0,0,1073.3303,9,1,1,14.0856,15969.1036,11,1,13,0.9161,0,0
1,5,0.1667,0.7388,0,0,189.8753,3,2,0,149.1107,4190.5302,11,7,10,1.3393,0,0
0,4,0.0668369889518478,0.7293221254507968,0,0,792.8624685427602,8,2,0,482.25426951458854,17589.8511838868,7,8,8,2.1338962103371717,0,0
0,1,0.0,0.9731,0,0,3007.487,7,0,1,255.5477,800000.0,7,4,2,1.2201,0,0
2,1,0.6667,0.7784,0,0,170.5834,4,0,1,29.9337,8626.6311,2,5,10,1.0755,0,1
2,1,0.6667,0.4181,0,0,73.4123,9,0,0,17.1955,1150.9212,8,6,4,0.9155,1,1
2,5,0.2857,0.6775,0,0,2746.3697,5,1,0,95.3226,41088.2873,1,3,14,1.1082,1,0
0,2,0.0,0.5816,0,0,3326.9185,3,1,0,634.1786,28872.1738,16,3,4,0.9364,0,0
0,5,0.0,0.5163644641236509,1,1,-93.44616312634847,11,1,0,103.08860588525887,9984.167631559169,17,3,0,0.9739196419402187,0,0
0,5,0.0,0.5145,0,0,716.4698,12,0,1,26.8332,188860.7027,16,4,2,0.4389,0,0
0,3,0.0,0.5195,0,0,605.9426,6,2,1,802.9566,6240.8279,12,7,13,0.4463,0,0
1,4,0.2,0.584,0,0,3478.8637,7,0,1,2.1721,800000.0,2,4,17,1.8368,1,0
0,2,0.0,0.5802,0,0,2357.7313,9,0,0,101.2786,54051.2443,2,1,19,0.2909,0,1
0,4,0.0,0.508,1,2,1810.1807,4,2,1,84.9193,3870.7686,15,8,3,1.292,1,0
1,5,0.1667,0.8059,0,0,3050.6532,4,2,1,61.1517,800000.0,8,6,8,0.7413,0,0
1,0,1.0,0.2025,1,8,11.2651,4,1,0,9.5198,944.0005,7,1,2,0.5984,1,1
2,0,1.0,0.33938141221822465,0,2,110.09430718464353,5,0,0,-36.24875069921893,17943.8604262716,11,9,1,1.2128398061325145,1,1
16,0,1.0,0.13669718539896525,0,0,689.5553804051696,39,2,0,-43.35008210260853,-21905.924492617745,7,3,11,1.4563946088896438,0,1
3,2,0.6,0.9817,0,0,920.0179,12,1,1,19.6795,61950.4545,6,7,13,1.1455,0,0
3,1,0.75,0.9118,0,0,1236.8764,6,1,1,155.5022,71782.7001,7,1,6,0.6547,0,0
7,0,0.9704842724159234,0.24896158886496736,1,7,-64.18094267633194,8,0,0,-61.36908246902039,-14048.980868423678,1,0,0,1.8972723464530252,0,1
1,2,0.3333,0.6658,0,0,153.1751,6,2,0,39.1545,6341.2194,9,6,2,0.4299,0,0
1,2,0.3333,0.7069,0,0,1318.6876,7,1,1,135.9536,551787.9379,3,8,0,0.451,0,1
0,3,0.0,0.522,0,0,1061.0937,1,1,0,211.4509,202404.4595,16,4,13,0.4678,0,0
1,0,1.0,0.7259,0,0,12.8149,7,2,1,64.9372,4974.0164,200,81,19,0.4127,0,1
0,4,0.0,0.6615,0,0,2235.2845,10,2,1,31.1503,4498.6919,17,6,6,1.0638,0,0
0,4,0.0,0.7373,0,0,2121.9534,4,2,1,38.3487,800000.0,1,5,18,1.5244,0,0
2,4,0.3333,0.7237,0,0,1629.5669,4,1,1,417.835,497772.6706,10,2,12,1.2694,0,0
1,5,0.1667,0.8897,0,0,873.2781,4,2,1,157.4642,660715.5088,2,2,1,2.1945,0,0
8,1,0.8889,0.5565,0,2,7.7518,56,9,0,28.3232,6004.6906,8,4,13,1.5567,1,1
0,5,0.0,0.8807894161146518,0,0,3278.488460765062,12,2,1,-36.713624173626286,-60065.897666281264,7,7,17,0.6901722556598556,0,0
0,3,0.0,0.6815,0,0,2519.7636,11,2,1,10.74,309957.8956,12,5,9,1.4602,0,0
2,4,0.3333,0.5946,0,0,2669.5866,4,2,1,351.7967,11911.2773,8,8,6,0.02,0,0
0,5,0.0,0.9193,0,0,3110.9084,12,0,1,155.8262,2870.3544,11,8,9,0.02,0,0
2,0,1.0,0.1251,1,0,30.8036,3,2,0,11.8646,1488.2057,16,9,4,0.9709,1,1
1,2,0.3333,0.7572,0,0,2997.4631,9,0,1,94.7333,800000.0,2,2,2,1.3862,0,0
0,4,0.0,0.4548,0,0,3454.7036,10,2,1,10.9794,3478.6613,8,1,7,1.3421,0,0
0,2,0.0,0.6073,0,0,3011.8298,7,1,1,13.0957,800000.0,1,2,7,0.5332,0,0
0,4,0.0,0.9127,0,0,2581.637,12,0,1,104.0613,122299.0942,8,3,13,0.8695,0,0
1,4,0.1129626159198132,0.8976660397121982,0,0,3233.224350015152,4,1,0,25.488644889088462,-17322.54552415903,12,2,1,1.0721335360201605,0,0
2,2,0.5255328260751513,0.6867008152438839,0,0,2461.884699674862,4,2,1,242.36982111471553,146714.42020962958,5,6,11,0.9443816367272853,0,0
0,1,0.0,0.5513,0,0,750.8888,9,0,1,52.3542,169710.8088,16,5,12,0.7897,0,0
1,3,0.18044833160897658,0.8089374351590249,0,0,1112.8810504679057,1,0,1,-45.12008151940634,-41207.415909213196,16,1,10,1.6900276999388,0,1
0,3,0.0,0.7198,0,0,1774.5729,2,1,1,452.8894,630300.4652,6,1,11,1.1389,0,0
0,4,0.0,0.7162,0,0,1840.0963,3,1,1,9.2594,358.7596,7,1,6,1.1204,0,0
1,1,0.5,0.8154,0,0,2338.8689,12,2,0,122.2962,1693.4468,4,4,7,0.778,1,0
3,1,0.75,0.3294,1,4,44.8424,7,0,0,6.6427,5082.1229,4,4,2,1.0841,0,1
0,1,0.03021826543140756,0.3192165774743843,0,0,411.7524744435582,7,2,1,139.94833157064576,111098.4654625422,16,7,14,0.343275544269258,1,0
0,3,0.0,0.7238,1,1,262.1543,4,2,1,21.1926,210.2934,15,6,2,1.094,0,0
0,3,0.0,0.4848,0,0,2901.0833,5,0,0,14.9849,800000.0,4,2,0,0.7132,0,0
0,5,0.0,0.7153,0,0,2541.5254,2,1,1,231.7926,46379.4022,1,6,15,0.986,0,0
0,3,0.0,0.4909,0,0,3546.2311,1,2,0,455.9402,784966.57,10,1,9,1.2828,0,0
2,3,0.4,0.6141,0,0,3594.0587,9,1,1,157.7316,236.0792,9,3,15,1.747,0,0
0,1,0.0,0.8976795584574442,0,0,3140.9295501172837,6,2,0,97.42996787003099,-2314.4605954783833,3,0,4,1.7054428016453242,0,0
0,1,0.0,0.5133,0,0,441.3394,9,0,1,453.3169,14125.6632,7,6,2,0.3716,0,0
1,3,0.25,0.69,0,0,3303.3347,5,1,1,34.0839,143442.5462,10,1,10,1.2606,0,0
1,4,0.2,0.6475,0,0,2479.452,9,0,1,328.337,25861.8117,12,6,12,0.5873,0,0
1,5,0.1667,0.4703,0,0,1404.631,3,0,1,16.9742,193273.6672,2,4,14,0.6553,0,0
0,3,0.0,0.8003,0,0,1573.6358,3,1,1,29.2158,382167.3662,15,8,11,1.2084,0,0
0,2,0.0,0.889,0,0,3189.0007,7,2,1,132.8735,5018.4635,1,4,5,1.2318,0,0
3,2,0.6503390198002288,0.7691557427447705,0,0,2493.8496206415994,5,2,1,167.34302880358163,56574.541611458335,7,3,8,0.47779247596640606,0,1
0,1,0.0,0.9528,0,0,3034.4344,10,2,0,12.5737,796.3384,7,8,19,0.9048,0,0
0,1,0.0,0.7525,0,0,807.4419,11,1,1,280.007,4708.45,1,7,0,0.7215,0,0
2,1,0.6667,0.2602,1,6,54.3679,7,0,0,10.4577,1434.034,2,0,1,0.9323,0,1
0,2,0.0,0.464,0,0,2271.5587,7,2,0,5.9087,130091.0479,2,7,8,0.8944,1,0
1,1,0.5,0.988,0,0,3426.3857,2,0,1,9.7685,19804.0922,1,3,2,0.8154,1,0
1,2,0.3333,0.4644,0,0,8.7459,6,1,1,299.0369,3962.6821,139,94,18,0.457,1,1
1,2,0.3333,0.7259,0,0,2066.5611,3,2,0,111.6911,27777.9783,8,4,15,1.7302,0,0
0,3,0.16662537927351714,0.8627266960679522,1,1,594.0844280995137,8,1,0,-69.74493627667829,24121.643575417682,13,3,14,1.0911403274445886,0,0
1,5,0.1667,0.8307,0,0,1198.2527,5,2,0,110.4554,124069.9582,2,4,11,1.4834,0,0
0,3,0.0,0.7365,0,0,1943.4194,1,0,1,21.4069,320614.6964,8,8,10,0.02,0,0
0,4,0.0,0.827,0,0,1875.2745,8,0,1,254.8687,405106.024,1,4,9,0.3112,0,0
0,5,0.0,0.8946,0,0,2952.6598,7,2,1,46.7975,3590.6411,8,4,1,0.02,0,1
2,4,0.3333,0.8944,0,0,3472.7283,10,0,0,427.1805,12609.3077,11,7,6,0.8785,0,0
1,3,0.25,0.7138,0,0,879.635,6,1,0,67.5804,2944.002,5,4,3,0.685,0,0
0,4,0.0,0.9858,0,0,2111.6089,9,2,1,220.2244,5817.1664,13,4,19,0.8177,0,0
1,1,0.5,0.485,0,0,2355.917,4,2,1,4.2805,434532.7296,17,5,17,1.3717,1,0
1,2,0.33682893625114824,0.9267326613882158,0,0,30.470220035131725,6,1,1,53.424938354189614,68535.64343347892,14,7,11,1.305805493596861,0,0
1,4,0.2,0.9248,0,0,156.3573,2,0,1,2.233,6410.5011,5,2,2,1.0996,0,0
1,5,0.1667,0.5427,0,0,213.6346,5,1,1,956.5237,1255.1604,1,3,5,0.5575,0,0
0,5,0.0,0.8927,0,0,1515.1451,3,2,1,25.0834,59463.2008,12,2,7,0.2823,0,0
2,4,0.3333,0.8031,1,2,1906.959,12,2,1,37.6957,69390.787,4,2,15,1.3298,1,0
0,3,0.0,0.7581881999029741,0,0,533.9153366089655,7,0,0,296.4172375173903,29326.60975652218,5,3,1,0.8728222837274172,0,0
0,3,0.0,0.5685,0,0,428.8827,7,0,1,439.4692,78244.0747,15,0,5,1.9427,0,0
0,5,0.0,0.9786,0,0,610.5544,12,2,0,646.172,10313.5263,6,7,0,1.1982,1,0
2,1,0.6667,0.4978,0,0,10.2274,8,3,1,295.2642,3072.5176,89,78,5,0.0,1,1
0,1,0.0,0.7933,0,0,421.2619,5,1,1,354.0438,1827.1018,17,0,11,0.9761,0,0
0,5,0.0,0.9893,0,0,2734.9988,10,1,1,86.7842,7708.4017,11,4,16,0.9541,0,0
0,1,0.0,0.8689,0,0,517.4771,7,2,1,366.7462,12874.9628,12,0,10,0.7397,0,0
2,3,0.4,0.7095,0,0,1745.8456,3,2,1,302.5421,6389.373,1,1,15,1.5329,0,0
2,1,0.6667,0.5392,1,1,594.6362,4,2,0,49.6224,1756.8275,15,8,5,1.2003,1,0
0,5,0.0,0.5658,0,0,2930.9669,3,0,1,132.2649,17392.1987,7,0,2,1.6688,0,0
0,4,0.0,0.7412,0,0,2069.075,10,2,1,303.392,5396.0482,2,0,12,0.6345,0,0
1,2,0.3333,0.8412,1,1,3317.606,8,0,1,42.1029,118.8697,16,7,1,0.9441,1,0
2,1,0.6499873649305431,0.6807166760373158,0,0,1773.1610973928823,6,2,0,1237.4654986057062,28373.470211462758,6,0,19,1.1857386587680951,0,0
0,5,0.05779217599645623,0.956278822168081,0,0,1176.5481853454096,3,1,1,112.08681490426022,55160.43448657564,17,2,5,1.5302815070298728,0,0
1,1,0.5,0.5527,0,0,499.0149,3,1,0,20.4222,6817.2818,13,8,1,0.504,1,1
1,0,1.0,0.6866,0,0,5.078,1,2,1,261.9725,3187.1353,252,97,20,0.1752,1,1
2,4,0.3333,0.6716,0,0,1631.2255,2,1,1,257.7629,11159.788,13,5,7,1.4859,0,0
0,2,0.0,0.9204,0,0,340.3369,10,0,1,24.918,37203.4089,15,8,16,0.2148,0,0
1,5,0.1667,0.6022,0,0,1022.0965,3,0,0,32.5881,38858.0943,8,8,6,0.7886,0,0
6,1,0.8571,0.0508,0,1,0.9241,51,9,0,66.9599,5274.5882,9,4,6,1.4398,1,1
0,1,0.0,0.4734,0,0,4.5705,7,2,1,108.5451,3900.7373,242,84,22,0.3417,1,1
1,2,0.3333,0.8249,0,0,2032.2343,6,1,1,8.9411,421060.0554,13,4,13,0.7051,0,0
0,2,0.0,0.9784,0,0,2733.426,8,2,1,7.973,28767.8529,9,4,16,0.8506,0,0
0,2,0.0,0.4861,0,0,1307.0847,10,2,1,1200.0,268762.6369,15,6,2,0.3463,0,0
6,0,1.0,0.1635,1,9,42.1425,8,0,0,9.5675,2867.144,2,5,3,1.6319,0,0
4,1,0.8,0.1703,1,6,24.9573,3,0,0,20.3272,5115.9657,5,0,2,0.8398,0,1
0,4,0.0,0.7209,0,0,2380.4014,11,0,1,1200.0,8214.4021,9,8,0,1.3821,1,0
4,1,0.8,0.0686,1,9,6.0693,8,0,0,27.3589,245.9614,3,3,3,1.3915,1,1
1,4,0.2,0.5543,0,0,532.1982,2,1,1,615.2766,33380.3548,11,2,2,0.5364,0,0
1,1,0.5,0.6944,0,0,3288.0424,1,1,0,72.6766,55890.3135,13,5,1,0.7745,0,0
1,5,0.1667,0.5838,0,0,130.6509,12,2,0,65.7081,672180.6025,10,2,12,1.362,0,0
0,1,0.0,0.8524,0,0,2859.8141,7,0,1,1200.0,29002.7108,2,1,3,1.6716,0,0
0,3,0.0,0.7019,0,0,657.4709,4,0,1,12.6327,251051.7139,12,3,9,0.3291,0,0
0,4,0.0,0.8205,0,0,1325.1216,10,1,1,119.3818,772.0777,1,4,1,0.2381,0,0
0,4,0.0,0.7897897745624581,0,0,384.20686230093594,5,1,1,96.50748633201776,36887.58713004869,4,7,14,1.4580957599079885,0,0
0,2,0.0,0.6353,0,0,1316.7975,5,0,1,12.1843,8961.7258,5,3,5,0.9416,0,0
11,0,1.0,0.0975,0,0,12.7316,20,1,0,55.8178,11464.4007,4,7,2,1.4678,0,1
0,4,0.0,0.5484,0,0,2504.5939,12,1,1,49.7772,29234.9177,17,4,13,1.3771,0,0
0,5,0.09894142847489135,0.9214569039437241,1,2,3427.5856921703603,1,1,1,605.0320324188733,67248.6272599976,11,2,16,1.3361534454666857,0,0
0,3,0.0,0.9377,0,0,2105.0966,8,0,0,81.6647,14215.7408,8,0,11,1.437,0,0
1,2,0.3333,0.5895,0,0,1279.0409,12,2,1,139.9787,443559.0277,2,7,1,1.4056,0,0
3,0,1.0,0.4324,1,8,30.0384,9,1,0,10.6023,671.6649,2,0,3,0.4216,1,1
1,2,0.3333,0.8025,0,0,1906.5003,9,1,1,1200.0,89424.5095,3,3,10,1.9327,0,0
1,5,0.1667,0.6496,0,0,308.7339,12,2,1,5.5019,1110.6573,14,1,10,1.0483,1,0
0,1,0.0,0.6265,0,0,2638.364,1,1,1,42.1478,9431.4835,9,8,2,0.9023,0,0
0,1,0.0,0.4782,0,0,3120.2462,1,0,1,23.7447,57486.587,11,4,12,0.9461,0,0
0,2,0.0,0.7983,0,0,3558.9238,12,1,1,152.3774,111084.9547,14,8,10,1.6842,0,0
21,2,0.913,0.0835,0,0,15.2979,36,1,0,81.0119,3099.978,7,14,10,0.7314,1,1
6,2,0.75,0.2393,0,0,6.5807,21,0,0,94.0208,6728.0478,3,2,3,1.8775,1,1
0,5,0.0,0.8956,0,0,2079.0287,5,2,1,1127.3775,114976.8335,5,6,4,1.3314,0,0
0,2,0.0,0.58483971507104,0,0,2175.411175590733,9,2,1,197.92007150650707,-85955.47012508094,4,7,4,0.4803806817168205,0,0
0,5,0.0,0.714,0,0,2180.4944,2,2,0,64.9831,130885.7939,16,7,11,0.7903,0,0
3,0,1.0,0.319,0,0,7.1434,8,0,1,93.1077,3443.454,172,96,6,0.618,1,1
0,5,0.0,0.6487,0,0,948.8947,8,2,0,678.3192,374890.9291,1,5,1,1.5686,0,0
2,2,0.5,0.7779,0,0,985.4209,1,2,0,1200.0,53575.9881,6,4,2,0.9486,0,0
0,2,0.0,0.4958,0,0,172.3784,12,0,1,13.8446,10168.4993,14,7,14,1.2387,0,0
9,2,0.9580513501888095,0.5279463903497008,1,1,-27.610895512533713,20,1,0,78.51971799758148,-831.7819395367478,3,14,6,0.9465206235677774,0,1
0,3,0.0,0.8676,0,0,2203.5044,10,0,0,119.9147,125423.1017,13,6,3,1.6281,0,0
0,3,0.0,0.7486,0,0,2301.2019,7,1,1,17.7686,9124.6786,13,6,3,0.6759,0,0
2,0,1.0,0.3405,0,0,517.7129,8,0,1,58.0629,7546.2367,5,1,4,1.124,1,1
1,3,0.25,0.5377,0,0,2710.2786,12,0,1,6.3808,203081.1952,11,6,1,1.087,0,0
0,1,0.0,0.9679,0,0,464.8652,6,1,1,48.0879,110443.346,6,3,15,1.4196,0,0
0,1,0.0,0.9169,0,0,379.6579,6,2,1,441.5127,3131.0093,14,8,11,0.3399,0,0
4,1,0.8,0.1962,1,8,41.0774,7,0,0,28.8392,2360.1117,1,4,1,1.5157,0,1
0,2,0.0,0.6836,0,0,1185.6224,9,0,0,370.9334,146782.329,9,2,3,1.4947,0,0
0,4,0.0,0.7577,0,0,2615.3125,9,0,1,870.312,697370.6862,1,3,9,1.8452,0,0
1,3,0.2112175698581963,0.4263855363365805,0,0,2344.848151669791,3,2,1,62.7377946685026,63185.55524116901,2,3,8,0.7328287818260852,0,0
2,2,0.513213561074452,0.4930316915679766,0,0,872.7905268921528,10,0,1,379.5180902921926,113840.10224903884,10,1,8,1.3037684700444603,0,0
3,1,0.75,0.4985,1,1,5.9603,58,2,0,29.3353,13380.0187,11,10,9,1.1562,1,1
0,5,0.0,0.7856,0,0,2089.5564,6,0,1,285.1664,28279.6713,4,0,5,1.4896,1,0
1,2,0.3333,0.592,0,0,447.9891,7,2,1,891.0158,185465.3939,16,0,8,0.087,0,0
0,5,0.0,0.8742,0,0,2443.7762,9,1,1,412.8675,25328.2711,14,5,3,0.8456,0,0
1,4,0.2,0.7504,0,0,3570.2044,6,0,1,208.4768,15976.8311,13,7,19,0.476,1,0
0,3,0.0,0.725,0,0,2696.3057,5,2,1,22.5273,16543.424,3,6,0,0.6207,0,0
0,2,0.0,0.4709,0,0,237.5474,7,1,1,51.1031,57425.2547,11,5,15,1.2332,1,0
1,3,0.25,0.6013,0,0,3313.7285,4,1,1,148.5674,178247.4264,17,2,1,0.02,0,0
0,2,0.0,0.4695,0,0,3353.0553,11,1,1,9.8193,800000.0,6,2,18,0.4354,0,0
2,2,0.4374108804979094,0.6338278076943564,0,0,1973.820068298857,7,2,1,-108.04566048052963,-1263.476664312787,12,4,3,1.664743113580516,0,0
0,1,0.0,0.8348,0,0,202.5325,11,1,1,228.9542,14570.6679,6,7,13,0.8858,0,0
1,4,0.2,0.9781,0,0,1059.5396,7,0,1,60.6903,73655.8441,7,1,5,1.4348,0,0
0,5,0.08354907892778564,0.6829154872459534,0,0,1379.8007837398825,11,1,1,64.40328961714654,73113.29344717287,2,7,18,0.4244925705333349,1,0
1,2,0.3333,0.59,0,0,5.6102,8,3,1,93.0642,4402.8101,238,91,12,0.577,0,1
0,1,0.0,0.5493,0,0,5.3252,7,1,1,48.8498,3501.2147,251,60,28,0.9132,0,1
2,1,0.7193463533600253,0.36288858595237006,0,2,808.0422902584214,9,1,0,88.93180034986405,-12628.627512546767,3,0,4,0.11301459961148765,1,1
1,3,0.25,0.573,0,0,391.4079,3,1,1,51.8534,36429.4892,7,3,13,0.6966,0,0
4,2,0.6667,0.328,0,0,12.6924,33,0,0,90.7648,19175.8719,7,6,6,1.5142,0,1
0,3,0.0,0.9361,0,0,2505.3486,4,0,1,8.8522,3567.404,6,1,11,0.7596,0,0
2,1,0.6667,0.5514,0,0,13.2462,1,3,0,151.6928,4324.5288,211,62,15,0.7523,1,1
0,1,0.0,0.9755237077026869,0,0,2004.2275802043891,9,0,1,86.89693891975989,145370.4111691714,7,6,0,1.312942956929151,0,0
1,2,0.3333,0.8485,0,0,2680.3543,4,2,1,1200.0,7086.3174,1,4,7,0.3909,0,0
7,0,1.0,0.2095,1,0,3.3531,40,7,0,60.8574,4288.2027,10,7,10,1.5795,0,0
9,0,1.0,0.0012,0,0,7.0582,43,8,0,51.356,4691.9608,1,4,13,0.9677,0,1
3,0,0.9765832498017082,0.0077300871781642855,1,6,276.52217846407524,9,0,0,14.195735503911619,94916.5182960992,7,4,3,1.8309947110865563,1,1
0,1,0.0,0.9659,0,0,1295.0365,1,2,1,742.5645,12673.0429,9,8,16,1.0603,0,0
4,1,0.8,0.5505,0,1,241.2723,1,1,0,34.7356,2441.9214,8,4,5,0.5566,1,1
3,1,0.75,0.1601,0,2,188.5731,5,0,1,54.4289,4767.9069,12,2,0,0.9322,1,1
0,1,0.0,0.5826,0,0,1722.1132,11,1,1,67.0068,139358.2332,17,3,17,0.1149,0,0
1,1,0.5,0.6108,0,0,344.4347,9,0,0,1200.0,93511.4589,10,0,14,0.2496,1,0
0,2,0.25836595793785255,0.747638605222625,0,0,4109.325541169171,3,2,1,-71.03018525503299,-16678.004606078375,8,0,16,1.2082979653713908,0,0
0,5,0.010182606340387583,0.9915476465778624,1,2,1746.898953316684,7,0,1,117.75954152246028,568851.9038897783,3,8,7,1.9607447933948283,0,0
0,1,0.0,0.5200888136746592,0,0,1312.075957947857,3,2,1,481.46192604959515,17634.362829914753,16,7,11,0.631923236659342,0,0
1,1,0.5,0.4279,0,0,0.1565,5,3,1,98.2213,911.2073,91,89,9,0.4684,0,1
1,5,0.1667,0.5351,0,0,158.3552,3,0,0,148.7599,36995.6038,15,0,5,0.4037,0,0
1,1,0.5,0.2247,0,2,382.3018,9,1,0,22.9787,6632.5436,10,1,2,0.5622,1,1
1,1,0.5,0.2533,0,1,8.676,7,2,1,19.4113,1414.2036,9,0,1,1.26,1,1
1,4,0.2085859537893469,0.8403224020143056,0,0,3446.6222749391222,4,0,1,-8.86927384109605,42487.097718495126,16,4,11,1.9070765506741494,0,0
0,3,0.0,0.7204,0,0,1849.8988,4,0,1,223.1024,336415.3229,13,8,17,1.737,0,0
2,1,0.6667,0.5519,0,0,2428.9434,2,0,0,105.296,10361.8035,13,8,12,1.0118,0,0
0,4,0.0,0.7194,0,0,383.0138,7,0,1,6.2413,14755.4782,8,4,0,0.8941,0,0
0,3,0.0,0.9302,0,0,1893.1126,8,0,1,79.585,68996.6999,11,3,18,0.02,1,0
3,1,0.75,0.4256,0,0,10.1284,3,3,0,224.8664,2240.56,211,79,29,0.0,0,1
1,4,0.2,0.6684,0,0,1080.4347,12,1,1,466.1995,40373.8828,13,3,17,1.1128,0,1
0,5,0.0,0.6153,0,0,3266.9663,9,1,1,1.8274,6398.7997,17,7,2,0.8381,0,0
1,4,0.2,0.8228,0,0,611.2789,10,1,1,31.4991,719.5839,10,0,16,0.8524,0,0
0,4,0.0,0.5647,0,0,1955.0468,12,2,0,128.2621,146667.5877,13,8,14,0.9988,1,0
0,3,0.0,0.5461,0,0,1467.7147,10,2,0,11.3218,23835.6017,15,8,8,1.7619,0,0
2,5,0.2857,0.9673,0,0,2662.6886,11,1,0,158.8585,250620.2015,17,6,12,0.02,0,0
2,2,0.5,0.6682,0,0,2569.9347,10,2,0,1200.0,222442.7942,9,2,18,1.0687,0,0
1,3,0.25,0.4626,0,0,1230.2067,5,2,1,263.9983,149744.7083,16,7,18,0.5993,0,0
1,3,0.25,0.4872,0,0,2403.2115,9,0,1,84.0984,130750.5059,13,1,0,0.8401,0,0
3,3,0.5,0.7724,0,0,304.4345,12,1,1,44.5366,75061.3054,1,8,8,1.1457,0,1
0,5,0.0,0.9234,0,0,1551.6131,11,1,1,142.6498,1525.0404,11,0,13,0.9122,1,0
0,3,0.026126198208114147,0.7103039692964022,0,0,2179.4548067377036,1,0,1,38.332422864581034,15853.5184815562,14,2,12,0.8431842925342491,0,0
1,5,0.21803868148494515,0.5658976975127906,0,0,1582.060514779855,2,1,1,1232.7600305465146,807826.524759192,2,5,1,1.183026179837778,0,0
1,5,0.1667,0.7673,0,0,2438.4151,10,2,0,463.8466,2256.4753,14,6,15,1.75,1,0
0,5,0.0,0.7685,0,0,2246.809,7,1,0,613.4769,34197.1611,8,1,4,1.4678,1,0
1,0,1.0,0.8193,0,0,2.1684,6,3,0,226.6456,2052.9258,53,28,28,0.1471,1,1
0,2,0.11088444250626109,0.44935560298032784,0,0,1026.9042655706728,8,0,1,816.6007872518461,75894.53230444057,8,6,12,0.7648746731833926,0,0
1,1,0.5,0.6357,0,0,2419.6354,11,1,1,692.1552,103848.1275,16,8,18,0.8784,0,0
3,2,0.6633073605792474,0.8507493907089452,0,0,2174.9619406315987,11,1,0,7.342792098174298,-24013.81908948655,16,8,6,0.5273319493951303,0,0
0,5,0.0,0.7503,0,0,2394.5167,4,0,1,40.883,525323.4598,8,6,8,1.1825,0,0
0,4,0.0,0.7554,0,0,1736.0063,7,1,1,200.3415,991.738,12,1,13,1.6939,0,0
0,1,0.0,0.8203,0,0,4.0446,7,2,1,133.8129,3993.226,104,38,29,1.0008,0,1
0,1,0.0,0.9081,0,0,2907.8762,3,1,1,132.1508,2129.7997,16,5,15,0.4985,0,0
7,0,1.0,0.4603099986627478,1,6,80.08218327919906,8,1,0,-92.16537653598769,-21302.409480339593,6,1,3,0.8210475048601538,0,1
3,0,1.0,0.0579,0,0,5.1398,21,6,0,56.0997,13124.035,10,3,12,1.6936,1,1
5,1,0.9112314258723888,0.386692933066785,1,3,95.32702762797717,11,0,0,200.76647147858745,-25930.30911879607,1,3,3,0.9968026293903016,0,1
0,3,0.0,0.8903,0,0,3590.3913,2,1,1,1200.0,44056.4371,8,7,2,1.1467,0,0
3,0,1.0,0.4409,1,2,238.1931,8,0,0,52.5498,6150.4003,7,2,4,1.6255,1,1
2,0,1.0,0.5563,1,0,581.0053,5,2,0,19.6989,2521.9841,12,8,2,1.2894,1,1
4,1,0.8,0.2943,1,6,46.2721,9,0,0,8.1178,4363.1224,7,3,1,1.0102,0,1
1,4,0.2,0.7005,0,0,2503.0036,2,1,1,343.7753,850.3972,1,8,16,1.4527,0,0
2,1,0.6667,0.8242,0,0,359.8036,11,2,1,70.6859,800000.0,15,5,13,0.8422,0,0
1,4,0.2,0.7037,0,0,731.4357,6,2,1,239.2015,6712.3809,17,5,5,1.3005,0,0
7,1,0.875,0.1551,0,1,5.9867,57,2,0,47.7796,5569.846,12,8,14,1.6481,0,1
0,5,0.0,0.813,0,0,120.8332,1,2,1,731.5843,800000.0,6,2,13,0.2987,0,0
3,2,0.7082315040648528,0.8193055846291758,0,0,-165.13279558944603,3,2,0,98.78150630735598,-17816.375022027387,39,79,11,0.35131521923273523,1,1
0,2,0.0,0.593,0,0,3518.7281,7,0,1,11.3796,29849.9776,2,8,14,0.5196,0,0
1,0,1.0,0.3162,0,0,145.9024,6,2,1,8.3589,8177.8939,10,8,1,0.5633,1,1
1,5,0.1667,0.5188,0,0,2351.4081,1,1,1,78.5179,800000.0,11,1,15,0.7088,0,0
1,1,0.5,0.2429,1,4,53.7911,3,0,0,9.5984,1215.5242,5,1,2,2.6742,1,1
3,2,0.6315077169070239,0.43602022715653777,1,0,-325.6688356940927,35,0,0,25.49002483089032,110001.17933080939,6,7,9,1.4960218482172614,0,1
0,3,0.0,0.9025,0,0,767.9004,4,1,1,43.7222,86919.5554,6,3,6,0.02,0,0
0,5,0.0,0.7459,0,0,1265.4438,2,0,1,11.1046,13615.0479,17,0,17,0.622,1,0
0,2,0.0,0.7843,0,0,529.0713,1,1,1,188.6714,78286.2252,12,0,17,0.96,0,0
0,1,0.0,0.4754,0,0,2617.4012,11,1,1,421.727,800000.0,7,0,14,0.2241,0,0
0,1,0.0,0.9062,0,0,1022.1683,9,2,1,41.7762,2714.5289,10,1,17,1.2803,0,1
8,0,0.8767312755204296,0.18740721842928054,0,3,83.24125545065594,32,6,0,153.5072235504387,-55817.880977187524,2,3,6,1.3783669845671287,0,0
2,5,0.2857,0.5256,0,0,855.0502,8,1,0,129.2309,2925.4519,6,2,17,0.679,0,0
0,4,0.0,0.7988,0,0,538.7408,6,1,1,1200.0,800000.0,16,4,19,1.8447,0,0
0,1,0.0,0.6252404579418948,0,0,1098.3599674665934,2,1,0,-10.136009436811158,88463.23005993175,2,6,15,1.8593420550151112,1,0
1,3,0.2805170222236143,0.5422943247021609,0,0,1631.9759941447148,5,1,0,32.528943582735515,36542.03584321616,13,8,3,1.0908879592172513,0,0
0,3,0.0,0.451,0,0,1019.1292,3,2,1,2.0138,371265.3697,6,1,16,0.3188,0,0
1,2,0.3333,0.7973,0,0,1196.4035,7,0,1,147.069,14828.485,5,2,19,1.2491,0,0
0,3,0.0,0.7931,0,0,873.231,8,1,1,1.2728,167529.611,15,5,2,0.6369,0,0
1,5,0.1667,0.8908,0,0,2306.9469,2,2,1,126.2485,1319.8479,10,8,16,1.0266,0,0
0,2,0.0,0.5973,0,0,3165.9384,11,0,1,359.8192,176.6338,7,5,3,0.8782,0,0
0,1,0.0,0.5292,0,0,677.4402,5,0,1,51.3996,70373.5355,12,3,16,0.931,0,0
1,2,0.3333,0.9491,0,0,3365.4976,3,2,1,18.7666,11257.1852,10,8,17,1.9643,0,0
3,4,0.4286,0.6175,0,0,1164.9383,10,2,1,1200.0,609303.9347,3,5,16,1.7833,0,0
0,4,0.0377910438834191,0.8067326408666474,0,0,1439.8895844132555,6,1,0,156.68187817657136,755904.5809666197,14,7,10,0.3424876103604666,0,0
3,4,0.4286,0.6693,0,0,3027.8835,12,0,1,118.2302,17770.5987,12,6,4,0.9203,0,0
0,3,0.0,0.4674,0,0,2207.7146,1,1,1,236.1188,147.1904,15,1,14,1.4419,0,0
1,0,1.0,0.5995,0,0,472.3758,3,1,0,42.0314,8616.1944,18,8,0,1.635,1,1
1,4,0.2,0.7508,0,0,2414.2381,5,0,1,89.9712,800000.0,5,7,8,1.3808,0,0
2,0,1.0,0.8591,0,0,5.7874,8,2,1,174.4291,989.6634,234,51,26,0.5474,1,1
17,0,1.0,0.233,0,1,6.8114,38,1,0,91.3057,18785.3914,4,7,10,2.5413,1,1
9,0,1.0,0.20836246087582827,0,0,37.02834050579927,44,3,0,162.2114561995926,401.86124557043513,7,10,7,2.4241978363464654,1,1
4,0,1.0,0.4988,0,1,519.7248,5,0,0,12.6679,1268.7534,15,4,4,0.607,1,1
1,1,0.43120425742248514,0.7880721983958996,0,0,1906.3379425695919,1,1,1,355.21451707174526,-70149.62000047913,6,6,16,0.7851531142068804,0,0
0,1,0.02042576581119654,0.8028392530892587,0,0,3108.4736068313487,3,1,1,49.19695273782062,5075.751674483828,16,2,12,1.5296679435971763,0,0
0,5,0.0,0.8376,1,2,962.9987,2,2,0,597.581,231283.0818,17,1,3,0.1502,0,0
21,1,0.9795517565110269,0.22741781659676627,0,1,496.7057782246202,21,1,0,109.31007545902655,37341.69172256709,9,9,7,2.3577361787612503,0,1
0,1,0.09415084011207925,0.48655371822514104,0,0,759.8981157566246,2,2,1,60.243474040653794,132909.38165453315,15,6,12,0.9716867093181638,0,0
3,2,0.6,0.5291,0,0,7.686,6,0,1,164.5457,4400.7112,176,88,15,0.1746,0,1
0,5,0.0,0.8412,0,0,2039.9917,3,0,0,1200.0,15782.5817,9,5,15,1.2286,0,0
0,1,0.0,0.35,0,0,14.5737,2,3,0,256.7668,2490.4315,243,41,23,0.4755,0,1
0,5,0.1025825529756153,0.8798236889516439,0,0,2810.2932645659052,10,1,0,-51.242685495159435,633936.2867938873,3,8,15,0.8774508020666592,0,0
0,4,0.0,0.4801,0,0,1138.009,5,0,1,261.5972,39187.4331,16,6,17,1.1135,1,0
0,2,0.04807350941932737,0.7445603195078183,0,0,2053.780812079193,5,2,1,136.86753997645567,-86146.16569985285,7,6,19,1.4329802010795014,0,0
0,5,0.0,0.79,0,0,1579.9519,12,0,1,30.3646,5396.0961,11,6,5,0.5205,0,0
3,1,0.75,0.5974,0,2,272.6991,8,0,0,7.0097,8229.9177,9,9,0,0.4726,1,1
1,4,0.2,0.8498,0,0,1406.7431,6,0,0,178.4195,251080.3881,15,7,12,1.4248,0,0
3,1,0.75,0.1056,1,8,53.825,9,0,0,2.3926,1920.6243,2,1,1,0.4453,0,1
6,1,0.8571,0.0882,1,8,56.605,6,0,0,9.3547,1260.6217,2,0,1,1.131,0,1
10,1,0.9244856568416581,0.1588334361729678,1,3,253.35706931136767,23,8,0,-74.15848746832728,29801.22712394844,9,10,3,1.2299788376243241,1,1
1,3,0.25,0.5849,0,0,2748.7189,10,1,0,1200.0,36953.2992,2,2,5,1.3689,0,0
9,0,1.0,0.0,0,2,-144.88467032122412,50,6,0,-105.48221798154744,-9502.560156165013,5,10,13,0.8493245167536718,1,1
0,3,0.0,0.7937,0,0,1901.0533,3,2,1,515.0064,30935.6536,8,5,8,0.3708,0,0
3,2,0.5681308810051849,0.8558812951769267,0,0,1434.4185109100351,11,1,1,125.12092277759334,100880.8935182508,5,0,15,0.7619682738020248,0,0
0,4,0.0,0.7269,0,0,719.6607,3,1,1,185.912,210.051,2,5,1,1.6865,0,0
1,4,0.2,0.5422,0,0,2925.0504,9,0,1,484.2955,24292.7966,13,4,0,1.0903,0,0
0,4,0.0,0.7203,0,0,1640.1738,12,2,1,25.1662,22058.4883,10,7,17,0.741,0,0
1,5,0.1667,0.4795,0,0,1424.3922,10,0,1,2.3899,67335.0966,11,2,10,0.7908,0,0
5,0,0.9404434660355085,0.11957580432928043,1,0,57.07061552941552,21,7,0,143.8602571222375,26714.69807008395,3,8,3,0.89503140330116,1,1
2,5,0.4991088333083483,0.45565357446360705,0,0,1315.688805167748,9,2,0,53.86147153051906,47302.309130236106,11,2,14,0.9753082537259004,0,0
8,1,0.8726834845884377,0.47448375381722424,0,0,223.14884947112077,53,2,0,-45.625239840348335,35377.951670194816,4,5,7,1.9150676087437835,0,1
1,0,1.0,0.8315,0,0,2.6172,5,2,1,92.2781,2307.5547,239,33,7,0.3633,1,1
1,3,0.25,0.6825,0,0,2050.9017,4,0,0,94.1839,64324.2879,10,3,14,1.3944,0,0
0,1,0.0,0.8281,0,0,3168.3096,12,0,1,110.3997,12836.7902,14,1,15,1.4464,0,0
9,1,0.9,0.4547,1,0,0.6666,12,2,0,98.2923,7487.5686,1,5,9,2.0699,1,1
1,5,0.1667,0.6888,0,0,2423.8116,11,0,1,1200.0,33571.7237,2,5,19,0.4436,1,0
1,1,0.3979908238375384,0.7598998515640203,0,0,370.6057104340363,6,1,1,186.0833630178216,-17432.7262497986,14,1,9,1.216126033481767,0,0
1,1,0.5,0.6921,0,0,2913.95,12,2,1,44.227,87699.8026,8,1,5,0.8357,0,0
21,1,0.9545,0.3533,0,1,13.6147,24,2,0,41.8641,14657.0753,2,14,3,1.0301,0,1
1,0,0.9577580148341089,0.36756626904365186,1,1,423.8331368589471,8,1,0,59.89754255360429,19086.979255322123,14,3,4,1.1400336463381198,1,1
1,1,0.5,0.9617,0,0,978.9337,2,2,1,197.4183,1228.133,5,4,19,1.0729,0,0
0,1,0.0,0.9106,0,0,2840.3039,4,0,0,11.8986,32797.9806,9,4,15,0.937,0,0
1,2,0.3333,0.7175,0,0,238.6782,9,2,1,146.2855,559536.4423,12,0,17,0.02,0,0
0,1,0.0,0.6997,0,0,672.084,10,0,0,7.6051,42322.5591,10,7,9,0.9897,0,0
0,4,0.0,0.7598,0,0,445.6976,10,2,1,187.2627,496793.7661,7,1,17,2.0082,0,0
0,4,0.0,0.7857,0,0,2291.0049,6,0,1,1158.1586,70257.74,9,7,19,1.676,0,0
0,3,0.0,0.7178,0,0,1335.8552,3,0,1,1.0,165419.0372,16,2,0,1.0574,0,0
0,3,0.0,0.6137,0,0,415.3233,10,0,1,261.0398,24673.661,2,5,4,1.9137,0,0
3,0,1.0,0.1525,0,2,236.1041,4,1,0,28.8204,807.8039,11,9,5,0.6356,1,1
3,0,1.0,0.3713,1,0,595.6579,6,1,1,30.6869,6333.2653,3,0,3,0.4628,1,1
0,2,0.16201317130339835,0.6557738204866451,0,0,2358.0398063145612,9,1,1,-110.80578280434874,248103.24267319377,8,2,12,1.7437143683777807,0,0
5,1,0.8333,0.3494,0,0,415.1281,9,2,0,47.2114,735.8058,17,9,4,0.9264,1,1
1,1,0.5,0.9409,0,0,2987.0266,6,1,1,253.944,8600.8108,9,0,18,1.3299,0,0
1,2,0.34369335918694777,0.4425104292180919,0,0,980.3249793921923,6,1,0,91.84432651789456,849254.7486333335,4,6,7,1.391914563129824,0,0
0,5,0.0,0.8438,0,0,522.2817,11,2,1,106.9154,9137.8411,16,6,2,0.4865,0,0
1,5,0.1667,0.5871,0,0,1159.0677,5,0,1,17.9576,1485.6344,6,7,9,0.9862,1,0
0,3,0.0,0.5098,0,0,1056.9425,10,0,1,11.8366,919.551,3,6,19,1.8854,0,0
1,3,0.25,0.5951,1,1,2853.8393,9,2,1,168.7636,284533.8077,15,8,4,1.3864,0,0
3,1,0.75,0.5851,0,1,55.9225,8,1,1,50.5129,4518.2863,11,2,3,1.9279,1,1
0,3,0.10904210759091092,0.8460984043614315,0,0,964.8253699366054,5,0,1,37.50023330673772,-9931.840125441115,2,6,11,0.8642575661185838,0,0
1,1,0.5,0.6944,0,0,1662.5344,10,0,1,5.5537,122380.7436,1,4,11,0.7294,0,0
1,0,1.0,0.5991,1,0,359.6575,6,2,0,21.7297,3866.7517,13,3,3,0.6717,1,1
9,0,1.0,0.3365,1,0,9.4358,19,3,0,84.7653,1491.1879,11,10,6,1.3175,1,1
2,5,0.2857,0.9066,0,0,581.4692,8,2,0,25.0551,800000.0,16,5,18,1.0693,0,0
16,1,0.9412,0.1199,0,0,2.6512,24,2,0,26.2316,11063.8853,8,5,7,0.8824,0,1
2,0,1.0,0.2135,0,0,435.6279,5,1,1,16.2974,7919.8915,1,6,3,0.9255,1,0
0,4,0.0,0.7995000662763764,0,0,1615.3441391402062,9,1,1,-79.56667770207015,-54348.30524972659,12,1,14,1.6906839671423117,1,0
0,2,0.0,0.6598,0,0,1836.463,3,0,1,809.944,1728.2497,12,8,0,1.22,1,0
2,1,0.6667,0.332,1,9,10.698,6,0,0,14.66,5679.4001,2,4,2,0.5644,0,1
0,3,0.05486534995187798,0.5151784924243006,0,0,1765.3610796400644,7,2,1,594.9646370569961,835355.3510469692,7,1,12,0.16398171553483187,0,0
7,1,0.875,0.287,1,3,8.8263,7,1,0,6.1885,2079.4625,7,2,1,0.4937,1,1
0,4,0.0,0.7437,0,0,1724.6026,4,0,1,45.4809,83608.3889,14,4,8,0.02,0,0
0,1,0.0,0.9084,0,0,1616.166,8,0,0,994.7881,15185.1734,2,5,17,0.7285,0,0
0,5,0.0,0.8838538871243999,0,0,1431.2667529675632,8,2,1,218.96673879218298,441029.4268615417,13,5,10,0.7068520570579553,0,0
0,5,0.0,0.7565,0,0,2313.6506,6,2,1,842.075,290383.4288,9,5,5,0.618,0,0
4,4,0.5,0.5947,0,0,1421.012,10,2,1,167.8338,78353.0239,3,4,3,0.3709,0,0
0,4,0.0,0.7639,0,0,1554.0327,3,2,1,56.589,5018.3281,13,2,0,1.0522,0,0
9,0,1.0,0.1891,0,3,3.1931,38,9,0,23.8217,8077.5706,9,4,10,0.3082,0,1
0,4,0.0,0.4988,0,0,1499.718,10,1,1,6.6662,15469.4467,7,1,6,0.8024,0,0
0,4,0.0,0.9308,0,0,2587.0967,11,0,0,7.7982,43666.9105,4,5,6,0.9141,0,0
0,5,0.0,0.4781,0,0,1964.2608,11,1,1,1200.0,29295.9929,3,5,12,1.5432,0,0
1,0,0.94042220590629,0.5064102027462539,0,1,188.3170003375144,3,2,1,-32.40790651056017,-64701.58321657777,2,0,5,1.5646066611374516,1,1
1,4,0.2093641423701612,0.8729249732095827,0,0,2327.9555165206402,4,1,1,156.741054329947,23465.422183499886,7,4,19,1.8875313695823435,0,0
1,3,0.25,0.5637,0,0,541.2661,12,1,1,21.3927,7100.5163,4,1,19,1.4457,0,0
0,3,0.026731563059859808,0.45870721128766856,0,0,2007.2648994009255,4,1,1,180.68824113303276,99189.86798679664,2,8,15,1.320331404181925,0,0
21,1,0.9545,0.4459,0,0,12.3749,20,1,0,147.8013,14067.2277,9,10,3,1.8244,0,1
1,2,0.3333,0.733,0,0,1269.2888,6,1,0,16.0742,10597.6029,4,5,12,0.7319,1,0
1,5,0.1667,0.9574,0,0,3227.8374,3,1,1,276.9914,472856.2718,11,4,14,1.3233,0,0
2,4,0.3333,0.4982,0,0,1486.0344,5,2,0,166.6949,102323.6411,7,0,5,0.3457,0,0
0,5,0.0,0.7125,0,0,3175.9798,7,0,0,11.6986,616.5305,1,8,3,1.47,0,0
0,1,0.0,0.6517,0,0,2247.7932,2,0,1,71.8624,22542.0975,2,8,9,1.1803,0,0
0,3,0.0,0.7942,0,0,1245.0205,5,1,1,86.5216,9072.2969,8,6,19,1.4675,1,0
3,2,0.6,0.3642,0,0,1.7937,5,3,0,173.6089,3526.8451,287,27,26,0.1642,1,1
0,4,0.0,0.9621,0,0,1027.0037,1,2,1,12.2552,9757.3827,8,7,5,1.4449,0,0
0,4,0.0,0.8245,0,0,367.7351,10,1,1,93.9251,3851.7266,8,3,12,1.4427,0,0
0,5,0.0,0.8621,0,0,979.1651,5,2,0,148.8389,107415.0391,11,7,17,0.5651,0,0
0,1,0.0,0.9175,0,0,3028.752,11,0,1,130.4462,506841.5049,9,8,7,0.8349,0,0
1,2,0.3333,0.5838,0,0,1113.4149,6,0,1,130.5475,23648.5546,9,7,19,0.6776,0,0
1,5,0.1667,0.4814,0,0,2218.9842,12,2,1,997.9479,27805.1195,11,5,15,0.7826,1,0
0,4,0.07704181863574096,0.5419427346248057,0,0,3444.0139415262715,6,0,0,-21.403167443773988,147822.89313224418,4,8,4,1.0638452496990594,1,0
0,2,0.0,0.5442,0,0,3407.8293,8,1,1,110.9741,552.5873,1,6,13,1.0535,0,0
0,4,0.0,0.8796,1,2,2213.5258,12,1,0,100.1583,75683.7097,8,8,12,0.4053,0,0
0,3,0.0,0.4957,0,0,3373.114,6,2,1,582.5798,800000.0,10,7,17,1.604,0,0
0,5,0.0,0.7759035434358298,0,0,451.0161872528394,9,1,1,-47.36303820862534,32579.853534399932,13,8,12,0.6106173920570817,1,0
1,2,0.3333,0.8503,0,0,2869.9208,5,1,1,16.1334,41351.0194,5,0,4,1.132,0,0
7,0,0.7793053824938514,0.17391511767258067,1,8,-99.60413020088075,3,0,0,111.08050699587086,18066.60733850947,5,5,0,0.3292850033787875,0,1
0,2,0.0,0.6377,0,0,735.8547,1,0,1,215.4864,62310.3908,9,8,18,1.1363,0,0
0,5,0.0,0.8399097855520612,0,0,2832.2998132290077,2,0,0,1204.721455680104,28552.017897772217,13,8,0,0.9841916997413036,0,0
1,1,0.5,0.1278,1,1,314.2604,6,2,0,46.2808,1288.147,2,6,4,0.812,1,1
0,4,0.0,0.9381,0,0,928.5593,6,1,1,31.9575,18161.7335,11,6,4,1.3506,0,0
2,3,0.4,0.8971,1,2,244.8834,5,1,1,47.6774,476780.4762,8,1,6,1.2245,0,0
0,3,0.009972639926042694,1.0,0,0,432.69306907976073,8,2,0,-73.48575127999464,407722.42647415324,3,4,6,1.8718100588817668,0,0
1,4,0.055751749793747196,0.8913720329778073,0,0,412.56669531456384,1,2,0,-36.005140441979904,23896.899113937234,12,2,11,1.1755560133204326,0,0
2,5,0.2857,0.5173,0,0,1893.3839,5,1,1,487.8694,42739.7074,2,0,12,1.5055,1,0
1,2,0.3333,0.6828,0,0,2291.6625,1,2,0,587.4203,2653.7536,15,2,3,0.4808,0,0
1,1,0.5,0.8104,0,0,1787.1233,3,2,1,17.9379,531.1518,12,1,12,1.1263,0,0
1,3,0.25,0.8155,0,0,2845.8914,8,0,1,77.7535,3311.0117,17,6,17,1.4329,0,0
0,5,0.0,0.5035,0,0,2528.1788,9,0,1,1.7902,156646.4444,17,2,12,1.3661,0,0
0,2,0.0,0.9547,0,0,410.3524,11,0,1,759.8802,829.617,5,3,11,0.7598,0,0
0,3,0.0,0.7635,0,0,2461.6136,10,2,1,117.4561,6053.5208,12,3,1,0.6576,0,0
6,0,0.9673816026745427,0.18294832843316328,1,4,467.93026315292445,8,1,0,-104.66300757192636,92080.74931510823,1,2,2,1.2288530403523452,0,1
1,1,0.5,0.5153,0,0,735.5404,11,0,1,570.7548,58724.9934,6,1,17,1.1522,0,0
0,3,0.0,0.9144,0,0,778.0734,5,1,1,393.8311,23675.676,11,5,18,0.7049,1,0
1,2,0.3333,0.5795,0,0,753.4757,12,0,1,12.8892,477.5415,16,8,11,0.4656,1,0
0,3,0.0,0.5791,0,0,2370.9764,9,2,1,5.7193,1880.7858,4,4,5,0.2662,0,0
3,2,0.6,0.3641,0,0,0.5849,1,3,0,225.9347,3280.7864,279,34,15,0.3417,1,1
1,3,0.23195389714108303,0.4122826203159547,0,0,661.4836473941234,11,1,0,263.55932628767573,16653.17462222868,4,0,9,0.6925764467026437,0,1
1,3,0.25,0.649,1,2,3062.0209,8,2,1,404.3259,296595.2413,11,5,7,0.7874,0,0
1,1,0.5,0.4127,0,0,4.9351,4,3,0,249.7445,3071.386,105,27,29,0.0,1,1
0,2,0.0,0.8815,0,0,25.2759,3,0,1,29.2114,253.2026,6,6,12,0.4631,1,0
1,5,0.1667,0.7329,0,0,445.623,2,0,0,9.9866,339284.1765,6,1,1,1.3227,0,0
0,5,0.0,0.8335,0,0,1337.3743,12,1,1,340.0107,482828.0564,4,7,1,0.9751,1,0
0,4,0.0,0.6982,0,0,117.082,1,1,1,8.6341,2263.6192,6,0,7,0.6076,0,0
0,3,0.0,0.9026,0,0,1935.3326,10,0,1,233.6327,3874.8197,6,7,8,1.7712,0,0
1,1,0.5437598174604495,1.0,0,0,133.69333843229504,7,1,1,426.7227642052308,211686.06883465487,12,7,18,1.1845876828900508,0,0
0,1,0.0,0.5747,0,0,195.697,8,1,1,616.8669,76997.7498,17,6,13,0.02,0,0
3,1,0.75,0.4701,0,2,11.2802,8,2,0,7.4354,3565.6589,12,4,0,1.7668,1,1
0,5,0.0,0.8115,0,0,817.3806,3,1,1,1200.0,15912.9805,5,7,17,2.0345,0,0
1,5,0.1667,0.7143,0,0,161.8815,10,1,1,18.1928,234597.1369,3,8,8,0.6445,0,0
0,4,0.07093254908870678,1.0,0,0,1996.6316007869254,6,1,1,1214.0475712216971,99903.4767847324,4,7,2,1.0317729486263216,0,0
0,1,0.0,0.9375443979670134,0,0,1151.3981402241777,3,1,0,29.24355475711852,12931.91658806628,11,1,7,1.7442131785150818,0,0
0,4,0.0,0.7845988131395029,0,0,3116.365135090229,8,2,1,-7.42984804274429,69445.93762756986,14,6,3,1.3991920377148546,0,0
5,0,1.0,0.267020114122794,1,8,640.1258977310233,2,0,0,-72.8588466633477,-43534.00255295958,6,0,1,0.9880579609122768,1,1
0,2,0.0,0.687,1,2,1822.3123,8,2,1,165.9477,270519.0625,7,7,6,1.2831,0,0
2,0,1.0,0.1852,0,1,175.14,9,0,0,6.1335,5633.6168,2,8,1,1.4485,1,1
1,3,0.2439507493702659,0.44398443979278235,0,0,3084.382765781448,10,2,0,152.00751143130304,40904.99560349461,16,3,0,1.2348182967398662,0,0
0,2,0.0,0.6146,0,0,1501.0218,3,1,1,13.6914,36510.0869,1,1,9,1.2703,0,0
0,2,0.0,0.8745,0,0,3512.4087,10,2,1,104.4577,40996.4457,12,8,19,1.2693,0,0
3,4,0.4806529012164681,0.6856159440553355,0,0,3274.829504917768,3,1,1,43.271602606599416,-19070.678580664306,6,1,8,1.3228206934811326,0,0
0,1,0.1300109105016812,0.9328676947373697,0,0,3181.3034954889827,7,1,0,65.57743237493764,-31997.47316059357,14,7,6,0.6451466845636822,0,0
0,5,0.0,0.9263,0,0,709.8695,4,2,1,619.8585,40721.2247,6,1,17,1.0916,0,0
0,5,0.0,0.8856,0,0,1130.5779,11,1,1,26.0053,27651.7539,8,3,6,2.2099,0,0
1,3,0.24446128724912924,0.6573047199942836,0,0,2480.7974590366134,7,0,1,233.49688665580854,-54971.83579489193,2,8,8,1.9649553902390706,0,0
1,5,0.1667,0.8927,0,0,1826.7719,2,0,1,34.3755,1472.751,3,4,14,1.0095,0,0
0,2,0.0,0.4783,0,0,2729.5144,7,1,1,197.8874,24949.3765,7,1,5,1.4993,1,0
1,4,0.2,0.7011,0,0,3206.3777,1,2,1,9.479,6179.8004,4,0,18,1.594,0,0
2,2,0.43750554068760983,0.7194219825784005,0,0,176.95273665718025,5,2,1,315.2151056730176,39242.026364162884,293,58,25,0.6068361316211475,1,1
4,1,0.8,0.169,1,8,15.6884,8,1,0,14.6187,1475.9429,1,5,2,0.9906,0,1
0,1,0.0,0.8583,0,0,2444.1266,5,1,1,7.7664,8440.2471,5,3,10,1.0386,0,0
0,4,0.0,0.5544,0,0,148.8302,10,2,1,13.2508,5790.052,13,1,16,1.4844,0,0
0,4,0.0,0.9437,0,0,2958.3184,2,0,1,14.4492,800000.0,13,0,12,1.3383,0,0
0,5,0.0,0.8444,0,0,1067.3878,8,1,1,108.7195,2623.0546,10,6,18,1.4961,0,0
0,3,0.0,0.9599,0,0,958.501,11,1,1,148.6266,103152.5887,8,4,8,1.059,0,0
0,5,0.0,0.7853,0,0,2996.8569,2,2,1,1200.0,35522.4635,11,7,10,0.5538,0,0
0,5,0.0,0.47197220556367614,0,0,3163.6979038727927,5,1,1,489.64538990832637,-22694.141603129836,7,7,19,0.11766255081017594,0,0
1,2,0.3333,0.6814,0,0,1182.6806,11,0,1,325.485,3849.3534,10,8,19,1.2924,0,0
0,1,0.06392717920080312,1.0,0,0,2212.3572527285455,11,1,1,-54.82815951689906,150746.39952258332,1,6,14,0.9950714743015469,0,0
0,5,0.0,0.3862883962980153,0,0,-245.3359601724009,1,1,1,528.9491898820338,24915.016019635805,8,2,14,1.145331839507795,0,0
1,3,0.25,0.4782,0,0,3158.3744,1,2,1,91.675,18230.8833,12,3,13,0.4607,0,0
0,4,0.0,0.8187,0,0,1732.6611,9,2,1,48.8912,194136.7679,3,3,2,0.9,0,0
0,2,0.0,0.5944,0,0,3283.1289,9,0,1,165.435,29971.7345,17,8,10,1.5965,1,1
2,1,0.6667,0.9561,0,0,593.5438,2,1,0,238.9678,698037.7409,11,5,10,1.7715,0,0
0,4,0.0,0.9682,0,0,519.1643,9,0,1,6.7811,386.4737,11,4,10,0.6196,0,0
0,4,0.0,0.7797,0,0,1978.9533,11,2,1,11.2659,8140.9284,11,7,8,0.6047,0,0
1,1,0.5,0.5348,0,0,516.805,1,2,1,1200.0,235303.5905,11,3,2,0.1881,0,0
1,2,0.375921419320831,0.4849465790887824,0,0,1156.7753217841523,4,0,1,68.91691931235762,-31261.68128074798,17,6,11,1.5919345460242906,1,0
1,4,0.2,0.5082,0,0,165.782,4,2,0,70.1727,8813.6473,5,3,3,0.534,0,0
3,2,0.6,0.6124,0,0,14.505,2,3,0,264.6465,515.2375,159,20,23,0.6959,1,1
1,5,0.1667,0.9315,0,0,2591.1665,9,0,1,289.4211,227161.0209,7,0,10,0.5194,0,0
5,0,1.0,0.3917,0,2,16.859,3,1,1,57.8761,4708.1021,1,2,3,0.2959,1,1
0,1,0.025427396686307936,0.9270010234328028,0,0,254.950082265878,1,2,0,1025.191441309712,31405.67968616866,14,0,16,0.18933965975871103,0,0
2,5,0.2857,0.511,0,0,2743.7035,10,2,1,40.135,170213.8049,13,2,12,1.7361,0,0
4,1,0.8,0.4011,0,0,197.2559,5,0,0,56.7451,868.3289,19,0,4,1.737,1,1
0,2,0.0,0.5709,0,0,1170.448,6,1,0,6.3387,20278.8903,5,6,17,0.9376,0,0
0,2,0.0,0.8906,0,0,3546.726,2,2,1,23.7102,123528.6122,13,5,10,1.1455,0,0
11,1,0.9167,0.3798,1,3,1.6225,35,3,0,61.1773,8761.9401,14,1,8,1.9361,0,1
0,1,0.0,0.6410660488116349,0,0,1736.2677500235882,6,0,1,-0.8729150195465252,47070.84663946918,8,4,11,0.8062952912765625,1,0
0,4,0.0,0.7459,0,0,436.7492,6,0,0,419.9058,800000.0,8,1,10,1.0827,0,0
10,1,0.9994808964291524,0.09275970597764648,0,2,-188.470707820152,15,5,0,55.97603061191878,53899.49487937222,3,11,4,0.5800769897471076,1,1
0,4,0.0,0.6129,0,0,600.6913,8,0,0,70.0115,111801.9239,13,7,19,0.7373,0,0
2,2,0.5,0.8088,0,0,1604.068,4,1,1,1200.0,1862.8157,9,1,2,1.2313,0,0
0,5,0.0,0.8963,0,0,138.1136,11,0,0,175.0386,218497.308,2,8,7,0.1299,0,1
2,2,0.5,0.7653,0,0,14.0602,9,0,0,40.3109,2356.7463,271,19,20,0.4228,0,1
1,4,0.2,0.9163,0,0,3342.8516,8,0,1,3.5931,27858.3267,10,4,10,0.1536,0,0
1,3,0.25,0.6742,0,0,2947.0318,10,1,1,1200.0,800000.0,13,0,9,1.5628,0,0
4,0,1.0,0.0774,0,2,6.4419,19,3,0,96.3864,8932.976,10,6,12,1.1116,1,1
5,2,0.7143,0.2176,1,1,5.0408,12,2,0,42.2357,9775.8775,6,6,9,0.8369,0,1
2,0,1.0,0.3832,0,2,560.982,5,0,1,23.8176,1481.3655,15,2,5,1.0479,1,1
9,0,0.8588504205969194,0.3163231395662346,0,2,229.17422669808838,28,2,0,64.99026119898257,-8589.93182440098,13,2,6,0.778722773825298,0,1
4,0,1.0,0.1042,1,2,291.3372,7,2,1,50.472,4710.8799,12,9,2,1.5738,1,1
2,1,0.6667,0.3163,1,2,216.6384,1,2,1,23.6606,8850.7512,6,5,5,0.1388,1,1
0,2,0.0,0.8431,0,0,2802.8711,5,0,1,30.9487,9554.6634,17,8,8,0.9394,0,0
0,3,0.0,0.7447,0,0,3432.7076,5,2,1,45.6201,136463.6744,2,7,13,2.1802,0,0
7,1,0.875,0.1836,1,0,6.4069,34,0,0,45.9845,15546.5766,1,5,11,2.1922,1,1
0,3,0.0,0.4995,0,0,847.9255,11,2,1,269.7757,62782.8396,12,7,8,0.0209,0,0
1,5,0.1667,0.7948,0,0,213.6914,12,1,1,57.3346,505257.8339,4,1,8,0.7554,0,0
0,1,0.0,0.678,0,0,3104.0205,3,2,1,19.6574,11950.0239,6,4,13,1.6781,1,0
14,0,1.0,0.1352,1,0,17.145,14,2,0,73.2682,9534.3798,2,11,7,1.7765,0,1
1,4,0.2,0.9876,0,0,3108.0809,9,1,0,209.8884,117209.3593,1,2,6,0.02,0,0
0,1,0.0,0.6588,0,0,1935.1189,11,0,1,18.7361,16363.1262,17,0,5,1.0485,0,0
5,4,0.5556,0.5894,0,0,636.4478,10,0,0,362.332,15117.4434,7,0,9,1.3096,0,0
0,5,0.0,0.8141,0,0,1213.7823,7,0,1,130.1562,800000.0,13,4,12,0.6796,0,0
1,3,0.135487270797952,0.9062882166335725,1,1,3911.150243836335,5,2,1,123.01843360096105,798444.6112474201,15,2,2,0.07701570999900136,0,0
1,2,0.3333,0.5235,0,0,827.1375,9,0,0,337.924,325263.3659,7,8,1,1.0212,0,0
0,3,0.0,0.8845,0,0,1727.1819,9,2,1,5.9655,41647.6955,7,1,8,0.6818,0,0
1,2,0.3333,0.6074,0,0,3126.0042,6,2,1,7.9771,706768.8346,11,5,14,0.2658,0,0
0,4,0.0,0.5965,0,0,3071.8018,4,1,1,1200.0,77910.7977,11,0,17,0.3008,0,0
2,4,0.3333,0.5382,0,0,1947.7624,8,1,1,208.3607,536848.0179,13,1,18,0.7222,1,0
0,1,0.0,0.806,0,0,3379.9726,10,0,1,378.0233,1151.1579,8,2,19,0.2883,0,1
1,1,0.5,0.934,0,0,306.2144,8,0,1,130.9567,788548.4034,10,8,13,2.0049,0,0
0,1,0.0,0.612,0,0,2497.4818,2,0,1,125.3754,54941.4947,13,8,19,0.7259,0,0
0,1,0.0,0.8936383083767859,0,0,1404.9777695902324,2,1,0,643.9303093559307,1775.8851173279897,7,1,13,0.508961407731095,0,0
0,3,0.0,0.5128,0,0,1068.7391,5,2,0,13.5439,6730.9715,15,5,8,1.268,1,0
0,5,0.0,0.6936,0,0,1867.687,8,0,0,190.2167,70913.0051,17,0,0,0.8075,0,0
11,1,0.9167,0.0127,0,1,0.5269,34,1,0,91.1017,15374.3185,9,9,3,2.0356,0,1
2,1,0.6667,0.2349,1,3,23.6575,2,1,0,10.0176,2509.1995,1,2,0,0.9465,0,1
0,5,0.0,0.988,0,0,3052.7292,10,0,1,96.6896,25537.7114,1,7,19,0.2014,0,0
0,2,0.0,0.6194,0,0,573.4599,8,1,1,19.8898,100.0,7,5,17,0.31,0,0
5,0,1.0,0.5319,0,1,19.4968,13,0,0,55.3102,16528.604,5,9,5,1.4814,1,1
1,2,0.3333,0.8779,0,0,3248.9172,6,1,0,24.2015,821.0472,4,0,5,1.1154,0,0
23,2,0.92,0.0349,1,0,9.039,17,2,0,111.7542,8120.8718,3,11,11,1.7358,0,1
1,3,0.25,0.8879,0,0,3048.0752,6,2,0,766.2088,542360.3947,9,5,18,1.3603,1,0
2,1,0.6667,0.7335,0,0,450.8254,8,2,1,16.065,800000.0,17,0,12,1.3408,0,0
1,1,0.5,0.9313,0,0,311.9246,1,2,1,101.876,15121.6979,8,8,10,0.6105,0,0
0,4,0.10017904952791637,0.4392283697915731,0,0,446.82469491591604,7,2,1,251.6660497153578,67698.28705707217,14,4,1,1.5090169941546527,0,0
2,2,0.5,0.9284,0,0,627.8928,3,0,0,74.9665,133099.1557,6,0,17,0.5354,1,0
0,1,0.0,0.9093,0,0,2365.9226,8,0,0,523.1096,587017.67,8,7,0,1.1385,0,0
1,2,0.3333,0.552,0,0,1129.3699,6,0,1,95.9997,83948.4468,10,5,13,1.398,0,0
3,1,0.75,0.8746,0,0,8.2875,3,0,0,254.6651,699.5774,74,53,11,0.8283,0,1
2,5,0.2857,0.4564,0,0,2678.2946,1,2,1,81.6854,362.0755,11,0,6,1.0607,0,0
1,4,0.2,0.9758,0,0,2034.7531,10,1,1,342.0037,779929.9554,5,4,3,0.7525,0,0
2,5,0.3107924297382103,0.5861748472107449,0,0,2626.9170319136447,7,1,1,22.630929008921324,246150.7789490132,4,6,8,1.2959402617797209,0,0
3,5,0.2773309132677067,0.9178999919754214,0,0,1902.924085824222,2,0,1,12.951976204128114,-2090.537626869156,8,5,6,1.3273357711296037,0,0
1,4,0.2,0.6205,0,0,715.0155,4,2,1,162.3971,27565.3203,13,5,10,1.9024,0,0
20,1,0.9524,0.329,0,1,16.378,12,2,0,79.3931,19004.2723,4,5,3,1.4384,1,1
0,2,0.0,0.9088,0,0,3524.101,10,1,1,14.8624,1541.9671,11,1,8,1.2738,0,0
0,5,0.0,0.7346,0,0,314.4393,6,1,1,5.8996,27927.4678,14,2,8,0.02,0,0
0,4,0.0,0.9116,0,0,3197.4187,3,1,1,14.9891,3945.2689,6,8,18,1.0655,1,0
2,0,0.9146209844756785,0.6355212946259184,0,0,60.283257377388274,8,2,0,252.66037022758277,82915.96545157988,65,66,26,0.34495539307140854,1,1
1,1,0.5,0.7968,0,0,2642.3408,5,0,0,33.986,9030.9322,13,3,8,1.6131,0,0
3,2,0.6,0.377,0,0,9.0014,9,2,0,271.9567,2051.8624,49,59,21,0.6968,0,1
0,3,0.0,0.6628,0,0,57.6654,8,0,0,61.6381,13968.749,7,6,12,1.0135,0,0
6,0,1.0,0.489,0,3,6.1479,39,4,0,79.7085,12825.7116,11,10,10,0.6995,1,1
23,2,0.92,0.1164,0,1,8.0526,32,2,0,39.9702,3558.3953,5,5,2,2.2363,1,1
1,4,0.2,0.8423,0,0,1660.8479,9,0,1,78.7852,23779.1477,14,0,0,0.3584,1,0
0,1,0.0,0.7456,0,0,2788.0681,5,2,1,1012.7886,1045.9512,14,8,18,1.5912,0,0
0,1,0.0,0.5458,0,0,1610.4999,8,0,1,784.1988,197893.734,8,6,16,1.3379,0,0
0,3,0.0,0.4639,0,0,3392.5068,9,0,1,105.1736,7970.1673,15,7,15,1.2018,0,0
6,0,1.0,0.2738,1,3,13.7532,4,1,0,24.8532,4743.2422,1,2,2,1.1464,0,1
1,5,0.1667,0.8766,0,0,97.2515,10,1,0,20.3661,11124.4607,14,6,3,0.02,0,0
4,1,0.8,0.5528,0,2,3.2769,20,2,0,33.4775,6163.3581,7,5,12,1.4871,1,1
0,0,0.0,0.6378,0,0,7.1399,9,0,0,219.5199,734.8186,232,28,15,0.1558,1,1
0,4,0.0,0.808,0,0,307.1131,8,0,0,2.7137,123507.2513,1,3,13,0.6461,0,0
1,2,0.3333,0.8456,0,0,1191.7277,11,0,1,5.6037,4208.3772,9,1,13,1.8053,1,0
0,3,0.0,0.6832,0,0,146.28,4,1,1,23.3672,318017.332,1,5,13,1.2696,0,0
1,2,0.3333,0.7161,0,0,489.184,5,0,1,297.7304,52875.1886,2,8,12,0.8394,0,0
1,4,0.2,0.5414,0,0,2552.1343,8,0,1,589.3734,3161.1346,4,1,10,0.774,0,0
3,1,0.75,0.2201,1,4,59.2767,7,0,0,12.5399,783.722,3,2,3,1.3308,0,1
1,4,0.2,0.9254,0,0,824.0604,4,0,1,108.2246,40576.0473,5,6,5,0.6492,0,0
0,1,0.0,0.6025,1,1,2121.3189,6,0,1,35.252,6080.3725,11,4,2,1.0713,0,0
11,0,1.0,0.1831,0,3,5.7729,58,9,0,54.5538,8817.347,1,7,4,0.1703,1,1
0,2,0.1707980995848636,0.6394220622037597,0,0,1814.1549587416853,1,1,0,764.2885131790488,-2381.4612322051817,9,6,19,1.673372246198812,0,0
8,1,1.0,0.48911808760461556,0,1,-11.81212405460389,47,5,0,29.630310385190242,112018.30698539971,3,11,3,0.8748238484156985,0,1
0,5,0.0,0.7182,0,0,413.5728,6,0,1,7.2608,20798.4432,12,1,0,1.3614,0,0
3,0,1.0,0.0053,0,0,0.9437,19,7,0,40.3867,9724.8636,12,11,11,0.7103,1,1
0,3,0.0,0.5853,0,0,2313.5973,7,0,0,120.1738,800000.0,9,5,7,0.6431,0,0
0,1,0.0,0.8587,0,0,1903.3546,3,2,1,192.3491,130580.3227,1,7,4,2.169,0,0
3,1,0.75,0.6373,0,0,6.672,5,3,1,260.9956,3084.9853,42,67,9,0.689,0,1
2,5,0.2857,0.6749,0,0,1542.1471,4,0,0,136.806,713663.8054,5,3,0,0.8926,0,0
0,2,0.0,0.6400935837352278,0,0,724.4574264393544,12,0,1,159.179680975351,-96720.65155833757,3,0,11,0.5352592277570587,0,0
1,5,0.1667,0.582,0,0,2264.5614,5,2,0,23.5228,5437.5358,5,0,2,0.5528,0,0
0,4,0.028807941835350705,0.7970262165269308,0,0,1565.138579212279,8,2,1,1142.8900461786423,-25867.146894358557,9,5,8,0.8147631538681008,0,0
15,2,0.8824,0.413,1,1,10.8628,15,2,0,118.8274,2080.6225,9,8,11,1.688,0,1
0,3,0.0,0.8449,0,0,2470.487,1,2,1,562.3877,234178.054,7,4,4,0.6016,0,0
2,1,0.6667,0.5471,0,0,4.4125,3,3,1,280.6852,1331.6729,249,9,7,0.6449,1,1
1,1,0.5,0.6655,0,0,3320.0122,5,0,1,36.4038,2990.3842,14,5,15,1.0695,0,0
1,0,1.0,0.7692,0,0,6.3928,6,1,0,280.2243,4094.3412,69,60,29,0.4504,1,1
1,3,0.25,0.6202,0,0,1177.931,7,1,0,14.0485,5740.6633,6,3,15,1.4799,0,0
0,2,0.0,0.5399,0,0,1242.5464,6,1,1,101.1755,41027.2659,12,7,7,1.3781,1,0
0,4,0.1944716515851115,0.547631473058151,0,0,902.6977035711816,9,2,1,233.88483778890298,855296.8941471479,3,1,19,1.3897620512089364,0,0
3,3,0.5,0.9164,0,0,3283.4754,11,1,1,21.0134,800000.0,4,3,12,1.2395,0,0
6,1,0.8571,0.4306,1,3,9.6899,35,5,0,92.0183,1988.2303,4,8,6,1.3011,1,1
0,1,0.0,0.5419,0,0,1301.1985,11,2,1,145.2485,499984.1217,8,5,14,0.1111,0,0
0,3,0.0,0.9631,0,0,1610.853,4,0,1,396.0262,15360.8934,6,0,2,1.7658,0,0
1,4,0.1447887128860405,0.4881912210840689,0,0,1284.7367146187771,6,2,1,66.86731786030859,297728.9039648986,2,5,7,1.161786102907211,0,0
2,4,0.3014000908837217,0.8408621635891957,0,0,3566.4251986312734,11,2,1,56.92979076471251,208212.5397128504,10,1,16,0.264952729359186,0,0
0,3,0.0,0.4558,0,0,1224.6215,11,2,1,451.5223,318308.1211,16,0,16,0.5191,0,0
0,5,0.0,0.9562,0,0,2031.9858,10,0,1,10.4659,4385.8849,2,0,17,1.2065,0,0
0,2,0.0,0.8148,0,0,835.3747,7,1,0,19.3667,12939.5119,6,5,8,1.3191,0,0
1,2,0.3333,0.8124,0,0,1774.5524,6,1,1,149.5007,91728.8516,17,8,3,1.1249,0,0
0,2,0.0,0.609,0,0,1662.3719,8,1,1,39.5231,277.4983,1,6,0,1.2135,1,0
0,2,0.0,0.7303,0,0,1591.8176,3,1,0,268.6289,454.3226,9,0,19,1.2979,1,0
2,4,0.4175802167882343,0.5985104493574256,0,0,671.174388630085,3,2,1,95.11576274519301,63682.34032193455,2,7,0,0.7007364609344242,0,0
0,1,0.0,0.659,0,0,3327.868,9,2,1,427.4689,338143.2555,2,7,12,0.6824,1,0
2,1,0.6667,0.7865,0,0,2863.5325,5,2,1,22.6623,134222.7705,1,2,13,0.522,0,0
1,3,0.25,0.8368,0,0,2207.6847,5,2,1,9.52,19890.6695,14,6,17,0.9348,0,0
1,1,0.5,0.7844,0,0,10.4571,2,2,1,238.0326,3949.7963,44,52,21,0.1387,1,1
0,2,0.0,0.8561,0,0,3263.2814,9,2,0,55.7234,14611.4754,9,4,8,1.4172,0,0
0,1,0.0,0.9709,0,0,22.5195,5,2,0,140.521,643.0684,10,2,1,1.2327,0,0
0,1,0.0,0.9564,0,0,2118.4616,7,1,1,334.5081,130641.2608,13,0,9,0.8546,0,0
1,3,0.25,0.9558,0,0,1327.0418,11,2,1,21.5411,27845.7745,4,7,8,0.98,0,0
0,1,0.0,0.5577,0,0,3062.9797,1,0,1,54.2791,7088.0746,6,5,7,0.6967,0,0
1,3,0.25,0.9024,0,0,799.0729,6,1,0,1193.8488,279026.7986,14,2,14,2.0827,1,0
4,1,0.8,0.4482,0,1,4.1331,24,8,0,34.432,12272.1319,4,5,10,0.5769,1,1
3,0,1.0,0.4409,1,0,7.3232,43,5,0,75.9198,12589.6055,7,8,10,1.1823,1,0
0,3,0.0,0.77,0,0,880.7975,5,0,1,39.824,800000.0,3,7,10,0.02,0,0
12,0,0.9969976114619767,0.41402446940641324,0,0,-47.732665251682505,38,0,0,110.79375300725472,-6554.787797659552,3,3,4,1.6931601523490192,0,1
1,5,0.1667,0.8294,0,0,984.0991,8,1,1,37.1706,85904.4873,14,2,11,1.12,0,0
1,4,0.2,0.923,0,0,1120.2475,8,0,1,79.4934,51938.5795,10,3,9,0.6382,0,0
0,1,0.0,0.5487952924908862,0,0,656.2512162190195,2,1,1,239.49099546515333,682455.0885195619,7,2,14,1.8760617762343135,0,0
0,2,0.0,0.4794,0,0,1154.7453,6,2,1,174.0261,74820.9467,9,8,9,0.628,0,0
0,5,0.0,0.9749,0,0,3591.7658,2,2,1,152.5668,3183.29,16,2,11,0.7854,1,0
7,0,1.0,0.3367,1,6,29.5362,10,1,0,24.9571,5720.9918,1,2,2,1.0351,1,1
17,2,0.8947,0.5348,0,0,0.6333,15,1,0,139.4279,19264.7417,6,9,9,1.501,1,1
0,2,0.0,0.7814,0,0,2414.9977,6,1,1,5.2624,1514.6274,16,0,0,0.8758,1,0
7,1,0.875,0.1166,1,9,52.2467,8,0,0,18.87,4043.6001,6,2,3,0.5092,1,1
0,5,0.0,0.7551,0,0,598.0395,1,0,1,24.2088,10736.682,5,6,12,0.6366,0,0
0,2,0.0,0.804,0,0,2445.6043,5,1,0,28.7855,433.9961,16,8,15,1.0299,0,0
1,5,0.1667,0.7699,0,0,764.5461,3,1,1,154.9199,5177.4111,8,7,8,1.6952,0,0
5,1,0.8333,0.1418,0,2,229.8592,7,1,0,39.7893,944.8602,19,8,3,1.3312,1,1
8,1,0.8889,0.5397,0,0,8.3439,33,7,0,79.5456,12687.8043,9,5,13,0.5197,0,1
2,5,0.35285694838345844,0.7664039465276986,0,0,1586.5927335254103,4,0,1,-79.36765755150212,-57297.30308240858,5,8,8,1.2486215934194165,0,0
2,3,0.4,0.59,0,0,82.6837,7,1,1,490.5111,737508.7613,7,7,19,1.5272,0,0
2,3,0.4,0.8159,0,0,2565.4157,4,2,1,2.7062,800000.0,2,8,4,1.154,0,0
7,1,0.875,0.2199,1,1,3.8793,53,3,0,18.0065,1549.4969,1,8,10,1.5356,0,1
7,1,0.8505738765690509,0.2917950788044135,1,3,197.34647458047482,7,0,0,164.1892825924021,6204.34450938411,1,2,0,0.666516754974696,0,1
0,3,0.0,0.6037,0,0,1104.7233,4,0,1,18.3465,10183.543,2,1,2,1.3396,0,0
0,3,0.0,0.8501,0,0,715.9318,1,0,1,262.8359,18648.9521,2,7,9,1.5356,1,0
1,1,0.5,0.7619,0,0,1938.137,5,0,0,34.2439,1428.1733,14,1,11,1.6998,0,0
0,1,0.0,0.9678,0,0,1863.3132,3,2,1,1200.0,29101.5298,10,3,12,0.2517,0,0
0,3,0.07269605727012256,0.5380887811810429,0,0,1187.161195710267,11,0,0,156.82270115572538,211997.11371263058,6,1,12,1.4932017705121048,0,0
1,2,0.4058719014856709,0.9704556425139541,0,0,3097.9371771510428,12,0,1,228.2752310883493,87285.45701909627,15,6,9,1.6886917737706428,0,0
0,4,0.0,0.4691,0,0,2235.8059,11,1,0,12.541,2249.699,13,2,1,0.5846,0,1
10,0,1.0,0.0156,1,1,7.665,44,8,0,51.6317,8245.4619,7,7,7,0.1,1,0
1,5,0.1667,0.8889,0,0,646.4933,6,2,1,307.6908,5839.2836,7,3,17,1.0764,1,0
5,1,0.8333,0.3913,0,0,399.8504,7,2,1,6.1353,4491.3083,11,5,3,1.034,1,1
0,4,0.0,0.8247733060368105,0,0,3079.2598615120382,5,2,0,290.35444893872557,-35293.524847197434,16,6,5,0.4769289135238683,0,0
24,2,0.9231,0.4985,0,1,6.1004,34,1,0,22.7722,16236.5108,2,8,8,0.1,1,1
0,1,0.0,0.8245,0,0,2626.5814,11,2,1,360.4278,800000.0,3,7,7,1.0231,0,0
5,1,0.8333,0.5316,0,0,534.5231,7,2,0,39.1905,5764.466,18,4,5,1.691,1,1
7,2,0.7778,0.2018,0,0,17.2161,33,0,0,120.3735,4911.8174,9,13,8,1.2561,0,1
0,2,0.0,0.8885,0,0,3215.7721,7,0,1,32.9161,146300.5284,12,2,17,0.452,0,0
1,3,0.25,0.6957,0,0,1106.1653,8,1,1,9.9937,549.9012,15,1,11,1.2402,0,0
0,4,0.05172863612905344,0.7525522802179921,0,0,3019.1070371301503,8,2,1,34.35547762503635,755580.0869998736,16,4,4,0.4095874124401053,0,0
1,5,0.1667,0.9038,0,0,2077.2272,1,0,1,554.9841,1540.6882,14,3,4,0.8193,0,0
2,1,0.6667,0.7953,0,0,482.3611,12,0,1,234.3488,800000.0,7,5,6,1.6172,0,0
1,4,0.2,0.9339,0,0,385.7576,7,0,1,79.9356,52260.6576,4,1,12,0.4797,0,0
0,0,0.0,0.4234,0,0,13.8014,5,1,0,234.3004,4906.5387,258,71,14,0.0,0,1
1,2,0.25173935361376465,0.9430913140959715,0,0,600.2770358817028,3,0,1,-105.12953423094136,-50492.91337126608,6,4,10,1.0300323814631174,0,0
13,2,0.8667,0.1662,0,1,11.3419,39,0,0,64.9146,16495.1776,7,9,6,1.9003,1,1
0,2,0.0,0.8699,0,0,1439.4667,12,0,1,19.2345,3119.9297,13,1,9,0.9433,0,0
0,3,0.0,0.9485,0,0,222.3879,6,2,0,206.0803,800000.0,15,4,0,1.307,0,0
3,1,0.75,0.6737,0,0,7.8625,4,1,0,262.2861,1662.3856,54,47,16,0.2911,1,1
1,3,0.4329754014732714,1.0,0,0,1704.8548796843559,12,2,0,70.34628897257856,112497.07566181068,7,4,4,0.08349514486340098,0,0
0,1,0.0,0.6596,0,0,2563.2492,7,1,1,105.6587,33105.5366,14,4,11,0.484,0,0
4,0,0.9234082328343888,0.2795056007330172,0,2,488.5299623102635,3,2,0,99.96244239586622,-85351.42632760062,5,9,3,0.9492957203153294,1,1
2,2,0.5,0.6016,0,0,11.6852,1,0,1,30.9889,2895.8853,67,17,11,0.4708,0,1
0,5,0.0,0.6774,0,0,1799.7882,3,2,1,322.0938,104846.1731,8,8,15,0.5193,0,0
2,1,0.6667,0.4025,0,1,54.3658,9,2,1,56.613,3846.3165,9,6,4,1.6859,1,1
0,5,0.0,0.7936,0,0,791.493,8,2,1,470.7728,800000.0,12,3,3,1.6073,0,0
0,4,0.0,0.7555139346728799,0,0,514.600049022036,2,0,1,-14.101033729663234,-17400.597078640694,15,0,14,1.9188723832991692,0,0
1,4,0.2,0.7472,0,0,2811.0944,7,2,1,60.9814,82890.4693,5,8,18,0.8228,0,0
0,3,0.0,0.7613393359321656,0,0,448.7336568539018,12,0,1,-42.3504723491982,76196.3131855897,2,6,6,1.0668189241877086,0,0
0,2,0.0,0.4596,0,0,2007.6229,6,1,1,25.8547,800000.0,16,2,12,1.6177,0,0
1,1,0.5,0.7947,0,0,3031.0825,11,2,1,581.993,64090.0567,5,5,15,0.9702,0,0
0,5,0.0,0.7911,0,0,1212.6454,8,1,0,1200.0,92155.2161,6,4,8,1.0041,0,0
1,4,0.21044327141126049,0.7470512757188306,0,0,2899.103791989226,6,2,1,122.2772979032021,178995.54875142057,12,5,2,0.4185013071112852,0,0
0,2,0.0,0.6532177594101092,0,0,631.043449533774,4,2,1,190.0207649446042,26262.783402490855,6,0,8,1.6019596966720564,0,0
3,1,0.8897123314092057,0.0670813584619604,0,0,713.5662098274618,25,6,0,226.1231651880471,35745.26496098653,6,9,8,2.2740656355260613,0,1
2,5,0.2857,0.889,0,0,1360.6084,12,1,1,50.32,35834.0962,16,7,5,0.7517,0,0
0,5,0.0,0.9178,0,0,1333.6007,6,2,1,149.4476,7652.083,1,1,14,0.4399,0,0
0,5,0.0,0.6594,0,0,2991.9061,6,0,1,124.1137,6906.505,3,5,15,1.0529,0,0
0,1,0.0006646361729077822,0.7778541118827668,0,0,2429.1615623631583,11,1,1,99.32400671392341,-22666.867223460576,5,5,3,1.0601798768148756,0,0
0,5,0.0,0.9863,0,0,2140.1537,11,0,1,150.0531,154039.577,8,0,12,1.6892,0,0
4,0,0.965974145774223,0.29880886280982766,1,5,-70.96913377287285,3,0,0,102.93372664400465,49641.317805061386,4,2,3,0.9695606495305266,0,1
0,2,0.0,0.5866,0,0,1961.9751,10,1,0,61.7704,800000.0,16,3,17,1.3189,0,1
1,2,0.3333,0.8528,0,0,2154.3318,2,0,0,199.9253,56413.6672,11,5,1,0.02,0,0
0,2,0.0,0.4628,0,0,12.4775,4,2,0,284.7996,3346.8844,212,13,9,0.9099,0,1
0,5,0.0,0.7628,0,0,1950.1162,3,2,1,39.9877,165200.6424,14,7,3,0.5688,0,0
2,4,0.3333,0.8983,0,0,753.1414,8,2,1,205.2573,1756.6856,7,2,3,1.4191,1,0
6,0,1.0,0.523,1,2,7.1783,30,6,0,49.8469,7747.6356,9,11,7,0.8391,0,1
1,4,0.2,0.6261,0,0,1307.2797,2,2,1,100.3046,44711.5416,11,3,19,1.2309,0,0
1,3,0.25,0.9352,0,0,2691.5224,9,1,1,122.5878,550.115,1,5,9,0.9169,0,0
8,2,0.710234739729071,0.29527112800977934,1,1,560.5227689891475,14,1,0,21.389286108669225,35865.321768185306,4,10,10,2.6326939739272244,0,1
1,4,0.16589631267085422,0.5930032454123636,0,0,1734.9358606365377,11,0,1,180.32308466150832,-48726.61806610155,7,2,14,1.8215900312935027,0,0
0,4,0.0,0.8774,0,0,2753.8094,11,1,1,12.3165,12363.3957,3,7,10,0.4806,0,0
0,2,0.0,0.7038,0,0,3010.0093,2,0,1,7.7295,58334.0209,10,2,9,0.9457,0,0
0,1,0.0,0.5718,0,0,573.2305,12,2,0,32.9915,800000.0,5,0,2,0.5621,0,0
0,1,0.0,0.8722,0,0,3563.0682,6,0,1,66.383,7960.7304,9,5,7,1.0246,0,0
3,0,1.0,0.232,1,0,584.0882,6,0,1,23.3252,2654.6251,12,2,4,1.0479,1,1
3,1,0.75,0.8942,0,0,2583.1604,10,0,0,64.0096,21144.3029,13,0,14,1.5649,0,0
1,4,0.2,0.5985,0,0,1921.6518,12,0,1,2.5941,35721.0128,16,3,4,1.5395,0,0
3,1,0.75,0.8326,0,0,2968.8449,9,2,1,52.1619,5082.8915,13,5,5,0.4572,0,0
3,0,1.0,0.2067,0,1,32.8725,7,2,0,9.7005,2751.1381,13,9,3,1.2244,1,1
2,4,0.49509688576580313,0.786100851307904,0,0,3129.7464069604725,4,2,0,-6.953700559260888,-39021.673264050216,10,3,3,1.8198326350247305,0,0
0,4,0.12149939757341284,0.6295711603018808,0,0,2239.704606839249,8,1,0,105.14295858171333,51309.00900492139,13,2,10,0.5979954809143317,0,0
6,0,1.0,0.1538,0,2,8.7237,46,4,0,54.4292,2117.7373,6,7,14,0.8289,0,1
0,5,0.0,0.7857,0,0,3062.5345,5,0,1,59.1576,71586.7024,13,7,3,0.8707,0,0
0,3,0.0,0.9694,0,0,893.8395,12,1,1,1200.0,5277.2232,14,5,19,0.9408,0,0
1,1,0.5,0.9263,0,0,2859.6923,4,1,1,105.7859,6122.8271,7,7,14,0.7267,0,0
2,3,0.439678423562248,0.8037812804917811,0,0,2886.5113426082003,3,0,1,364.9547402945027,773355.4564119349,6,0,13,0.3346440190127622,0,0
1,2,0.3333,0.977,0,0,2093.1055,5,1,1,77.417,1929.2336,10,7,10,0.8964,0,0
0,2,0.0,0.498,0,0,1351.3533,11,1,1,47.5063,5503.1835,3,6,9,1.9721,0,0
7,1,0.875,0.2009,1,9,37.9087,6,0,0,22.0126,2371.0374,4,5,2,1.3322,1,1
0,4,0.0,0.7919,0,0,3239.12,11,0,1,24.0744,314920.1387,4,5,6,0.8288,0,0
1,2,0.3487117092017746,0.5161343652147716,0,0,909.0142638725446,9,0,0,442.8674339057527,218476.24940441822,8,3,0,1.5264207849446743,0,0
2,5,0.2857,0.8333,0,0,1494.7332,4,1,1,198.3194,2520.8045,2,5,3,0.7865,0,0
0,2,0.0,0.791,0,0,2859.3445,3,1,0,132.951,33265.6846,7,8,3,2.1568,0,1
4,1,0.8,0.1195,0,1,18.1333,3,2,1,47.7909,2619.1091,6,1,3,1.5578,1,1
0,0,0.0,0.28772802456272895,0,0,-277.80667791487025,8,3,1,131.51400915692233,-34126.58129138422,174,73,22,0.13466763326219705,1,1
2,1,0.6667,0.677,0,0,3093.8366,12,0,1,3.2338,23439.9995,6,8,9,0.2041,0,0
1,3,0.11443296445485263,0.6136592833885766,0,0,1804.5482364896168,9,1,1,100.40559527609447,-73478.39086852098,5,5,14,1.2746893283933352,0,0
0,3,0.0,0.7549,0,0,1223.9278,3,0,1,93.0329,5374.4752,15,2,8,1.1106,0,0
1,5,0.1667,0.8536,0,0,1340.8402,11,1,0,50.7549,80270.6908,12,1,0,1.2702,0,0
0,4,0.0,0.5854985596896113,0,0,347.5369996868745,6,2,1,178.3705506140512,-65734.13894454218,12,5,12,2.0947548453036307,0,0
1,1,0.5,0.4428,0,0,347.0726,7,1,0,52.2469,4615.2939,6,3,1,1.5992,1,1
1,4,0.2,0.98,0,0,71.0204,3,1,1,323.6661,800000.0,11,2,18,0.4257,0,0
1,3,0.25,0.457,0,0,1433.9007,4,2,1,677.6547,23993.3271,9,2,7,1.8445,0,0
2,4,0.3333,0.6887,0,0,124.1592,12,2,1,64.0351,76243.9188,12,1,0,1.3285,1,0
5,1,0.6417470033135515,0.43858098643287746,1,2,-33.01910213285674,35,4,0,58.24182650187768,-64539.174763367104,14,1,7,0.49307757946547454,0,1
1,3,0.25,0.8963,0,0,2654.55,4,0,1,69.0776,3881.8092,10,8,19,0.6364,0,0
0,4,0.0,0.8907,0,0,2783.031,9,1,0,19.0969,10187.7369,11,4,15,1.4983,0,0
0,1,0.0,0.9293,0,0,684.7212,12,2,0,230.3883,17023.1387,13,5,17,0.7027,0,0
2,4,0.3333,0.7259,0,0,1266.8185,1,1,0,179.4535,12307.808,5,3,6,1.5465,0,0
1,5,0.2794368451286248,0.5460977188190853,0,0,2986.909352232059,1,0,0,34.52719603409564,-13303.877765605848,10,7,14,1.1453916626295377,0,0
1,4,0.2,0.8897,0,0,316.7358,9,2,1,12.4435,23556.6246,17,4,9,0.4299,0,0
3,2,0.6,0.5895,0,0,4.6136,8,3,0,40.4203,1889.7648,130,84,28,0.2079,0,1
0,5,0.0,0.9847,0,0,116.0136,12,1,1,113.849,6055.249,7,3,10,0.3934,0,0
1,1,0.5,0.6573,0,0,2500.966,5,2,0,108.4018,1782.6093,5,2,0,0.2697,0,0
0,2,0.0,0.8691,0,0,1601.7365,6,1,1,44.9243,3685.2867,15,3,6,1.2954,0,0
0,2,0.0,0.7799,0,0,202.6148,5,1,1,8.5504,23460.3589,4,7,18,0.9346,0,0
0,3,0.0,0.612,0,0,2929.0372,11,2,1,258.7365,3699.6929,10,0,0,0.6992,0,0
1,2,0.3333,0.6075,1,2,2090.6296,6,1,1,226.0191,42930.6344,15,8,8,1.5233,0,0
1,4,0.2,0.4867,0,0,3319.4944,11,2,0,37.9739,26753.1327,16,3,8,0.6286,0,0
2,4,0.3333,0.7481,0,0,1960.0496,9,0,1,1200.0,1183.3437,4,7,11,1.2859,1,0
1,5,0.1667,0.8907,0,0,1178.5963,10,1,0,250.201,1962.15,9,8,7,0.7956,0,0
1,4,0.2,0.9047,0,0,3357.6553,6,0,1,26.0639,41769.8167,16,2,3,0.7203,1,0
6,1,0.8571,0.2102,1,3,41.0089,10,1,0,25.4786,5017.7936,5,2,1,1.1679,1,1
1,2,0.3333,0.9012,0,0,789.8388,8,0,0,79.0185,6362.4849,2,1,3,1.2971,0,0
2,4,0.3333,0.779,0,0,81.6436,3,2,0,522.1392,5412.127,8,8,1,0.2285,0,0
0,4,0.0,0.7462,0,0,524.3646,7,0,0,9.7735,3258.5436,13,2,12,1.0101,1,0
2,0,1.0,0.5029,0,2,339.9655,8,0,1,53.876,4447.08,17,7,4,0.5255,1,1
2,5,0.2857,0.7173,0,0,1370.6168,5,2,1,90.3284,104071.0092,9,0,14,0.6779,1,0
1,5,0.1667,0.7384,0,0,3097.9499,3,2,1,144.8912,1605.6423,17,0,17,0.5566,0,0
4,0,1.0,0.1311,1,1,5.9394,10,0,0,36.3544,6648.063,1,7,6,1.8076,1,1
0,3,0.0,0.8766,0,0,2475.2368,8,0,1,387.6054,62585.2313,5,8,4,1.1044,0,0
1,1,0.5,0.4853,0,0,77.8099,7,2,1,1200.0,188651.5913,11,8,6,0.6941,0,0
1,2,0.3333,0.4712,0,0,2924.9502,9,1,1,187.8934,9717.6231,14,0,4,1.17,0,1
0,1,0.0,0.6183969061006743,0,0,2458.5263734879168,9,2,1,318.6134856728582,-16999.78427094707,12,7,15,1.6409575505774439,0,0
5,1,0.8333,0.4859,0,2,54.4502,6,1,0,30.4602,4346.5281,11,0,5,1.2044,1,1
1,1,0.5,0.843,0,0,2845.2882,3,2,1,592.6015,800000.0,8,2,11,1.045,0,0
0,1,0.0,0.7925,0,0,2981.3536,1,0,0,103.6897,9831.4609,9,4,7,1.3341,0,0
2,1,0.6667,0.5347,0,0,1796.7622,6,0,1,421.4299,3352.6964,16,2,1,0.9431,0,0
0,5,0.0,0.7058,0,0,685.4177,1,0,1,429.3769,53471.9802,4,6,8,1.2289,0,0
0,4,0.0,0.7787,1,1,40.5409,2,1,0,461.2451,4326.706,15,4,10,0.5914,0,0
1,4,0.2,0.6172,0,0,1922.9708,5,2,1,15.1146,1953.2927,14,1,6,1.1938,0,0
4,1,0.8,0.3178,1,0,8.0824,54,7,0,30.1605,2606.945,7,1,12,1.5094,0,1
1,1,0.5,0.9486,0,0,508.542,6,0,1,77.291,10018.1907,16,4,5,0.6477,1,0
0,3,0.0,0.793,0,0,234.2504,11,2,1,2.9306,611.1923,8,6,16,1.2928,0,0
1,1,0.5,0.7763,0,0,2374.2654,4,1,0,123.7614,45415.055,5,4,5,0.02,0,0
0,3,0.0,0.7446,0,0,2871.9076,8,2,1,291.7161,15291.1101,15,7,13,1.118,1,0
1,2,0.3333,0.7209,0,0,2738.9979,2,1,0,1120.0722,20526.2082,7,2,16,1.6459,0,0
1,1,0.46927340491615777,0.2056024307650017,1,6,156.47536970798038,11,1,0,57.25552319692484,-21059.527192534926,2,4,3,0.47980276834491653,1,1
0,5,0.0,0.6397,0,0,3063.4153,7,1,0,216.873,34038.5088,5,1,8,0.6711,1,0
3,2,0.6,0.2455,1,1,9.0198,32,2,0,96.7358,4030.9646,3,2,4,2.5155,1,1
0,4,0.12730017914315478,0.5076707940597213,0,0,3496.472217584384,11,1,1,308.63834735908955,-118894.1258177661,12,5,19,1.1643808433325191,0,0
2,4,0.3333,0.7302,0,0,1779.805,11,2,1,171.4174,11195.8196,4,3,5,1.7855,0,0
0,1,0.0,0.5442,0,0,165.7984,2,2,1,795.0028,209892.5137,2,7,16,0.5394,0,0
1,4,0.2,0.9437,0,0,132.7246,11,1,0,8.9793,398.3088,7,7,2,0.3572,1,0
1,4,0.2,0.8812,0,0,49.8405,11,0,1,16.82,121332.4783,6,5,16,1.3132,0,0
1,5,0.1238156738946444,0.5098760135980172,0,0,3147.4533609507575,2,0,1,339.3457504958875,67861.82788777097,16,1,14,0.5581532823756002,0,0
0,3,0.0,0.48967439715685557,0,0,2165.3481294639278,2,2,1,42.12377815087072,81917.39505435458,5,0,18,0.7312900965097238,0,0
0,4,0.0,0.5393,0,0,132.0055,2,2,1,43.1804,40966.8513,10,4,19,0.9267,0,0
0,3,0.0,0.899,0,0,380.7161,2,0,0,68.6447,5516.7604,7,5,0,1.5566,0,0
1,3,0.25,0.9338,0,0,3182.4665,4,0,1,151.7408,16536.8704,3,4,4,1.0862,1,0
5,0,1.0,0.0224,1,5,49.0503,4,0,0,22.8989,5727.9486,7,2,3,1.1659,0,1
0,3,0.0,0.6640539449845173,0,0,3565.9262254604487,2,1,0,196.36658132748968,-30979.476369137145,9,0,6,1.190399366873959,1,0
2,1,0.6667,0.5941,0,0,91.5894,1,0,0,1024.9574,43520.7562,4,4,10,2.4829,0,0
1,4,0.2,0.9855,0,0,3250.7783,4,1,1,22.5468,517415.6659,9,5,13,1.7289,1,0
5,1,0.8333,0.0876,1,5,52.6826,10,0,0,13.9108,5033.7823,1,1,1,0.5209,1,1
0,3,0.0,0.5424,0,0,3214.0515,1,0,1,130.1174,9100.8993,1,8,10,0.805,0,0
0,1,0.0,0.7832,0,0,2438.9381,8,0,1,28.1434,355318.7992,11,1,14,2.0466,0,0
1,3,0.25,0.5497,0,0,1971.1797,11,0,1,130.7393,141834.276,17,5,8,0.8418,0,0
7,0,1.0,0.2347,1,3,52.2264,9,1,0,20.5255,1437.2683,1,1,0,0.9673,0,0
0,4,0.0,0.4619,0,0,3360.3479,2,2,0,58.9644,415474.578,15,7,17,1.194,0,0
23,1,0.9583,0.0624,0,0,6.3438,37,1,0,24.8679,15427.1427,3,12,8,1.2967,1,1
4,0,0.9665869337447619,0.3997211776605104,1,0,681.795349942948,6,1,1,130.76429148749023,-35166.29271943759,4,7,4,1.1921182586513002,1,1
4,1,0.8,0.5303,0,3,4.0482,59,8,0,85.3974,13480.8073,7,4,10,1.9498,0,1
0,5,0.0,0.9392,0,0,2545.2735,11,0,1,28.0553,29703.7167,14,0,16,0.02,1,0
1,4,0.2348239822843743,0.6204902369510484,0,0,1301.9251886339728,5,1,1,-144.08983577933532,337162.7195633144,3,8,4,1.5716305329967049,1,0
0,4,0.0,0.5999,0,0,760.2625,5,2,1,77.96,478734.5515,16,4,0,1.5915,1,0
1,4,0.2,0.5684,0,0,3289.7472,2,1,1,21.0409,7902.4182,14,5,15,0.5066,0,0
0,2,0.0,0.7323,0,0,1534.6079,10,1,1,47.4171,1385.285,9,5,17,0.732,0,0
1,5,0.1667,0.6544,0,0,2895.8406,6,2,1,69.6671,582909.5948,3,6,5,0.1781,0,0
0,2,0.0,0.5066,0,0,3230.6919,11,2,0,35.4504,48374.7896,5,6,7,1.8362,0,0
5,1,0.8333,0.5319,0,1,3.2955,44,8,0,76.2087,3699.7221,12,5,7,0.6229,1,1
2,2,0.5,0.7583,0,0,2462.0968,4,1,1,271.8967,17312.7846,1,0,6,0.8895,0,0
0,1,0.0,0.712,0,0,1144.0657,8,1,0,13.6991,46047.51,1,7,4,0.9337,1,0
0,4,0.0,0.6955,0,0,2692.0542,8,2,1,1063.9763,15123.1975,2,6,16,0.4912,0,0
1,5,0.1667,0.876,0,0,98.3358,11,0,1,54.4034,73758.3651,16,5,3,0.6216,1,0
11,0,1.0,0.4302,0,1,8.6271,31,6,0,95.6189,11786.8149,2,9,11,1.5032,0,1
0,2,0.0,0.5772,0,0,728.7852,1,0,1,31.6053,163917.6719,5,5,16,0.4125,0,0
0,2,0.0,0.8734,0,0,2149.5981,11,2,1,25.5454,800000.0,1,7,11,1.5134,0,0
1,3,0.25,0.9818,0,0,1898.3261,4,0,1,62.9046,12925.8202,5,6,18,1.484,1,0
6,1,0.8571,0.1195,1,4,24.7635,7,1,0,3.6737,2496.8506,4,4,3,0.8908,0,1
0,2,0.0,0.7723,0,0,468.9292,12,0,1,155.5813,20730.6314,16,4,5,0.5287,0,0
1,4,0.2,0.719,0,0,2326.008,6,2,1,112.7868,800000.0,9,8,19,0.9376,0,0
1,5,0.1667,0.7243,0,0,1604.5636,9,2,0,113.7274,16934.4144,8,6,18,1.7613,0,0
0,0,0.0,0.6826,0,0,2.201,4,0,1,237.4648,3406.6588,26,15,16,0.2571,0,1
3,1,0.75,0.0623,1,6,19.8763,9,0,0,1.3673,2506.4594,4,2,0,0.29,0,1
3,1,0.75,0.2714,1,3,0.5195,57,7,0,81.7703,10880.5467,7,9,10,1.9323,0,1
2,0,1.0,0.7003,0,0,8.1063,2,0,0,251.2121,743.4331,85,15,29,0.6855,1,1
1,1,0.5,0.7531,0,0,1323.7845,1,1,1,55.7277,25051.7041,11,4,14,1.0247,0,0
0,3,0.0,0.7735,0,0,1994.9117,9,2,1,1200.0,59160.6855,15,3,14,0.9319,1,0
2,2,0.5,0.9385,0,0,594.6584,10,0,1,267.4448,1459.1402,17,0,9,0.3264,0,0
0,2,0.0,0.7247,0,0,823.3792,11,2,1,156.4467,9757.158,3,1,5,0.608,0,0
2,2,0.5309444019771462,0.5708192093743858,0,0,3339.8829234573245,5,0,0,11.497102700868783,789752.3610457091,4,0,11,2.002862585765058,0,0
0,4,0.0,0.9784,0,0,2700.2703,9,2,1,35.0251,64500.2919,3,8,8,0.7091,0,0
0,1,0.0,0.8007,0,0,1454.0517,11,0,0,1157.0306,31225.8184,13,3,11,1.1989,0,1
1,0,1.0,0.5537020091179661,1,9,172.58927322299488,6,0,0,-29.493687168532755,-32899.71251972911,2,1,1,1.0930175263687925,1,1
3,2,0.6,0.5653,0,0,2.9026,6,1,0,215.635,1451.0242,118,63,25,0.5321,0,1
0,3,0.0,0.8933,0,0,1523.1503,3,1,1,195.149,55753.2711,13,1,12,1.4043,0,0
0,1,0.0,0.7052,0,0,2832.0228,1,0,0,247.9238,116636.0949,1,1,11,1.1637,0,0
0,1,0.019162507905438206,0.49092841937994075,0,0,531.8031433091553,9,1,0,1341.5901938954014,99169.03105392936,3,7,11,0.34340566181367244,0,0
0,3,0.0,0.9893,0,0,954.0188,5,1,0,2.3178,39799.9574,8,2,18,0.9775,0,0
0,3,0.04593237407684309,0.47273096766386924,0,0,1272.5594683592221,9,2,0,1246.7893863592546,-571.0095097838512,7,5,15,0.965522637497427,1,0
4,1,0.8,0.1497,0,1,296.0117,3,1,0,47.8876,1080.0777,19,7,5,0.5254,1,1
0,5,0.0,0.6236,0,0,3117.9516,6,1,1,33.6794,168779.6829,9,5,13,0.0861,0,0
0,4,0.0,0.8384,0,0,1106.7261,8,0,1,30.7715,22837.9787,10,3,13,1.0775,0,0
1,5,0.1667,0.4513,0,0,3168.665,2,0,1,82.2046,267922.8835,17,2,6,2.0152,0,0
1,5,0.1667,0.534,0,0,3504.537,3,2,1,3.0672,24477.7287,10,0,2,0.453,1,0
1,1,0.5,0.8853,0,0,555.5078,4,1,0,224.6059,51835.901,10,1,3,1.8419,0,0
9,1,0.9,0.139,1,1,0.7742,26,6,0,36.8946,7542.9399,7,7,10,1.6914,1,1
0,3,0.0,0.5797,0,0,1005.9493,6,2,1,7.0835,63039.1313,13,0,8,0.7246,0,0
2,5,0.2857,0.6407,0,0,430.5172,2,1,1,548.8535,94916.9998,16,6,15,1.2396,0,0
1,3,0.25,0.8478,0,0,3469.7002,10,2,1,9.2377,3165.6414,1,4,0,0.02,0,0
1,2,0.3333,0.6095,0,0,553.2704,3,2,1,1200.0,1458.7551,14,5,0,1.1139,0,0
2,1,0.6537659010184785,0.9157650208177186,0,0,1924.1656375279465,2,1,1,135.05545367936895,9068.344689003818,8,0,8,0.2032898406069095,0,0
1,5,0.1667,0.7208,0,0,3481.7217,12,1,1,61.0579,571.3379,3,6,11,0.8497,0,0
0,5,0.0,0.8372,0,0,199.9511,8,1,1,1200.0,3237.3695,9,4,9,0.5752,0,0
0,5,0.0,0.6762,0,0,847.1169,10,2,1,864.8566,100.0,2,8,14,0.7346,0,1
13,1,0.9286,0.0592,0,0,12.281,24,0,0,44.9146,4406.9938,1,4,9,1.283,1,1
0,3,0.0,0.6813,0,0,700.6277,4,0,1,299.8394,193014.6969,2,7,3,0.0394,0,0
0,2,0.0,0.6292,0,0,118.1274,12,0,1,647.4106,1961.6076,8,7,13,1.6916,1,0
0,4,0.0,0.9017,0,0,2768.2295,6,2,1,59.4251,6500.9069,13,5,10,1.0434,0,0
1,4,0.2,0.6353,0,0,2267.0329,9,1,1,282.0508,3736.4926,16,0,18,0.6755,1,0
1,2,0.3333,0.7796,0,0,2697.4063,4,0,1,25.9814,235631.2342,1,5,5,0.2922,0,0
0,1,0.0,0.8196,0,0,3588.1545,2,0,1,118.5178,14459.7586,12,2,6,1.5087,0,0
0,2,0.0,0.7464,0,0,7.8047,2,1,0,112.0452,4852.5575,257,45,26,0.6951,1,1
3,1,0.75,0.2016,1,0,504.1484,8,1,0,14.5807,6743.0834,10,2,5,0.677,1,1
1,5,0.1667,0.5379,0,0,3558.2753,8,1,1,473.6409,777.052,5,7,18,1.1185,0,0
1,5,0.1667,0.4874,0,0,1537.7138,1,2,0,86.8426,7028.4717,4,6,4,1.0078,0,0
4,0,1.0,0.1605,0,0,138.3793,4,0,0,35.301,6230.5362,17,0,2,1.2851,1,1
0,5,0.0,0.5489,0,0,1772.062,3,0,0,28.2672,79634.1388,2,8,18,0.265,0,0
1,5,0.18055736257890237,0.8092756809688122,0,0,3993.460970536154,1,2,0,21.556082512152543,-59.54927419579366,7,0,9,1.00497909771165,0,0
1,4,0.2,0.5287,0,0,264.2461,10,1,1,2.8078,12579.4099,13,2,7,0.2655,0,0
3,4,0.489228477811503,0.8181550156206493,0,0,333.3809121574875,10,2,1,533.8273553373164,5400.617102790644,13,6,15,1.2203960290178746,1,0
2,0,1.0,0.7049,0,0,8.6106,7,2,0,65.2008,3974.5561,284,35,22,0.0424,0,1
11,0,0.8645019884419313,0.3507030992155132,0,0,-514.2713201539513,28,8,0,42.888699425561285,-55771.50886657131,14,5,12,1.1518667003836458,0,1
7,0,1.0,0.1372,1,3,5.2943,55,5,0,54.5892,3749.7344,12,7,4,0.7419,1,1
0,2,0.0,0.8,0,0,3254.2485,5,2,1,84.7929,1373.5386,11,8,16,0.6114,0,0
0,1,0.0,0.8449,0,0,3121.2145,2,1,1,123.7252,39072.7361,16,2,18,0.5583,0,0
3,2,0.6,0.8685,0,0,0.2517,4,1,1,276.477,1338.3146,114,9,24,0.7677,1,0
1,3,0.25,0.5743,0,0,1937.4481,5,1,0,42.2029,800000.0,9,2,8,1.0027,0,0
0,1,0.0,0.5867,0,0,2957.6879,10,2,1,167.127,54532.9363,6,5,4,0.9613,0,0
1,1,0.5,0.7207,0,0,709.5544,7,1,0,13.1524,16269.7531,12,4,16,0.3298,1,0
3,1,0.75,0.0666,0,1,9.9694,33,0,0,137.4493,15023.1569,6,3,10,1.5532,0,1
4,0,1.0,0.0,1,4,279.0629967012095,11,0,0,108.47411098922426,12302.620212093425,4,4,2,1.066992210399854,0,1
1,5,0.1667,0.6792,0,0,3476.9511,4,2,1,18.1017,800000.0,10,8,2,1.4798,0,0
7,0,1.0,0.4574,0,0,3.0695,19,7,0,28.0935,3015.1247,5,3,13,0.5523,0,1
2,1,0.6667,0.722,0,0,1433.1455,10,0,1,132.5315,2625.6431,15,2,2,0.9167,0,0
0,2,0.0,0.635,0,0,1453.0005,10,1,0,89.7837,33775.2611,10,4,1,1.0201,0,0
1,5,0.1667,0.4581,0,0,3585.5019,11,2,1,163.7235,317033.8289,6,1,8,1.045,0,0
3,0,1.0,0.6774,0,0,4.5877,7,2,0,181.1525,4791.845,77,74,17,0.0,1,1
1,2,0.3333,0.9636,1,1,1500.7699,1,1,0,535.7927,8317.8795,17,1,19,0.6873,1,0
6,1,0.8571,0.0759,1,3,7.4046,25,6,0,69.8083,2537.9533,12,11,4,0.3711,0,1
6,1,0.8571,0.2065,1,7,20.8551,8,1,0,2.745,2678.8329,7,3,2,0.8695,0,1
0,4,0.03585879874350809,0.5320003599382936,0,0,1059.2921188240553,5,0,1,82.10845838355138,12400.13268715399,4,1,11,1.3132815032965532,0,0
1,1,0.6625453660430715,0.829195671770143,0,0,14.589408999376019,12,0,1,-18.819452799165674,-3561.3059395263626,13,6,18,0.3304936667957068,0,0
4,0,1.0,0.4646,0,0,278.0881,2,1,0,48.0026,2650.8587,1,4,3,1.461,1,1
2,2,0.5,0.6778,0,0,931.1838,3,1,1,59.9874,8958.8816,10,1,0,1.6375,0,0
4,0,1.0,0.3263,0,0,154.1316,2,1,0,43.4199,5756.8774,19,0,1,1.5838,1,1
0,5,0.0,0.9348,0,0,214.4081,1,1,0,48.5903,10460.8597,17,5,12,1.2948,0,0
0,5,0.0,0.5698,0,0,292.2465,1,0,0,1.0,776521.0493,4,6,2,0.4438,0,0
0,1,0.0,0.489,0,0,1134.8599,10,1,1,133.1207,66563.4927,7,6,12,1.5674,1,0
6,1,0.8571,0.0874,0,0,9.7876,20,8,0,69.2192,3690.2291,12,5,13,1.1357,0,1
0,1,0.0,0.9237,0,0,2386.6427,2,0,1,5.3847,13315.4448,5,8,8,0.8672,0,0
1,5,0.1667,0.4691,0,0,1109.429,11,0,1,80.2729,5761.3806,5,0,4,1.2929,0,0
1,3,0.25,0.9364,0,0,1865.8182,7,0,1,127.6961,7536.9593,12,8,13,1.0229,0,0
5,1,0.8333,0.5142,0,1,3.5504,23,7,0,52.4198,10816.7423,13,7,14,1.5754,0,1
1,1,0.44073852755141596,0.493211257315793,0,0,1945.9330772342814,12,1,1,-81.7000257750173,15453.717246838067,6,3,1,0.5340359256732679,0,0
1,4,0.2,0.9302,0,0,1231.0631,2,2,1,620.0751,632.7131,2,5,6,0.7791,0,0
4,1,0.8,0.4167,1,7,58.9837,11,1,0,14.7797,2514.4798,7,4,0,1.1749,0,1
0,2,0.03384413138353037,0.8615406914228576,0,0,1470.3662209491793,4,1,0,89.9259371490118,69055.60100709795,5,0,9,0.8123019092119279,0,0
0,4,0.0,0.5268,0,0,2498.9054,5,0,1,268.5632,1034.9274,15,2,16,0.7797,0,0
0,4,0.1151378479987121,0.5740282969561473,0,0,2065.0869444743503,7,0,1,1042.4337649161366,10971.738420539434,6,4,15,0.7351119813415689,1,0
5,0,1.0,0.5582,0,0,6.9324,21,3,0,64.7187,2059.5535,14,3,9,0.9233,1,1
0,4,0.0,0.9755,0,0,1566.3111,7,0,1,64.9056,75739.1347,2,2,9,0.9862,1,0
5,1,0.8333,0.1459,1,3,0.8119,45,7,0,87.561,11031.5902,10,2,7,1.3221,0,1
0,2,0.0,0.4752090555062013,0,0,1041.2446783616679,3,2,0,41.876278055753104,16811.82593499125,10,6,11,1.6468888926537981,0,0
2,4,0.3333,0.975,0,0,1294.3246,8,2,1,30.7105,12060.0911,11,2,2,0.956,0,0
10,0,1.0,0.1976,1,1,4.5356,21,2,0,90.7175,16292.3431,2,12,2,1.9005,1,1
0,2,0.0,0.8688,1,2,1287.9371,11,0,1,76.4261,8924.1584,12,1,9,1.9904,0,0
2,1,0.6667,0.6307,0,0,2748.072,5,1,0,18.5501,25616.5773,13,0,18,0.851,0,0
0,2,0.0,0.7908,0,0,1366.6481,1,2,1,84.6034,27582.7069,1,4,12,0.7415,0,0
0,4,0.0,0.5453,0,0,2525.432,10,2,1,582.3953,8557.881,17,2,18,0.8275,1,0
0,4,0.0,0.6012,0,0,2018.9253,1,0,1,72.9752,840.6744,14,7,3,1.3961,1,0
10,1,0.9091,0.5511,1,1,8.4905,56,2,0,26.0021,7583.7767,5,10,6,1.5033,0,1
0,3,0.0,0.76,0,0,2244.6911,10,1,0,27.7606,6588.496,11,4,19,0.8642,0,0
3,1,0.75,0.73,0,0,3120.9953,7,1,1,228.8074,4300.4456,4,3,19,1.0438,0,0
1,2,0.3333,0.7951,0,0,2572.6556,12,0,1,17.2249,15120.5004,16,1,0,0.02,0,0
1,4,0.2,0.9457,0,0,2671.9665,4,0,0,28.0126,800000.0,6,7,14,0.9387,0,0
0,1,0.0,0.8077,0,0,3550.5754,8,0,0,44.2443,95886.6547,9,7,12,0.4719,1,0
1,2,0.3333,0.9211,0,0,2854.0192,11,1,1,207.7853,2967.8649,17,7,0,0.4276,0,0
0,5,0.0,0.9243,0,0,2839.3872,3,0,0,51.7967,1405.7638,6,0,16,1.1985,0,0
0,2,0.0,0.9338,0,0,2979.2131,1,0,0,1200.0,6462.4315,6,4,7,0.7522,0,0
1,1,0.5,0.2375,0,1,334.658,8,1,0,24.0331,5707.5239,4,8,4,0.61,1,1
4,1,0.8598568555939667,0.14760354010767107,0,2,11.354265906493112,17,8,0,-3.7965005309829802,16769.2260872238,7,9,4,1.073241771413922,1,1
0,2,0.11617836025197402,0.6613326966545374,0,0,3259.7288667484813,6,1,1,34.846638312043964,-72394.7025327885,3,3,6,0.32178996541575,0,0
0,5,0.0,0.738,0,0,1414.8202,9,2,1,186.0816,42218.6257,9,0,4,0.9949,1,0
7,1,0.875,0.4951,1,1,19.0937,15,2,0,43.7113,5339.334,6,5,2,1.611,0,1
0,2,0.0,0.566,0,0,8.8391,3,1,1,196.8558,2762.4465,30,67,25,1.039,0,1
0,2,0.0,0.4741,0,0,2138.9282,8,1,0,38.5738,6155.7024,16,5,11,1.3286,0,0
10,0,1.0,0.4336,1,1,4.7365,22,9,0,69.6512,12350.6858,6,8,4,0.7619,0,0
0,5,0.0,0.8003,0,0,1450.3362,4,2,1,39.8766,800000.0,10,4,0,0.6428,1,0
0,2,0.0,0.5346,0,0,1197.8773,7,0,1,89.1102,54324.8557,11,3,3,0.4969,0,0
3,1,0.75,0.827,0,0,9.1864,5,3,1,259.1605,505.9502,85,29,9,0.7926,1,1
2,0,1.0,0.4569,1,1,342.2658,4,0,0,50.5307,1145.77,7,7,4,0.5748,1,1
1,2,0.40491392854191777,0.8940533546377686,0,0,2295.91424975661,9,1,0,173.46632903703775,73737.40812903094,4,7,5,0.0797934117261644,0,1
7,0,1.0,0.173,1,0,3.092,40,8,0,35.3024,9698.5974,14,8,11,0.906,1,1
1,5,0.2539592898232564,0.5894722571846964,0,0,2625.3184049185343,4,2,1,33.33462404491076,20892.07835703254,12,6,0,0.8938021588540129,0,1
0,1,0.0,0.5206672212714293,0,0,1096.5969393404212,1,0,1,166.49537498231837,52909.518437814724,1,4,0,0.8487367777293717,0,0
2,1,0.6667,0.7874,0,0,890.2001,10,2,1,1200.0,2829.7564,6,5,5,0.5029,0,0
0,5,0.0,0.5895,0,0,939.2482,6,2,1,145.1766,21300.622,11,8,15,1.2314,1,0
0,4,0.0,0.5379,0,0,566.9955,7,2,1,245.3677,345328.0102,12,6,17,1.2306,0,0
0,1,0.0,0.8606,0,0,2729.2618,7,0,0,764.1656,17469.03,7,4,1,1.2171,0,0
1,5,0.1667,0.7705,0,0,1668.5607,8,0,1,51.3484,175209.677,12,8,3,1.0271,1,0
4,0,1.0,0.2195,1,7,58.6722,10,0,0,22.3954,4862.033,5,0,2,1.4981,0,1
1,3,0.25,0.8601,0,0,2014.6639,5,0,1,546.3067,6315.6022,15,1,10,1.1726,1,0
1,2,0.3333,0.6235,0,0,2057.9472,8,0,1,457.9484,18393.3798,4,8,5,0.4293,0,0
2,0,1.0,0.2829,0,1,352.4897,2,2,0,36.4385,5803.5607,18,6,0,1.4245,1,1
0,3,0.0,0.7564,0,0,2199.9417,6,1,0,286.7829,9450.1555,5,2,17,1.2229,0,0
1,2,0.4165705058673666,1.0,0,0,182.83069383910254,4,0,0,108.0920220735243,786313.7918650192,7,7,12,0.6710078178988084,0,0
8,0,1.0,0.397,0,2,4.8423,26,6,0,72.0515,12713.3269,12,5,6,1.8305,0,1
1,2,0.5795947087233231,0.408720521703427,0,0,2508.5528666844016,6,2,0,394.61249542711187,77972.5340516003,9,7,1,0.930040728686178,0,0
6,2,0.75,0.0042,0,1,5.1487,23,1,0,63.2777,17410.1963,5,10,8,1.705,0,1
0,1,0.0,0.9694,0,0,712.9197,2,1,1,43.2869,7590.3543,2,5,15,1.036,0,0
3,0,1.0,0.1985,0,0,50.9662,3,2,0,28.5603,4878.0902,19,5,5,0.7057,1,1
0,1,0.0,0.7752,0,0,1744.4283,10,1,1,67.0598,100.0,15,0,19,0.3734,0,0
0,4,0.0,0.6312,0,0,3477.1409,3,2,0,77.9299,56360.5631,12,1,19,1.8555,0,0
0,2,0.0,0.7148822246961605,0,0,1044.7002614806515,11,2,1,-19.775507035724736,194954.9588253638,3,3,19,0.459186287936082,1,0
0,2,0.0,0.6437,0,0,1276.3796,7,0,0,679.0818,53279.1939,5,6,2,1.3249,1,1
0,5,0.0,0.7781,0,0,849.6775,7,0,1,93.1757,800000.0,12,5,9,0.9199,0,0
0,1,0.0,0.7718,0,0,705.4091,2,1,1,89.2838,29717.8498,4,6,5,0.511,0,0
0,4,0.0,0.9699,0,0,2180.308,10,2,1,81.3288,1140.0967,2,7,10,0.3565,1,0
0,4,0.0,0.647,0,0,1777.3541,5,2,1,348.6069,8531.8939,8,4,11,0.5388,0,0
2,5,0.2857,0.7531,0,0,2795.9722,9,2,0,135.1958,116905.5768,12,4,2,0.6362,0,0
1,2,0.3333,0.8685,0,0,3083.2867,6,1,1,1200.0,14222.82,4,0,8,0.6958,0,0
0,3,0.0,0.6958,0,0,104.5897,10,1,1,122.3788,131526.7987,7,6,2,0.3214,1,0
1,4,0.2,0.7458,0,0,1090.9925,12,2,0,184.1227,800000.0,4,2,6,0.8633,0,0
1,5,0.1667,0.8165,0,0,362.372,1,1,1,90.092,1310.3558,4,5,17,2.0757,0,0
0,1,0.0,0.6193,0,0,2475.6014,11,1,1,461.2398,4434.0617,14,3,3,0.3546,0,0
0,3,0.0,0.9472,0,0,2161.4981,10,2,1,35.1704,800000.0,3,6,12,1.0147,1,0
0,0,0.0,0.3619,0,0,4.3164,9,2,1,144.6939,3824.675,185,44,7,0.6196,1,1
2,0,1.0,0.3517,1,4,49.3985,9,0,0,26.189,5305.7624,7,3,0,1.152,0,1
4,1,0.8,0.4223,0,3,0.7451,26,5,0,49.3358,14157.8547,2,6,12,1.4391,1,1
2,2,0.5,0.5409,0,0,3541.654,5,1,1,99.6114,782.4145,10,7,1,0.8164,0,0
0,1,0.0,0.606,0,0,1153.3905,8,1,1,207.4257,25150.7227,2,1,4,1.1005,0,0
0,5,0.0,0.5711,0,0,1073.2613,5,1,1,28.4335,3787.04,11,5,19,1.0551,1,0
1,4,0.2,0.9875,0,0,2794.1492,10,0,1,472.9735,2948.9855,17,7,1,0.9026,0,0
1,4,0.2,0.9354,0,0,1560.2543,10,2,1,207.9751,4257.7427,8,3,7,0.8753,1,0
1,4,0.1976626582809807,0.5747237264648684,0,0,445.68805339107485,12,0,1,189.18036085014558,62981.59785276856,15,6,7,0.6433583011700701,0,0
0,1,0.0,0.5936,0,0,1.454,5,0,1,135.2778,1476.2307,242,47,26,0.2059,0,1
0,4,0.0,0.4779,0,0,2517.052,3,0,1,478.0039,40376.5374,10,0,13,0.295,0,1
2,3,0.4,0.7133,0,0,3395.7192,2,0,1,397.1575,56245.6992,8,4,8,0.5955,1,0
0,4,0.0,0.7687,0,0,1845.1439,3,1,1,772.6068,67846.8748,3,2,4,1.3537,0,0
0,3,0.0,0.6805,0,0,1136.2009,6,0,1,72.5639,25200.3598,9,0,8,1.3891,0,0
4,0,0.8774738587302194,0.3935246470903658,0,0,294.6543256086766,7,1,1,33.449109732274835,-8361.732685151119,5,4,3,0.10886209177257036,1,1
0,5,0.0,0.95,0,0,366.199,3,0,1,1194.0347,443269.0028,6,4,2,0.9388,0,0
1,3,0.25,0.7008,0,0,1151.5897,7,2,1,240.3717,3961.7775,13,8,12,0.5541,0,0
5,0,1.0,0.1547,0,1,68.9546,3,1,0,59.8745,3795.1546,4,0,4,0.5068,1,1
3,1,0.75,0.8844,0,0,7.5919,8,1,1,147.1822,2454.2878,91,87,13,0.3804,1,1
2,1,0.6667,0.0802,1,5,47.1913,5,1,0,29.4177,1840.7899,3,5,3,1.1472,0,1
0,3,0.0309642997610261,0.7157022214463822,0,0,1619.5744850911906,6,2,1,141.3707920911964,1885.142838939577,6,0,1,1.016650260776807,0,0
3,0,1.0,0.4368,0,1,340.3505,3,1,0,33.7406,6889.8003,15,7,3,0.7376,1,1
1,4,0.19827681034921657,0.8019601366481176,0,0,2303.0787687357315,10,1,0,313.10714429310866,58117.608560656576,1,0,10,0.7938221422203215,0,0
0,4,0.0,0.9624,0,0,1647.2952,12,0,0,36.8041,1114.4595,9,5,15,0.6158,0,0
0,1,0.0,0.6371,0,0,1152.138,12,0,1,84.1761,108720.4686,13,5,11,1.0183,1,0
0,4,0.0,0.8718,0,0,3334.7527,8,2,0,12.4773,33017.8363,2,7,17,0.8184,0,0
0,3,0.0,0.8954,0,0,3165.8426,4,0,1,85.1866,289909.3521,11,1,16,1.4017,0,0
1,3,0.25,0.4768,0,0,1343.6753,6,1,1,4.2299,80671.411,12,6,19,0.9849,0,0
1,1,0.5,0.8537,0,0,2435.5807,7,2,1,56.2998,135022.2786,6,8,9,1.5306,1,0
5,0,1.0,0.2825,1,0,15.0929,19,1,0,104.6275,4802.6226,3,9,6,1.4424,1,0
7,1,0.875,0.0899,0,1,11.4369,28,1,0,118.9867,19192.4272,3,13,6,2.1964,0,1
1,2,0.3333,0.7071,0,0,46.2878,2,1,0,165.5067,48272.9257,16,0,2,1.2083,1,0
0,2,0.0,0.4826,0,0,1716.5615,7,0,0,7.2598,1518.2213,9,4,10,1.3026,0,0
1,1,0.5,0.9048,0,0,721.1364,12,2,1,849.1213,800000.0,6,0,2,1.5006,0,0
2,1,0.5893546442117383,0.23812161434080534,0,0,54.9167702957121,1,1,1,187.4167899204,52543.50832533817,183,20,17,0.0,1,1
11,2,0.8462,0.0498,1,1,4.2175,19,2,0,139.7524,18979.1518,3,3,8,1.0643,1,1
0,2,0.0,0.7363371402432709,0,0,2377.209001917724,8,1,1,586.206305263731,66830.96370190411,9,3,15,0.570757525464851,0,0
0,5,0.0,0.6391,0,0,3566.0335,3,2,1,50.1882,37070.3981,13,3,18,0.7281,0,0
1,3,0.25,0.9212,0,0,3433.8168,9,0,0,22.6098,1674.7126,6,2,19,0.4271,0,0
1,3,0.25,0.6752,0,0,3574.0084,9,2,1,143.0679,459605.2313,11,1,0,1.1824,1,0
0,5,0.0,0.5071,0,0,2168.9104,9,0,1,151.5929,222291.654,13,5,0,0.4723,0,0
0,5,0.0,0.8456,0,0,1779.2239,11,0,1,193.8547,16058.6689,15,4,14,0.528,0,0
0,4,0.0,0.794,0,0,2872.3905,9,1,1,272.4851,23593.5525,2,7,19,0.5551,1,0
6,1,0.8571,0.0028,0,0,2.8017,25,7,0,51.9038,9228.7797,9,11,6,1.2917,0,1
0,4,0.06604448796862777,0.5763138855148993,0,0,2140.5926904004355,2,1,1,-124.41538828504326,-3494.1531561709976,3,4,12,1.0191626569384313,1,0
0,1,0.04922535412461148,0.487680016458027,0,0,2556.9729996712213,9,0,0,190.33088910709452,-43802.56335176113,10,8,13,1.032964716901098,0,0
1,4,0.2,0.7308,0,0,1915.4499,5,2,1,5.8687,23356.6914,17,4,17,1.5496,0,0
0,4,0.0,0.864,0,0,884.3846,3,0,0,1200.0,1783.1513,15,6,0,1.1083,1,0
4,1,0.8,0.288,1,7,54.3976,3,1,0,9.2079,867.5632,5,3,2,1.3526,0,1
4,1,0.7198756246152789,0.23138989921720896,0,0,176.90224528277523,18,1,0,57.67740956461506,-68912.89624716737,2,2,2,1.7384410730959934,0,1
1,1,0.5,0.1158,0,1,21.2861,5,0,1,15.4545,7009.9957,1,5,3,0.3515,1,1
0,2,0.0,0.668,0,0,1794.6559,5,2,0,1200.0,3792.5967,16,8,19,1.7169,0,0
0,4,0.03010026738852971,0.6515208407367266,0,0,1437.720164017826,9,1,1,10.087314776144016,-6270.799605846416,10,7,17,1.2843094364694279,0,0
0,2,0.0,0.843,0,0,2877.0886,5,2,0,564.0762,70257.4055,8,8,1,0.02,0,0
1,5,0.1667,0.5011,0,0,3464.3809,1,2,1,67.4108,182982.5046,17,7,15,1.307,0,1
0,1,0.0,0.6543,0,0,2895.3826,6,0,1,623.2658,111278.6545,8,1,5,0.9921,0,0
4,0,1.0,0.4106,0,3,6.3444,15,4,0,29.4218,2820.2761,13,7,4,1.5886,0,1
1,5,0.2175316062138588,1.0,0,0,1507.8861164863933,10,2,1,521.3989851256334,51876.74765286404,9,6,7,0.8526291759650936,0,0
2,0,1.0,0.7723,0,0,1.2379,1,2,0,249.9665,822.5607,220,64,26,0.3316,1,1
0,5,0.0,0.9828,0,0,1640.7916,11,0,1,119.0031,39566.9331,4,4,5,0.359,1,0
1,5,0.1511349166525609,0.5590317293029481,0,0,1134.9820379504079,7,2,1,205.26733517659082,676928.2968433802,2,7,13,1.235474346310302,0,0
2,4,0.3333,0.7436,0,0,1757.5532,12,2,0,127.539,34680.8349,1,0,1,1.2448,0,0
1,3,0.25,0.656,1,2,2400.4549,11,2,0,44.1411,30392.8371,3,4,10,1.3983,0,0
1,4,0.2,0.5958,0,0,1274.0221,10,1,0,20.6194,39456.2887,8,1,10,0.7551,0,0
1,1,0.5,0.8933,0,0,2168.0485,3,1,1,69.5637,5646.6075,1,3,13,0.0659,0,0
1,5,0.1667,0.5471,0,0,431.8965,4,1,1,152.0429,2549.1776,14,4,4,1.5039,0,0
3,1,0.75,0.2636,0,1,155.576,4,1,1,33.0744,1462.6129,6,5,1,0.5487,1,1
1,3,0.25,0.6794,0,0,834.3641,10,2,1,118.6629,1444.7942,14,8,17,1.1569,0,0
1,2,0.3333,0.4813,0,0,35.7259,2,1,1,1200.0,312547.9984,16,4,7,1.0349,0,0
1,4,0.2,0.4587,0,0,3079.0054,5,1,1,20.355,1637.3956,11,8,8,1.6333,0,0
9,1,0.9,0.5132,0,2,7.5606,17,9,0,40.2501,1337.7599,11,9,7,1.1477,1,1
4,1,0.8,0.0844,1,6,54.5348,8,0,0,1.822,5886.5134,2,1,3,1.4816,1,1
2,0,1.0,0.4412,0,2,116.8381,1,1,0,24.4421,1771.5066,10,3,2,0.6076,1,1
1,5,0.1667,0.8327,0,0,1298.1306,3,0,1,129.7084,63031.5623,16,5,6,1.5321,1,0
0,5,0.0,0.8718,0,0,1433.7434,8,2,1,250.8791,20136.4677,15,0,1,2.0453,0,0
0,1,0.0,0.5908,0,0,3437.6966,6,1,0,480.2135,12212.6526,7,0,10,1.0939,1,0
2,1,0.6667,0.4278,0,0,0.4076,4,0,0,174.9852,4459.1999,289,79,9,0.1337,1,1
5,1,0.8333,0.5111,0,0,477.9934,1,0,1,9.1168,1828.9813,4,7,1,1.0214,1,1
11,0,0.9265450200294699,0.45659534197522267,1,1,-56.61884460857926,29,6,0,-14.52413079495767,-92904.24285562089,14,5,13,0.17851153891472113,0,1
0,4,0.0,0.6084,0,0,3524.053,8,0,0,325.4012,212.5842,7,1,7,1.292,0,0
0,1,0.0,0.8276,0,0,2864.6772,3,2,1,139.3319,18426.8088,10,2,13,1.8677,1,0
0,4,0.0,0.9176891500029987,0,0,1095.6433558356366,7,1,1,-39.24927215132263,-4185.830194538278,6,8,6,0.2125276926191343,0,0
5,1,0.8333,0.1726,1,7,26.8264,4,0,0,12.5592,822.1962,1,3,0,1.821,1,1
1,2,0.3333,0.4719,0,0,2545.8688,1,0,1,72.8655,4298.1423,15,6,17,1.1918,1,0
0,3,0.0,0.9776,0,0,2836.0536,5,1,0,651.6439,800000.0,17,5,9,1.9866,0,0
1,4,0.2,0.757,0,0,2945.7498,6,0,1,13.3658,183115.9526,5,3,1,1.1143,0,0
6,1,0.8571,0.4529,0,3,8.1253,38,4,0,49.8634,14099.3754,2,3,12,1.0162,1,1
0,1,0.0,0.6009,0,0,2367.3548,2,0,1,202.1132,2656.3988,14,3,5,1.4473,0,0
0,2,0.0,0.7725,0,0,1016.3362,1,0,1,3.27,10269.086,2,6,10,1.3877,0,0
1,4,0.2,0.6026,0,0,2117.5458,6,1,1,1200.0,51108.1216,2,4,0,1.2218,0,0
1,2,0.3333,0.7991,0,0,488.2946,9,2,1,125.4358,113.9101,6,3,4,0.2436,0,0
0,5,0.0,0.4547,0,0,338.6333,10,1,1,601.6533,800000.0,8,5,19,0.6208,0,0
0,3,0.0,0.9225,0,0,2712.2091,6,2,1,42.538,7401.1829,9,5,8,0.8779,1,0
0,5,0.0,0.5852,0,0,580.1838,8,2,1,182.3648,37504.8916,15,3,7,1.1353,0,0
3,1,0.75,0.8947,0,0,9.7881,4,0,0,266.7554,2789.8257,99,17,10,0.0721,0,1
1,1,0.5,0.5726,0,0,3598.4212,8,1,0,16.7358,11043.4801,6,8,15,0.1779,0,0
2,0,1.0,0.2381,1,3,17.6923,3,1,0,14.9755,1817.2781,3,5,3,1.0266,1,1
0,4,0.0,0.4618,1,2,193.8402,1,0,0,376.3843,29658.5306,3,7,16,1.2688,0,0
0,5,0.010793373452112448,0.4990534829476183,0,0,801.7295040107412,8,0,1,169.46920823341182,23181.679864937312,10,7,9,1.477379613602973,0,0
1,1,0.5,0.4934,0,0,1.805,4,3,0,77.822,3519.5784,225,54,6,0.7753,0,1
1,1,0.5,0.9722,0,0,2601.7169,11,1,1,72.3241,10084.9555,1,0,7,0.7724,0,0
2,3,0.4,0.4793,0,0,131.3775,8,1,1,716.0918,55297.4794,14,5,17,0.6479,0,0
0,3,0.0,0.6041,0,0,2192.2164,5,0,1,6.0022,2270.5933,3,8,2,1.171,0,0
0,4,0.0,0.853,0,0,1465.5987,12,0,1,1200.0,3165.7545,12,7,14,1.6984,0,0
0,2,0.0,0.6323,0,0,2538.1269,10,0,0,196.3416,177.4599,15,3,17,1.2031,0,0
1,4,0.24987970433657947,0.6151577113255957,0,0,3409.03658607976,9,1,1,90.50463499491937,175941.91470278034,8,5,2,0.868368549840334,1,0
2,2,0.5,0.5049,0,0,12.9173,5,0,0,201.3599,2986.0346,177,13,18,0.8568,1,1
0,5,0.0,0.6157,0,0,220.3646,1,0,1,33.4136,89107.1961,13,4,0,0.4654,0,0
0,2,0.0,0.9291,0,0,1252.1871,9,0,1,309.2246,682579.9601,11,4,8,0.4024,0,0
0,3,0.0,0.4529,0,0,3598.8414,4,1,1,1073.4413,439222.9758,15,1,15,0.3371,0,0
0,2,0.04521916442757808,0.7863232086062225,0,0,2265.527023723416,10,2,1,63.18835315119894,-65053.03283094446,7,4,10,1.1231162503001215,0,0
1,5,0.1667,0.8313,0,0,2984.1952,8,1,1,68.6633,2603.537,2,6,7,1.24,1,0
1,2,0.3333,0.9756,0,0,879.2476,7,0,1,40.4197,800000.0,1,0,19,0.3982,0,0
0,2,0.0,0.4977,0,0,1094.1409,9,0,1,489.6116,315773.0457,4,5,9,1.1107,0,0
1,3,0.25,0.5688,0,0,2310.0928,10,0,1,37.4153,549658.1625,6,7,14,0.1394,0,0
2,3,0.4,0.8696,0,0,2964.7225,9,2,1,44.5203,185128.8063,17,4,11,1.1177,0,0
1,5,0.1667,0.8588,0,0,2221.8292,2,2,1,75.3115,139.0793,13,3,8,1.143,0,0
0,3,0.0,0.9593558242374987,0,0,1958.0550491895865,12,2,0,3.901445631556342,52929.06112836885,5,3,7,0.6132453233559094,1,0
0,1,0.0,0.9069,0,0,1659.322,8,0,1,789.6848,30961.6309,12,4,11,1.0864,0,0
6,1,0.8571,0.0349,0,1,7.5729,21,4,0,82.7832,6066.0724,5,9,4,0.5398,1,1
1,4,0.2,0.9575,0,0,3071.468,11,0,1,57.6845,5669.4172,6,2,15,1.0242,0,0
1,3,0.25,0.8792,0,0,2889.483,8,0,1,78.1634,42454.8938,16,1,19,1.5203,1,0
8,1,1.0,0.06563970946732517,0,0,-138.05805928164628,34,0,0,18.59049748583073,13965.071494139911,2,10,8,1.8942167804557883,0,1
0,2,0.03910794695790214,0.6582504030589313,0,0,1630.4440143708648,5,2,0,97.60688080339386,24308.43997522735,10,3,2,0.9058210545021089,0,0
2,5,0.23985925433894273,0.7229371783481412,0,0,2215.7193102199176,4,0,1,384.00761315851616,-12265.662685411764,12,5,8,1.3025002594093193,0,0
13,2,0.8667,0.3901,0,1,12.6085,28,1,0,66.141,15455.2553,7,9,9,1.99,0,1
2,4,0.3333,0.7587,0,0,1957.3022,2,2,1,90.6949,1036.023,9,0,6,0.4855,0,0
9,1,0.9,0.2275,0,1,2.8013,17,7,0,80.9363,3881.0192,3,10,3,2.0208,0,1
0,1,0.0,0.6735,0,0,763.1897,1,0,1,107.4102,84816.8282,10,6,14,0.3746,0,0
0,4,0.0,0.5841,0,0,1202.7084,1,2,0,3.4064,105958.31,4,2,1,1.0117,0,0
1,1,0.5,0.8945,0,0,0.8547,4,1,0,129.7495,1981.0447,142,67,28,0.61,0,1
1,2,0.3333,0.866,0,0,2806.2489,4,2,0,105.3093,390.2245,12,7,0,1.101,1,0
0,4,0.0,0.6729,0,0,2749.9128,12,2,1,74.9913,11950.8245,16,5,14,1.2792,0,0
0,2,0.0,0.6145,0,0,751.4257,8,0,1,44.5399,746489.5481,10,5,0,0.6841,0,1
0,5,0.0,0.5252,0,0,2399.899,6,1,1,189.1619,400622.8305,11,6,14,1.9792,0,0
2,3,0.37432966327773426,0.37330422496255133,1,1,1520.36729260036,3,0,1,-36.60974451219393,766839.5726942903,1,3,7,0.5421292290718824,0,0
0,2,0.0,0.725,0,0,265.3907,7,1,1,1200.0,159082.8834,2,7,18,0.3817,0,0
1,4,0.15442757161270745,0.8267395111245462,0,0,1637.094144069185,1,1,1,14.163169184975807,13404.771494826347,17,5,13,0.9057115884486927,0,0
7,1,0.875,0.0064,1,6,56.7983,8,0,0,28.5042,3289.2999,6,5,1,1.0321,0,1
1,4,0.2,0.9841,0,0,3417.8469,3,1,1,226.2372,7168.9486,12,8,16,0.7206,0,0
2,2,0.4974879239388768,0.4012673515278617,0,0,-264.28553942038707,5,0,0,140.83091723053977,670638.356940674,15,4,6,1.322259954956547,0,0
0,1,0.0,0.7269,0,0,3410.3764,1,2,1,236.3544,475.9214,9,3,18,0.43,0,0
1,4,0.2,0.4941,0,0,2209.8423,9,0,1,86.2964,2919.375,15,7,1,0.7947,0,0
1,3,0.25,0.7593,0,0,422.5574,7,0,1,861.0748,26368.7668,17,5,13,0.6293,0,0
3,1,0.7923714687937369,0.8970867414888749,0,0,179.49494377354915,2,0,1,1156.2548015745974,26908.591875946437,3,1,4,0.0002284479228323033,0,0
2,2,0.5,0.4534,1,1,540.4696,8,0,1,32.8456,800000.0,6,2,10,1.5539,0,0
0,2,0.0,0.7781,1,1,2153.398,10,2,1,202.0924,186639.549,14,8,14,0.5203,0,0
1,3,0.25,0.73,0,0,296.6958,4,2,1,87.7491,33492.2423,14,6,17,0.9859,0,0
0,5,0.0,0.5374,0,0,2577.1091,5,0,0,355.3544,39928.8702,17,1,6,0.3888,0,0
0,5,0.0,0.6964,0,0,187.8105,10,0,1,159.7236,8442.9272,9,6,3,1.3467,1,0
0,5,0.0,0.8754,0,0,1206.8435,12,0,0,1200.0,22268.7811,7,1,5,1.4012,0,0
2,4,0.3333,0.7126,0,0,87.1085,6,1,1,30.4861,21415.8515,4,6,8,0.6197,1,0
0,4,0.0,0.461,0,0,176.0658,2,1,1,138.5192,14171.2397,1,7,13,1.1512,0,1
0,4,0.0,0.9754,0,0,1490.8571,3,1,0,322.6652,6049.6423,16,6,0,1.0919,0,0
2,5,0.2857,0.7512,0,0,2065.7257,9,2,0,4.1958,8090.3656,3,5,15,0.3681,0,0
1,4,0.2,0.9209,0,0,1222.1083,10,2,1,156.5558,9220.1187,12,3,0,0.0942,0,0
0,5,0.0,0.4854,0,0,3516.9731,7,1,1,26.932,2558.7743,15,3,13,0.3641,0,0
2,1,0.6667,0.7647,0,0,2200.7143,10,0,1,143.3452,47456.4493,7,0,0,1.4505,1,0
1,4,0.2,0.8168,0,0,949.9366,6,0,1,467.6219,4950.1172,2,2,5,1.0277,0,0
1,2,0.3333,0.8576,1,1,2779.3103,4,0,1,12.4967,4554.8153,16,4,2,0.4761,0,1
0,2,0.0,0.8048,0,0,2978.6418,12,0,1,1200.0,558818.1456,16,7,16,1.2864,0,0
1,4,0.2,0.5954,0,0,365.6419,7,2,0,5.5109,4063.5012,14,3,13,1.6631,1,0
0,4,0.0031664728495698928,0.9649325808700129,0,0,3288.274095671323,1,1,1,130.04226634308682,224783.6491237303,9,3,16,0.638695261596479,0,0
6,1,0.7953827057470564,0.1517160955476083,1,4,-17.109472858954014,4,0,0,10.060995533293354,68071.53563741178,5,4,2,0.7170246941341291,1,1
1,1,0.5,0.5139,0,0,893.9055,2,1,1,3.9045,60700.5798,1,7,1,0.7094,1,0
3,1,0.75,0.4796,0,3,9.3973,18,6,0,71.0666,4205.4227,5,1,6,1.7661,1,1
20,0,0.9585480229603432,0.0228538318444098,0,0,676.7265324042305,16,2,0,1.1807658103269532,-126983.1667337605,5,9,10,1.219132729545888,0,1
2,1,0.6373911508473602,0.9181783427512531,0,0,621.0899152627715,3,0,1,454.0475856790741,-19341.69319544008,8,2,11,0.39805154293553474,0,0
4,1,0.8,0.8601,0,0,2177.4274,1,0,0,33.6369,355286.5973,11,0,7,1.3585,0,0
3,1,0.75,0.3958,1,0,7.4544,39,2,0,20.0707,12322.0563,3,3,3,1.247,0,1
0,3,0.0,0.5867,0,0,3304.0708,6,0,0,537.9923,538706.7391,3,5,7,0.7352,0,0
2,5,0.2857,0.8332,0,0,2736.5709,1,2,1,94.7326,41805.0486,3,6,13,0.7531,0,0
1,4,0.2,0.86,0,0,3166.6552,2,0,1,16.3204,74029.7157,16,1,5,1.153,0,0
5,0,1.0,0.2957,0,0,201.121,3,2,0,38.2998,5065.5793,7,8,2,1.5882,1,1
2,5,0.32006437595549647,0.8653573961292587,0,0,709.7271208417185,5,0,1,127.50356833897719,-43411.827022241225,16,3,1,1.4647101956837814,0,0
2,4,0.3333,0.7528,0,0,1327.1218,3,1,1,38.2131,17913.7396,8,6,10,1.3407,0,0
14,0,1.0,0.27948458006274723,1,0,-318.12842404998,28,1,0,-62.2189968392747,-13768.65584276483,4,11,11,1.4848323287048713,1,1
0,2,0.0,0.9327,0,0,2652.527,11,1,1,183.6702,800000.0,17,4,16,1.2208,1,0
1,3,0.25,0.6671,0,0,2451.1172,2,1,0,369.7085,3965.9099,5,6,0,0.9991,0,0
0,3,0.0,0.5397669216631874,0,0,2832.285164220019,4,1,1,-6.320965614458032,85686.46674644611,17,1,9,1.8809445862552605,0,0
1,3,0.25,0.7827,0,0,2888.4743,3,2,1,1200.0,146.7466,6,6,14,0.3351,0,0
6,1,0.8571,0.0295,0,0,10.1253,38,0,0,67.2033,8627.6836,3,8,6,2.0956,1,1
0,1,0.0,0.6577911487411521,0,0,2772.7937115483865,12,1,1,743.8340448506976,-17464.792968700072,7,3,8,0.715492667203663,0,0
5,0,1.0,0.2904,0,2,247.4289,6,0,0,36.0193,848.0894,4,1,2,0.8721,1,1
0,1,0.0,0.8463217735088557,0,0,3550.781113321751,2,2,1,187.28629282088824,413249.8618866805,11,7,7,1.1410828267497002,0,0
1,5,0.1667,0.8839,0,0,1119.7883,10,1,0,62.7157,100.0,7,6,11,0.777,1,0
5,1,0.9970755381495733,0.40831605209226285,0,0,442.9301337370326,23,2,0,100.68776281174631,-13933.45602314718,8,10,10,1.5219885548943177,0,1
1,3,0.25,0.5502,0,0,405.0737,9,1,1,3.7204,10931.1979,7,7,4,0.5672,0,0
6,0,1.0,0.233,1,4,11.3937,4,1,0,3.7796,2712.5676,3,4,1,0.9516,0,1
1,1,0.5,0.4546,0,0,756.0678,1,1,0,19.4439,983.6407,17,6,17,1.0471,0,0
15,1,0.9375,0.4719,0,1,19.4772,11,0,0,44.9291,17618.4315,9,11,6,1.8288,1,1
0,4,0.17288053036895984,0.8806224433599699,0,0,2061.1679257061937,8,2,0,19.515712105075885,25331.42766763805,15,2,5,0.6102283120482543,0,0
2,1,0.6667,0.7816,0,0,3028.9305,10,2,1,1200.0,218784.0033,7,3,1,0.5839,0,0
0,1,0.059270638197611816,0.39414771177536956,0,0,2430.5599351018227,3,0,1,80.99624958751508,-71989.1048967997,3,2,6,1.7803690264710053,0,0
0,4,0.0,0.862,0,0,3353.8968,2,0,1,121.31,2726.3376,4,7,3,1.7611,0,0
5,1,0.6644422791735425,0.47512665767167167,0,2,461.94661241314435,20,5,0,164.83841045791127,13563.827667113843,9,2,9,0.9807712550840704,0,1
5,0,1.0,0.4088,1,2,0.5762,31,4,0,58.5937,13596.0093,10,8,5,0.1,1,1
4,1,0.8,0.2106,1,7,52.9912,9,1,0,28.971,1447.1983,1,2,1,0.8585,1,1
0,1,0.0,0.7122,0,0,1081.9154,5,0,1,407.6519,11314.5214,3,2,14,0.9486,0,0
9,0,1.0,0.474,0,1,8.7471,18,3,0,46.2849,6198.8839,13,2,12,1.1803,1,1
2,2,0.5,0.8915,0,0,12.8914,7,2,1,254.7103,4202.2173,162,27,25,0.5449,0,1
3,2,0.6,0.7845,0,0,4.3692,6,1,0,83.9441,3974.614,151,68,25,0.0196,1,1
1,2,0.3333,0.9391,0,0,2602.3906,9,0,1,6.2151,28536.4714,12,6,4,0.4518,1,0
1,1,0.5,0.9149,0,0,2361.2009,5,1,1,5.1277,800000.0,14,1,16,1.6445,0,0
0,4,0.0,0.8727,0,0,1182.6613,5,1,0,347.0415,86258.6529,14,7,8,0.2659,0,0
0,5,0.0,0.6823,0,0,2348.167,4,1,0,497.6348,774.8178,3,7,2,0.7747,1,0
0,1,0.0,0.6148,0,0,1285.2378,2,1,0,1200.0,8527.4907,15,6,9,0.0502,0,0
1,2,0.3333,0.9394,0,0,336.9158,11,1,1,153.4665,107567.2124,9,8,3,2.1427,1,0
0,1,0.0,0.4611,0,0,1083.1462,1,2,1,40.4766,420.1856,14,8,16,0.6992,0,0
1,3,0.25,0.542,0,0,3070.3734,1,2,1,2.1654,5140.153,10,1,12,1.3962,0,0
1,4,0.2,0.7638,0,0,3200.7125,5,2,1,109.6926,133522.8665,1,4,17,1.2842,0,0
0,4,0.0,0.8129,0,0,3462.8267,6,1,0,255.57,124777.5925,13,0,15,0.6689,0,0
0,4,0.0,0.8076,0,0,690.8541,12,0,1,6.7893,114369.2542,1,7,13,1.7287,0,0
4,1,0.8,0.5163,0,0,7.278,42,9,0,45.7012,8251.1265,14,7,10,0.9154,1,1
0,5,0.0,0.6552,0,0,1055.5142,6,1,1,11.3356,5309.2524,6,5,8,0.6315,0,0
1,1,0.5,0.8606,0,0,525.1523,4,2,1,565.376,182.7391,16,6,11,1.4267,0,0
1,1,0.5,0.3588,1,3,33.9132,3,1,0,4.0164,938.9168,3,5,3,1.459,1,1
5,0,1.0,0.2167,0,0,99.0409,6,0,0,53.1922,933.5252,3,1,3,1.6884,1,1
3,0,1.0,0.8795710149893207,0,0,-135.76583389129053,3,3,1,335.96471593809855,-17956.201142659305,121,68,22,0.022622958885776014,1,1
1,2,0.3333,0.9691,0,0,585.0406,10,1,1,75.3879,1552.9065,3,7,8,1.1233,0,1
1,1,0.31726918859917985,0.7669875019170221,0,0,244.11890531227698,3,1,0,126.78089633185584,162115.4714528317,5,6,18,0.8486287072200093,0,0
0,5,0.0,0.4881,0,0,3543.2626,4,2,0,33.6045,1602.6163,14,4,17,1.0493,1,0
0,2,0.03006165896989412,0.5053688219243753,0,0,1761.3749785468208,5,0,1,1275.3708487950178,44769.498884879125,8,1,2,0.8007666470345111,1,0
2,2,0.5,0.6905,0,0,1.3233,2,3,1,242.2659,1602.5456,21,16,9,0.121,1,1
0,1,0.0,0.8556637714694861,0,0,167.64289596404257,1,2,1,-5.85588289542191,-41689.88179774165,4,5,9,0.9855433135035656,0,0
1,5,0.1667,0.5774,0,0,1054.912,12,2,1,78.6118,86219.3191,9,8,18,0.644,0,0
0,1,0.0,0.7073,0,0,242.0135,9,0,1,71.3325,386241.9071,11,2,11,1.1527,0,0
1,1,0.5,0.4668,0,0,383.4387,10,0,1,53.652,2008.7862,6,3,8,0.9427,0,0
0,5,0.0,0.8085,0,0,3174.2393,7,0,0,28.3776,33590.5064,9,0,6,0.7224,0,0
1,4,0.20221049989411413,0.748591714565297,0,0,2194.4837490224827,6,1,1,67.27358862924991,116554.5908981786,4,2,16,1.797075528193146,0,0
1,2,0.3333,0.4854,0,0,2580.9278,12,2,1,264.5412,27303.2035,8,2,19,2.2066,0,0
1,4,0.2,0.7243,0,0,2684.3571,8,1,1,482.1702,8707.5554,7,3,18,1.0966,1,0
0,5,0.0033912044383164067,1.0,0,0,2654.7876612634477,1,1,1,-25.125035078625146,-28634.340794774496,3,3,9,1.1060381565240958,0,0
1,3,0.25,0.774,0,0,265.3085,10,2,1,4.6597,46769.0397,10,0,19,1.216,0,0
7,0,1.0,0.5867,0,1,7.4984,18,8,0,57.7579,12142.3629,5,1,5,0.8563,0,1
1,3,0.25,0.6151,0,0,1570.3991,9,0,0,357.6379,38084.7774,5,1,17,1.0588,0,0
0,1,0.0,0.702,0,0,2540.9196,10,1,1,44.8214,800000.0,16,2,4,0.0995,0,0
0,3,0.0,0.8425,0,0,503.7106,4,2,0,791.226,32597.9936,2,6,18,1.0875,0,0
0,3,0.0,0.8309,0,0,980.1046,3,1,1,13.7101,53539.8109,16,2,0,0.2927,0,0
0,2,0.0,0.4596,0,0,656.2714,10,2,1,13.546,800000.0,16,3,10,0.958,0,0
11,1,0.9167,0.4943,0,1,4.2523,17,1,0,107.6497,3416.7831,4,3,5,1.6796,0,1
1,4,0.08629791792233914,0.8793223314474385,0,0,403.71857100436284,2,1,0,496.5630302661674,-81958.70622418888,15,4,2,1.3990944456377046,0,0
3,1,0.75,0.8115,0,0,6.0929,6,3,0,175.3568,2689.4031,294,47,22,0.2802,0,1
0,2,0.0,0.7525,0,0,1953.941,8,1,1,44.2953,53262.189,7,0,5,1.6698,0,0
0,5,0.0,0.5509,0,0,1384.5141,2,0,1,598.0774,9993.5469,2,8,7,0.3373,0,0
0,1,0.0,0.9293,0,0,2192.0889,6,1,1,70.9473,456237.7892,15,4,8,1.7631,1,0
0,1,0.0,0.8898,0,0,1885.51,1,2,1,232.0091,8014.3305,10,7,2,0.5397,0,0
0,1,0.0,0.6879,0,0,505.0666,6,1,1,9.0147,38945.9225,4,5,7,0.951,0,0
2,0,1.0,0.4311,1,3,19.2325,2,1,0,9.9517,5058.2671,4,1,2,0.9857,1,1
0,4,0.0,0.5270062172099341,0,0,2606.034285025668,10,1,1,-38.891484859162254,245682.40197741735,3,5,2,0.0723307039747372,0,0
0,5,0.0,0.8473,0,0,741.2537,11,0,1,18.8887,800000.0,10,7,17,0.6005,0,1
0,1,0.0,0.5046,0,0,3044.8665,2,0,1,28.2887,28689.7415,11,8,14,0.9581,0,0
2,2,0.5738559942025507,0.6215743673695879,0,0,2272.372673834784,9,2,0,68.6633689556182,-6976.882282757634,8,6,17,0.9549789018519672,0,0
2,5,0.2857,0.9525,0,0,3483.1,5,0,1,85.2964,243183.0924,13,0,6,1.5767,0,1
4,0,1.0,0.5822,0,0,172.126,3,0,0,16.3257,8698.4241,16,0,3,0.7969,1,1
1,2,0.3333,0.4994,0,0,2811.008,6,2,1,202.5865,2204.3225,3,6,18,0.9242,0,0
1,3,0.25,0.8534,0,0,2050.2082,8,0,1,40.9524,10085.3985,8,8,8,1.965,0,0
0,3,0.0,0.7903,0,0,201.1366,8,1,1,71.6648,293315.7133,5,8,7,1.8776,0,0
0,4,0.0,0.7971,0,0,1377.6318,10,1,1,355.436,260838.689,13,2,13,0.7333,0,0
1,2,0.3333,0.6641,0,0,3127.1451,7,2,0,32.2443,17712.0487,5,2,17,1.4325,0,0
0,4,0.0,0.6319,0,0,1809.3672,12,2,1,101.3187,1152.4532,12,6,7,2.1323,0,0
5,0,1.0,0.1102,1,4,58.758,6,0,0,10.773,5108.4429,5,5,2,1.9774,1,1
7,1,0.875,0.4363,1,3,3.3651,4,0,0,3.6547,3826.4501,1,1,2,0.8057,1,1
1,2,0.3333,0.7615,0,0,1095.4034,8,1,1,100.9887,88998.7947,14,6,12,0.8906,0,0
0,1,0.0,0.7121,0,0,3109.7844,10,0,1,38.4171,16797.2835,8,7,6,0.4354,0,0
1,3,0.3159608563478948,0.7730143724361854,0,0,2712.0537540697055,9,1,1,535.8641157271841,-45715.798024358024,4,1,16,0.0,0,0
2,5,0.2857,0.6967,0,0,72.9158,1,2,1,23.4451,2877.7999,17,0,12,0.4819,0,0
3,1,0.75,0.7077,0,0,2519.7535,1,1,0,3.7857,800000.0,11,6,12,1.2954,1,0
2,1,0.6667,0.6892,0,0,2135.4986,5,0,1,104.6966,8094.5632,12,7,14,1.6914,0,0
2,2,0.5,0.781,0,0,2616.5214,7,0,1,1200.0,3352.286,17,5,11,0.7973,0,0
0,0,0.0,0.7182,0,0,2.53,2,3,0,176.7967,964.1834,50,78,20,0.4579,0,1
1,5,0.13169465761181448,0.6466060496463566,0,0,2681.8371226527797,11,2,0,71.8555126624343,316839.2595381145,4,4,8,0.4291605250779819,1,1
0,2,0.0,0.9669,0,0,2423.6988,11,0,0,116.7516,4746.7048,9,1,2,0.5806,0,0
19,1,0.95,0.4941,1,1,8.8253,35,1,0,60.1894,6827.2748,5,14,7,0.5688,1,1
0,2,0.0,0.7071,0,0,2203.8211,11,2,1,24.8994,800000.0,9,7,7,0.6098,0,0
1,1,0.5,0.9573,0,0,1497.2199,2,0,1,18.9686,1470.4391,1,3,5,0.02,0,0
2,4,0.3333,0.5445,0,0,2491.3277,9,2,1,79.2637,1179.4759,4,2,9,1.1313,0,0
2,2,0.5,0.9251,1,1,102.1554,5,1,0,228.9698,9345.043,12,3,1,1.0493,1,0
3,1,0.75,0.2748,1,2,3.4673,42,3,0,83.5069,10065.8759,13,10,12,0.527,1,1
1,1,0.5,0.558,0,0,3598.7865,9,1,1,43.8918,2310.207,2,4,0,1.4093,0,0
0,4,0.0,0.5858,0,0,1826.9529,11,1,0,234.8924,2802.9065,9,0,14,1.6285,0,0
0,4,0.0004788404368723239,0.8554591420157751,0,0,3747.4359199021646,3,2,1,5.193468396549221,855163.5430491755,8,4,4,0.8346282525197473,0,0
0,3,0.0,0.4951,0,0,2630.6158,7,1,1,545.2902,1227.0032,12,0,6,0.8153,1,0
3,1,0.75,0.3019,0,2,173.5491,8,1,0,22.6497,8076.0305,8,8,0,1.1613,1,1
0,2,0.0,0.6623,0,0,922.1896,9,0,1,72.3424,1966.4129,17,5,18,0.9529,0,0
3,1,0.75,0.7805,0,0,9.9879,7,2,0,117.9025,4930.0344,88,79,15,0.5149,0,0
1,3,0.25,0.481,0,0,475.5637,4,0,1,129.7509,8854.2474,16,7,3,0.2654,0,0
2,1,0.5476794499164817,0.7304085361028214,0,0,492.8811113751039,3,1,0,185.46304610204862,808333.277020106,8,6,14,0.0,0,0
0,4,0.0,0.7682,0,0,1343.5711,10,2,1,109.5257,10671.0268,2,0,2,0.9204,0,0
1,5,0.1667,0.6666,0,0,3020.2648,9,1,1,187.3532,422476.7335,6,3,7,1.3154,1,0
0,3,0.030648789242224136,0.5488611165620362,0,0,1605.7292266213026,8,2,1,-33.42772465298289,32863.0512430752,2,8,4,1.178823433511493,0,0
3,2,0.6,0.7201,0,0,3161.1337,4,1,1,229.5422,800000.0,9,8,2,0.383,0,0
2,2,0.5,0.8702,0,0,2379.2633,4,1,1,230.4489,800000.0,9,6,4,0.4159,1,0
3,0,1.0,0.5611762302241171,0,0,-465.4211171220795,1,2,0,18.617893841812915,27386.59681221383,102,19,29,0.7448378653570704,0,0
1,5,0.1667,0.4671,0,0,2403.6766,1,2,1,270.2016,222835.6373,6,7,18,0.7371,0,0
5,0,1.0,0.1788,1,2,494.5333,1,1,0,59.1997,4945.9529,14,2,3,0.4928,1,1
2,5,0.2857,0.4741,0,0,2316.8672,9,0,1,200.4943,38432.8481,3,4,2,1.2581,0,0
0,3,0.0,0.6046933165246995,0,0,3508.408072220135,4,2,1,197.65826077328248,-43020.59633034673,8,4,5,1.1109647257171686,0,0
6,0,1.0,0.014,0,1,4.1657,45,2,0,75.0403,6592.7241,6,2,14,1.0024,1,1
2,0,1.0,0.1266,1,9,57.9097,6,1,0,24.6703,3302.4047,4,3,1,0.5173,0,1
1,2,0.3333,0.8669,0,0,612.2364,1,0,0,1200.0,284117.4138,11,4,10,1.8972,0,0
2,5,0.2857,0.935,0,0,3526.8766,12,0,1,1181.2466,800000.0,14,8,17,1.6489,0,0
0,1,0.0,0.5118,1,1,160.9993,10,2,1,50.6068,370886.2761,11,5,6,0.5132,0,0
1,3,0.25,0.9057,0,0,404.0267,9,1,0,488.4784,800000.0,2,8,16,0.9147,0,0
1,4,0.2,0.8737,0,0,395.8168,4,0,1,186.2252,35974.0806,5,3,18,1.5226,1,0
0,5,0.0,0.5613,0,0,2920.7373,9,1,1,11.5752,474359.7692,8,7,15,0.9544,0,1
1,4,0.2524856777227689,0.7860686550277407,0,0,1985.668535822615,5,1,0,63.98392219876454,78275.57735158317,15,0,4,1.2586290884665352,1,0
1,2,0.5058489838112183,0.8159538007386207,0,0,1675.925376156407,10,0,1,98.74387332787882,799870.8823161845,14,2,14,0.565088174853334,0,0
1,3,0.25,0.729,0,0,327.9138,11,1,0,15.7708,825.2035,11,6,15,0.02,0,0
1,4,0.2,0.6236,0,0,2030.4267,11,0,0,40.6925,3421.2019,14,0,14,1.5246,0,0
2,2,0.5,0.5476,0,0,14.5936,1,0,1,172.9579,2681.2186,49,56,26,0.7623,1,1
2,1,0.7608023822820781,0.2520643843355936,0,1,778.327775051001,5,2,0,26.567246661075647,7075.104879601142,11,7,5,0.36575832650172624,1,1
1,3,0.25,0.5451,0,0,3535.786,11,1,1,33.0231,800000.0,15,3,18,0.1177,0,0
0,1,0.0,0.5725,0,0,2602.9106,5,0,1,8.0539,14389.4827,9,6,15,1.4121,0,0
0,4,0.0,0.522,0,0,2959.4363,2,1,1,173.3836,70645.5962,4,3,13,0.5535,0,0
0,1,0.0,0.5263,0,0,3059.5036,3,1,1,112.6321,800000.0,16,5,0,1.0235,0,0
1,5,0.1667,0.915,0,0,1974.5549,3,1,1,216.6548,10428.1484,8,3,10,0.8694,1,0
5,1,0.8333,0.1041,0,1,17.95,28,2,0,115.6555,17855.3879,9,12,4,1.7693,1,1
0,1,0.0,0.5448,0,0,13.8033,4,0,1,144.1282,2015.4243,121,71,29,0.8822,0,1
0,1,0.0,0.8626,0,0,3557.7056,5,2,1,357.3637,299.9107,5,5,2,1.2578,0,0
0,1,0.0,0.9147,0,0,479.364,12,0,1,4.7683,800000.0,6,0,4,0.7199,0,0
3,0,1.0,0.5306,0,1,88.7704,9,1,0,9.7272,1418.9949,7,0,2,0.8108,1,1
0,4,0.0,0.955,0,0,2675.1224,10,0,1,87.7453,1422.7273,10,8,6,2.0799,0,0
0,3,0.0,0.7520118294310985,0,0,3197.1080953321357,6,0,0,-91.24612166548735,-8411.58351621217,16,3,11,0.8651432612401957,0,0
2,2,0.5,0.6712,0,0,1658.792,6,2,0,195.8039,396611.9856,8,2,2,1.4969,1,0
1,2,0.3333,0.9541,0,0,2861.0079,6,2,0,227.8766,800000.0,12,4,9,1.296,0,0
0,5,0.0,0.7556,0,0,2715.5253,11,1,1,82.5479,216316.8792,14,6,15,0.9835,0,0
0,5,0.0,0.9188,0,0,1460.3789,9,2,1,7.5359,7442.9276,3,8,12,0.7798,1,0
1,1,0.5,0.9117,0,0,1629.4301,10,2,1,23.2059,115374.3745,16,6,13,0.5888,0,0
0,5,0.0,0.633,0,0,1781.4742,5,0,1,56.7594,27046.7186,10,7,13,0.6637,0,0
5,1,0.8333,0.4701,0,1,73.9465,6,0,0,50.7955,2145.5657,9,9,3,1.5546,1,1
0,3,0.08631649977479129,0.805970473944243,0,0,2398.734656390653,3,0,1,138.4964131801558,108145.02438842648,3,4,4,0.6167324301125182,0,1
1,1,0.46059498119092973,0.5239971200003046,0,0,3095.638019284329,2,1,1,2.711432828970416,116126.85549531027,3,4,1,0.9667853253932162,0,0
0,4,0.0,0.5393,0,0,2497.6211,8,0,0,199.9888,36503.4103,8,6,9,1.2593,0,0
2,2,0.5,0.9499,0,0,1155.3901,1,0,1,38.4112,1846.359,16,1,2,1.4088,0,1
0,2,0.0,0.5614,0,0,1786.5427,5,1,1,93.8009,13013.1958,14,8,4,0.8755,0,0
0,4,0.0,0.6416,0,0,40.3133,4,0,1,67.5954,2742.3765,14,5,4,0.4199,0,0
2,2,0.5,0.5101,0,0,2598.8561,6,1,1,13.7159,62161.8951,4,1,3,0.4957,0,0
0,1,0.0,0.7023213920352505,0,0,3380.3296256441345,10,2,1,1157.0755083391414,95833.22379799173,16,3,8,0.8924533256086195,0,0
0,4,0.0,0.8352,0,0,1486.4057,1,1,1,1200.0,32351.2551,8,2,14,1.9473,0,0
1,4,0.08229120586043191,0.9418155474375112,0,0,2033.7583047486128,8,1,1,1141.067424050488,-58882.042672050455,5,5,6,0.0,0,0
0,2,0.0,0.4584,0,0,697.3978,8,0,0,66.2483,800000.0,11,2,12,0.9321,0,0
0,4,0.0,0.9218,0,0,2704.4943,2,2,1,188.7021,170899.9729,2,0,3,0.712,0,1
0,2,0.0,0.7827,0,0,440.3515,2,1,1,1200.0,63264.56,17,5,5,1.2316,0,0
0,2,0.0,0.5665,0,0,1804.0915,5,0,1,391.9714,40850.4435,15,6,5,1.4467,0,0
2,2,0.3846602160632913,0.7858081831324072,0,0,-356.54115469657245,6,0,0,275.69391325281816,-19333.674341298483,244,8,11,0.0,0,1
0,2,0.0,0.7578,0,0,473.8494,12,0,1,13.0395,61428.6107,13,0,9,0.3523,0,0
2,0,1.0,0.444,0,0,374.0308,2,0,0,35.5554,2266.9074,8,0,4,0.8816,1,1
0,2,0.0,0.47911995307624894,0,0,204.08362585969851,9,1,1,267.7102194354004,-33181.30264416589,41,76,25,0.6097707708285995,0,1
1,2,0.3333,0.5734,0,0,843.3919,12,1,1,201.6877,21571.1978,17,4,1,1.5432,0,0
0,3,0.0,0.6217,0,0,3446.4666,10,2,1,96.6943,108869.1027,4,6,3,0.02,0,0
1,1,0.5,0.8782,0,0,1952.4266,10,1,1,9.1801,800000.0,6,5,11,1.2914,1,0
0,1,0.14708378139022468,0.8252737688296227,0,0,1301.3331043231942,4,1,1,212.06393291563506,24035.06000674105,6,4,6,0.7153467679074037,0,0
2,2,0.5,0.5682,0,0,2.6632,1,0,1,40.1335,1805.5711,205,89,28,0.6878,1,1
0,3,0.0,0.6843,0,0,382.6594,7,0,1,8.4396,7718.6039,4,6,11,1.7711,0,0
1,1,0.5,0.8579,0,0,2896.2606,3,0,1,285.9435,944.8127,1,3,2,0.9802,1,0
3,1,0.75,0.1531,1,2,459.5053,9,1,1,28.811,8331.6831,9,0,3,0.9792,1,1
1,1,0.5,0.2515,0,0,421.1604,2,1,0,9.6909,4671.9266,16,9,1,0.93,1,1
2,2,0.5,0.8358,0,0,3.6346,5,3,1,32.8602,2000.6637,233,78,5,0.6981,1,1
2,2,0.6107693874086878,0.9720165032099222,0,0,992.6319961710537,11,2,0,30.23144856291425,-17827.57986983411,5,7,17,0.927237886141383,0,0
1,2,0.36358312005311394,0.6413420505870622,0,0,1465.8599430416166,11,0,1,1059.6300988445807,859258.0378545363,17,8,19,0.9592208188197562,0,0
0,1,0.0,0.5192028063635047,0,0,3268.1149151475256,3,0,1,59.41459912177626,-5057.909652379269,3,2,11,0.1188407483209398,0,0
0,4,0.0,0.5578,0,0,1022.7899,4,0,0,857.3768,5744.8734,10,3,3,0.7385,0,0
2,2,0.5,0.9441,0,0,1911.9795,7,2,1,16.7696,688.3982,10,2,9,1.0604,0,0
0,2,0.0,0.6357,0,0,10.9089,8,1,1,214.5828,656.5603,166,95,19,0.8959,0,1
2,5,0.2857,0.4769,0,0,1977.2433,1,0,0,32.7642,3453.3264,9,4,19,0.8765,0,0
3,0,1.0,0.2916,1,9,40.6188,10,1,0,24.4045,5792.1685,3,4,3,1.086,1,1
0,5,0.0,0.9666,0,0,2823.3782,10,0,0,176.1408,13540.8228,11,7,4,1.5706,0,0
1,1,0.5,0.8349,0,0,587.5443,2,0,1,16.0317,7260.638,13,3,17,0.652,1,0
2,3,0.4,0.8761,1,1,172.3989,6,2,1,327.6667,21659.4082,17,4,0,1.5995,0,0
0,5,0.0,0.7942,0,0,529.8068,5,2,1,1200.0,654372.005,6,2,1,1.5064,0,0
0,2,0.0,0.6936311429399428,0,0,2217.767313848093,3,1,1,144.0991289192665,101273.6074313763,16,1,18,0.5168281871432618,0,0
0,2,0.0,0.5164,0,0,2049.3085,3,2,0,61.6578,8178.1995,5,5,15,1.6721,0,0
2,2,0.5,0.4595,0,0,549.0621,8,0,1,20.5173,26757.6972,13,8,1,0.3368,0,0
5,1,0.8333,0.3021,1,2,534.2926,3,2,1,11.3858,2107.0333,8,9,0,1.8079,1,1
0,4,0.0,0.5273,0,0,2900.4756,7,0,1,8.5956,4546.3864,7,2,19,1.2284,0,0
1,4,0.2,0.6388,0,0,2701.3,1,1,1,408.2576,800000.0,2,7,16,1.4314,0,0
0,4,0.0,0.5578,0,0,1514.4714,2,0,1,114.6302,10300.1146,2,6,9,0.5894,0,0
8,0,0.9888529208073867,0.3897201566636626,0,3,379.96338242201074,37,6,0,110.68936986127312,52097.37388450741,3,9,12,1.1309679965073858,1,1
1,2,0.3437003915255542,0.8655573553640433,0,0,2397.229561150972,9,1,1,23.3164781771139,13904.323810017024,11,0,18,0.4183136467564265,0,0
0,1,0.0,0.6798976380696699,0,0,2148.4123424827194,8,0,1,495.531270718004,161812.02191073837,16,8,17,1.6372964738876536,1,1
1,4,0.2,0.603,0,0,2960.8068,9,2,1,440.8047,524470.8395,17,8,8,0.813,0,0
0,4,0.0,0.573,0,0,3043.4569,9,1,0,278.0432,301435.8407,5,1,7,1.6822,0,0
0,2,0.0,0.5625,0,0,1025.2472,12,0,1,36.3419,345727.6563,4,8,7,0.4134,1,0
1,1,0.5,0.7262,0,0,2810.3282,9,1,0,806.3465,13908.8463,4,8,16,0.622,0,0
2,4,0.3333,0.809,0,0,2268.5567,1,0,1,17.6609,570724.9984,14,8,18,1.7163,0,0
1,2,0.3333,0.6765,0,0,2889.1348,11,0,1,10.2052,800000.0,7,1,12,1.7788,0,0
0,3,0.0,0.475,1,2,982.1548,4,2,1,117.1404,7099.0117,12,1,18,0.8963,0,0
1,2,0.3333,0.8679,0,0,3269.1364,2,0,1,80.3798,231620.065,2,8,11,1.6024,0,0
1,5,0.1667,0.6715,0,0,1033.9421,8,0,1,1200.0,45929.019,13,8,8,1.8485,1,0
0,2,0.0,0.8993,0,0,2051.9785,7,2,1,110.14,1455.277,10,8,12,0.9511,0,0
0,4,0.0,0.8893,0,0,3270.8469,3,1,1,36.9504,5173.4447,9,1,17,1.2826,1,0
0,2,0.0,0.5741,0,0,773.8391,6,0,0,3.417,800.9893,7,4,15,0.3451,0,0
2,1,0.6379283712685136,0.5103393966028701,0,0,2296.2543896658267,4,0,0,29.55725748910281,73837.25888860555,12,0,3,0.2940017309736517,0,0
1,3,0.18033681325144962,0.6481444826535478,1,1,2768.832615467207,12,2,1,260.0237285592271,10708.3994528999,17,5,3,1.0081979939149794,1,0
0,4,0.0,0.8968,0,0,1196.285,10,0,1,984.2385,74538.4917,8,1,16,0.9063,0,0
2,2,0.5,0.4734,0,0,5.0326,4,0,0,148.7364,4473.1072,296,45,19,0.6721,1,1
1,2,0.32628145798358965,0.6026851465297351,0,0,330.71897518534576,11,2,1,65.0335209334768,121308.26534440748,6,7,4,1.5071322947696224,0,0
0,4,0.0,0.672,0,0,3357.1749,7,1,1,1044.8305,2249.1649,11,5,10,1.7411,0,0
5,0,1.0,0.2572,1,9,40.1224,2,0,0,10.5813,5601.665,3,3,3,0.1681,0,1
0,5,0.0,0.666,0,0,1611.2621,5,0,1,58.7181,40275.3492,3,1,15,1.4502,0,0
0,3,0.0,0.7654653730818062,0,0,-134.73896599343618,4,1,1,250.4179093064045,796633.0128933985,12,1,10,0.9519610964267521,0,0
0,3,0.0,0.5766,0,0,847.0055,2,2,0,47.9393,319933.8117,4,6,0,0.3887,0,0
7,1,0.7544462550845992,0.18277890924029283,1,8,379.35381680207377,5,0,0,94.52174742498866,-7553.107549608479,6,3,3,0.973069711098711,0,1
1,5,0.1667,0.6631,1,1,1723.072,12,0,0,37.8736,2589.1552,11,7,8,1.0629,0,0
1,2,0.2618445489490762,0.6383210331140243,0,0,1581.3472370876998,2,0,1,-51.92830355779854,8402.324052459146,4,1,7,2.387006372701584,0,0
1,5,0.1667,0.8427,0,0,347.8121,5,1,1,103.8227,282930.4527,17,7,13,1.0045,0,0
4,2,0.6667,0.0802,0,1,8.1902,27,1,0,52.5879,13108.5546,6,3,11,2.3901,1,1
1,4,0.2,0.7283,0,0,888.122,3,2,1,117.7847,56935.5287,16,7,0,0.02,0,0
9,1,0.9,0.4404,1,0,8.8288,24,9,0,59.0976,9759.1132,4,8,13,1.1578,0,1
3,5,0.375,0.5487,1,2,3035.4127,9,0,1,135.5204,99043.8546,15,0,11,0.9203,0,0
0,2,0.043733067961550944,0.6973744032438588,0,0,490.2850531833998,5,1,1,24.9932906210693,156948.81348731188,14,4,18,1.0254798535619065,0,0
2,5,0.2857,0.9865,0,0,1540.8816,1,0,1,44.3645,397283.6514,11,1,1,1.3268,0,0
3,1,0.75,0.39,0,1,8.6935,12,2,0,53.4699,9054.429,8,12,4,0.8016,1,1
0,3,0.0,0.4507,0,0,1774.3971,6,0,1,591.3612,33989.7571,8,8,15,1.5094,0,0
2,5,0.2857,0.9331,0,0,1234.623,3,0,1,505.3725,1352.3992,4,1,11,0.4906,0,0
1,4,0.2,0.9681,0,0,1710.1702,12,1,1,103.4056,25512.709,16,8,12,2.3524,1,0
1,3,0.2651109658416636,0.6071035317612773,0,0,1618.9452316655777,12,1,1,139.11282393887478,374436.9931525781,9,8,5,1.139485161709823,1,1
19,0,1.0,0.3869,0,1,17.1448,13,0,0,30.1802,7512.8429,8,13,7,1.7705,0,1
0,2,0.01990922470614178,0.5422591420768352,0,0,2522.5956617528414,3,2,0,1087.5907915091107,105113.94091963682,3,7,11,1.2677119367931073,0,0
1,2,0.3333,0.4636,0,0,1035.4137,3,2,0,316.6692,629157.2542,14,1,6,0.7486,0,0
0,1,0.0,0.9555,0,0,1833.6332,6,2,1,1010.1832,11472.0552,12,7,4,0.6447,0,0
4,1,0.8,0.2959,0,0,107.253,6,2,1,39.2281,7141.3439,16,7,4,0.8219,1,1
5,1,0.8333,0.4309,0,2,4.4641,22,6,0,91.9516,5638.9867,3,3,4,1.085,1,1
5,1,0.8333,0.5507,1,1,130.6348,3,2,1,56.3891,2367.8353,10,7,0,0.1,1,1
1,4,0.2,0.848,0,0,2535.2297,7,1,1,168.4484,800000.0,10,0,14,0.1825,0,0
0,3,0.0,0.4762,0,0,2204.2112,5,2,1,15.1147,800000.0,17,8,14,0.6034,0,0
0,1,0.0,0.9307,0,0,842.7346,11,0,1,1200.0,63158.7992,16,3,17,0.9427,0,0
0,5,0.0,0.6354,0,0,393.205,7,2,1,136.4717,332588.4148,3,2,18,0.6969,1,1
0,1,0.0,0.5539,0,0,2776.519,12,2,1,39.871,439529.6488,13,2,3,1.6445,0,0
1,3,0.25,0.6148,0,0,1423.4074,10,2,1,39.1507,126313.8827,16,0,15,1.4947,0,0
0,3,0.0,0.9243,0,0,2173.2802,8,2,0,21.9089,703.9262,7,1,9,1.5744,0,0
0,1,0.0,0.5834,0,0,1846.0931,1,1,0,152.5464,511.2827,5,8,0,0.5558,0,0
0,3,0.0,0.5254,0,0,1791.4948,6,0,1,84.3082,120630.1728,12,6,3,0.4056,0,0
1,5,0.1667,0.9583,0,0,224.7411,9,0,1,135.7152,60031.7549,12,4,2,0.6867,1,0
2,4,0.3333,0.6461,0,0,1277.0353,5,1,0,336.5,24405.0288,4,7,16,1.2553,0,0
3,0,1.0,0.0982,0,2,4.8102,39,6,0,64.4897,11573.6344,14,1,10,1.5363,1,1
2,1,0.6667,0.6884,0,0,1189.0149,12,0,1,60.8085,51172.8815,5,0,16,0.8922,0,0
1,1,0.5,0.8928,0,0,696.5686,2,1,1,64.8553,138911.6173,2,0,6,0.7913,0,1
3,4,0.4589664093782754,0.8869282901539095,0,0,3034.3850385230435,6,2,1,102.00953856378841,59802.265333000294,12,5,14,1.2349462352084168,0,0
0,4,0.0,0.8159,0,0,1341.8247,11,2,0,122.079,800000.0,10,0,9,0.6042,0,0
1,5,0.1667,0.7249,0,0,2860.2003,6,2,0,310.0328,33621.9914,6,0,9,0.4261,0,0
0,2,0.0,0.6397,0,0,3035.2918,2,0,0,4.7664,44805.0658,9,6,8,0.5925,0,0
5,0,1.0,0.0604,1,9,22.321,8,1,0,11.3906,5354.7031,4,0,3,1.404,1,1
0,5,0.0,0.9184287152062078,0,0,121.4895227893447,9,2,1,190.767213759319,-5130.2928248052085,13,0,4,1.2296710244741036,0,0
1,2,0.3333,0.6388,0,0,254.6067,9,1,0,113.2473,800000.0,2,6,19,0.8332,0,0
5,0,1.0,0.4653,0,2,138.5715,6,0,1,44.0563,5887.5266,2,7,4,0.7038,1,1
0,4,0.0,0.9008,0,0,2262.8739,9,1,0,5.1665,58477.126,5,6,5,0.7512,0,0
0,2,0.0,0.5465,0,0,372.3974,12,0,1,219.4162,40352.1948,9,7,5,0.6643,0,0
2,1,0.6667,0.9632,0,0,852.5394,2,2,1,143.8114,97379.9287,2,8,16,1.1714,0,0
7,1,0.875,0.0369,1,5,42.4688,5,0,0,28.8962,5901.537,7,3,1,1.0589,1,1
1,2,0.3769564661773896,0.4786558004690672,0,0,1805.6378497542769,7,1,0,366.57562017282817,296733.1113141001,1,0,12,1.0118209164019287,0,0
0,4,0.0,0.8779,0,0,1063.8935,8,0,1,34.4623,9960.3048,12,1,18,1.2593,0,0
0,3,0.0,0.6223,0,0,616.1716,3,2,1,168.8117,72176.2379,15,2,6,0.2423,0,0
0,5,0.0,0.7259,0,0,2909.954,6,1,1,416.3265,75739.9651,7,8,16,0.8727,0,0
0,2,0.0,0.9176,0,0,322.8732,2,2,1,203.1722,516408.1944,1,5,1,0.5941,0,0
0,5,0.0,0.7358,0,0,1126.5995,10,2,1,239.4289,225521.0901,6,2,12,1.7127,1,0
7,1,0.875,0.0945,0,3,3.0716,35,4,0,30.0082,10170.5433,5,6,6,0.1,1,1
2,1,0.6667,0.7127,0,0,182.4706,9,0,0,1200.0,877.8444,1,6,8,0.9327,1,0
0,4,0.0,0.7414,0,0,2895.7058,5,1,1,48.2905,450162.1015,6,3,1,0.9308,1,0
2,2,0.5081412064733197,0.7770793729976838,0,0,1048.9296018463476,3,0,1,472.2461517793063,879683.874355994,14,6,5,2.260333015754888,1,0
0,5,0.0,0.733,0,0,169.659,2,0,1,109.0998,26859.4947,12,6,19,1.5103,0,0
17,0,1.0,0.517,1,0,6.488,19,2,0,70.1147,11019.47,2,8,7,2.2264,1,1
0,3,0.0,0.4067234078801535,0,0,3110.2388808188407,3,0,1,1285.3802585913206,-24520.415142844104,14,3,1,0.7782693151415948,0,1
6,0,1.0,0.2023,1,1,7.7405,54,6,0,24.7658,11920.9749,9,6,14,0.6429,0,1
1,1,0.5,0.8412,0,0,573.0012,12,2,1,76.3664,4166.2461,1,0,4,1.5354,0,0
0,1,0.0,0.4671,0,0,2.8929,5,3,0,198.7497,4992.5722,16,92,29,0.6044,1,1
0,5,0.0,0.5799,0,0,1091.8094,1,0,0,149.1209,21109.4842,5,7,17,1.4346,0,0
1,3,0.25,0.8068,0,0,2191.1602,1,0,0,45.9313,15230.0885,14,0,15,1.891,0,0
0,5,0.0,0.8495,0,0,251.8201,6,2,1,102.3159,32248.3233,3,0,10,0.2292,0,0
1,1,0.5,0.1116,1,8,48.0823,3,0,0,27.6563,5334.267,7,2,1,1.3066,1,1
0,3,0.0,0.8255,0,0,2427.8104,5,1,1,57.8104,800000.0,17,4,3,0.9842,0,0
4,1,0.8,0.1296,1,5,40.7831,8,0,0,2.2706,1388.7838,6,2,1,0.8267,1,1
3,3,0.5,0.9128,0,0,1975.5409,11,0,0,401.6539,51624.0886,11,7,19,1.1672,0,0
1,4,0.2,0.636,0,0,1270.7276,6,1,1,627.8678,102490.1302,12,1,9,0.7953,0,0
1,0,1.0,0.2971,0,2,74.4388,9,0,1,9.2235,2853.0025,8,3,1,0.9745,1,1
14,0,1.0,0.1868,1,0,12.3867,18,1,0,77.0713,14293.302,3,12,3,2.1534,0,1
1,5,0.1667,0.8815,0,0,849.5715,10,0,1,243.0347,51843.325,7,0,9,0.7417,0,0
4,1,0.8,0.2519,0,0,532.2168,7,1,0,55.2639,8725.9218,5,5,0,1.3547,1,1
1,5,0.1667,0.6642,0,0,2205.4824,11,0,1,105.5175,122.5971,14,1,6,1.5441,0,0
1,2,0.4333091541857,0.700888635831121,0,0,2495.834910791128,6,2,0,95.5662856378081,-111917.95294177593,5,7,16,0.8833965524503887,0,0
1,1,0.5,0.7648,0,0,2529.5191,12,1,0,1083.0626,61152.9523,2,2,5,1.3661,0,0
1,5,0.1667,0.8674,0,0,2046.663,9,0,1,61.5961,8367.9643,4,5,5,1.2758,0,0
1,2,0.3333,0.5921,0,0,3576.6749,3,0,1,287.277,27446.0732,9,5,12,0.922,0,0
2,2,0.44109267073310365,0.9117812051974857,0,0,453.44795529705067,9,1,0,218.06956558668037,65984.87598463178,1,5,16,1.1607668085729794,1,0
9,1,0.9,0.1118,0,1,0.7204,47,8,0,38.8528,6114.1617,14,11,6,1.9091,1,1
0,5,0.0,0.8631,0,0,2399.4679,7,0,1,53.0405,23216.0284,7,0,9,1.3654,0,0
0,5,0.0,0.5346,0,0,3214.9029,3,2,1,455.9783,80785.7323,5,6,8,0.4516,0,0
1,5,0.33222016768879503,0.6391646006854546,0,0,1924.9729067805133,6,0,1,139.0409807828271,149427.85373641187,3,2,6,1.0391613871947922,0,0
1,1,0.5,0.9156,0,0,587.0534,2,0,0,16.1147,23423.7433,6,7,12,1.0009,0,1
0,1,0.07809670252392295,0.7067360966671823,0,0,2228.3372483842813,9,2,1,482.4467043292242,-9345.61164722685,10,4,16,0.5229135052918857,0,0
1,3,0.25,0.7949,0,0,2198.1872,4,0,1,1175.5665,4665.0144,16,0,13,1.5073,0,0
2,1,0.6667,0.7438,0,0,29.9914,1,0,1,28.1477,59399.0508,8,7,11,0.8222,0,0
1,5,0.0799507025660124,0.7097748347663373,0,0,1784.9189903231481,9,0,0,1124.4268380869107,87836.80913227575,4,3,5,0.7490664114554855,0,0
0,3,0.0,0.8189,0,0,1754.9516,10,0,1,5.1502,432094.5741,5,6,12,1.4753,0,0
1,1,0.5,0.1455,1,4,38.5403,4,1,0,10.9686,1075.0595,7,3,0,1.0978,0,1
0,2,0.0,0.8332,0,0,273.0877,5,1,1,4.8127,17496.1177,1,3,14,1.763,0,0
0,1,0.0,0.5447,0,0,1777.5318,1,1,1,403.326,17577.2336,4,0,6,0.9186,0,0
0,3,0.0,0.4538,0,0,2870.8526,11,0,1,94.8784,496012.022,7,7,8,0.561,0,0
0,4,0.0,0.7064,0,0,2572.9001,9,2,1,379.2214,1128.4816,17,5,4,1.6289,0,0
0,4,0.047608803745907674,0.7815295166212016,0,0,3648.3767356304,12,1,1,-37.8245456802769,232328.40823969152,10,5,7,0.14845382395590392,0,0
1,4,0.1472296000603417,0.6159326949533296,0,0,2893.9171360174328,12,1,1,555.1388663279894,125931.09725786948,2,7,2,0.1932266748306295,0,0
3,0,1.0,0.8975,0,0,10.9893,7,1,0,105.4801,2454.9545,186,41,16,0.3036,0,1
0,1,0.0,0.5605,0,0,275.8575,2,2,0,20.7735,2590.8163,10,0,12,0.1524,0,1
0,2,0.0,0.5712,0,0,779.1145,1,0,1,8.3946,128374.5155,8,8,2,1.2619,0,0
0,4,0.0,0.7073,0,0,1100.6216,5,2,1,13.0371,15382.4506,6,5,15,1.2187,0,1
1,3,0.303431763886462,0.8547139289033745,0,0,2102.112577956283,5,1,0,183.32274547068693,732803.0758282731,15,4,18,1.5303701519582067,0,0
0,2,0.0,0.5906,1,1,2654.0247,10,1,1,6.5334,1442.3123,6,7,0,0.6896,0,0
0,5,0.0,0.4605,0,0,3553.3508,11,0,0,21.07,11029.08,1,2,7,0.9407,0,0
0,2,0.0,0.8636,0,0,2647.4643,5,1,1,2.8533,129152.6165,10,4,12,1.4124,1,0
0,3,0.0,0.720837873594963,0,0,3096.7892406310566,4,2,1,47.49401773358365,-7508.54319357151,6,8,14,0.6593681057560118,0,0
0,2,0.0,0.5523,0,0,3040.2938,8,2,1,39.0387,37277.2155,4,7,16,1.1084,0,0
0,4,0.0,0.5658,0,0,1475.5941,11,2,1,4.1547,800000.0,1,6,7,1.2821,0,0
0,3,0.0,0.6161,0,0,2840.3502,3,2,1,51.5388,800000.0,14,3,17,0.8069,0,1
2,2,0.5,0.3663,0,0,7.6906,9,3,0,270.3874,3510.6628,289,72,12,0.752,1,1
0,2,0.0,0.8664,0,0,1653.0277,1,2,1,11.0799,239711.6579,3,8,15,0.1543,0,0
2,0,1.0,0.5517,1,2,248.4554,9,0,0,53.9927,966.411,19,7,4,1.6164,1,1
0,5,0.0,0.6485150150304578,0,0,253.16641626305812,7,1,1,-53.214787008524524,14861.226472792452,12,4,12,1.3696361896727465,0,0
4,1,0.8,0.0939,1,1,5.4659,38,4,0,85.2731,12956.3603,2,7,7,1.7728,0,1
0,2,0.0,0.6184,0,0,1079.7879,11,1,0,136.3359,12523.0227,11,8,10,1.5287,0,0
0,1,0.0,0.7955,0,0,787.2928,2,0,1,1200.0,20095.47,2,1,5,1.7213,0,0
2,1,0.6667,0.8872,0,0,2502.0427,2,0,1,94.3661,98846.6109,6,3,18,0.7934,0,0
1,5,0.1667,0.8309,0,0,2954.828,1,2,1,311.2141,57902.6947,9,8,8,0.9179,0,0
0,1,0.0,0.518000624739296,0,0,2310.8839125676377,2,1,1,359.8605815354625,-26726.20995300135,8,3,7,0.7699801312715788,0,0
0,3,0.0,0.5427,0,0,1676.7879,10,1,1,205.6604,7853.818,11,5,4,1.1829,0,0
0,2,0.0,0.6142,0,0,166.6988,1,0,1,166.7041,104200.5806,1,7,19,0.5682,0,0
0,1,0.0,0.9394,0,0,106.7452,9,2,1,13.298,87567.1254,1,0,2,1.6943,0,0
0,4,0.0,0.8057,0,0,1557.5568,11,2,1,53.4224,55568.5052,17,6,3,0.046,1,0
0,1,0.0,0.3648,0,0,1.3176,4,2,0,231.0701,2043.343,274,26,8,0.2612,0,1
0,1,0.0,0.6131469902771638,0,0,3468.5598376837784,2,1,1,36.27662371416122,-77760.44600147742,8,7,7,1.7284209965909856,0,0
1,1,0.5,0.8257,0,0,1630.7257,5,1,1,230.8695,64037.233,16,2,14,0.3071,0,0
0,4,0.0,0.9034,0,0,1896.3663,1,2,1,1200.0,47803.1465,7,2,11,0.7892,0,0
4,1,0.7198903581952424,0.24822962450771108,0,3,18.079116671073244,36,6,0,78.10966168447251,-101071.62975634212,5,7,3,1.433863925496728,0,1
7,0,0.9840823530070016,0.09887979943441821,0,2,130.93932714788676,57,4,0,-109.931463173087,-38482.679936388784,14,7,5,1.1301341077450289,0,1
0,1,0.0,0.6965,0,0,1103.3828,8,2,1,317.8476,706.8837,16,2,12,1.6739,0,0
0,2,0.0,0.7652,0,0,1629.5774,7,0,1,1039.1474,24862.2514,9,8,15,1.263,0,0
0,2,0.0,0.4638,0,0,1802.6457,5,0,1,146.2717,561324.8586,15,2,5,0.9848,0,0
1,4,0.12339056004157374,0.8891283206661664,0,0,1052.1365782000003,1,2,1,-21.333472416972768,1641.2319143261288,8,2,2,0.08205637920668632,1,0
7,0,0.8946785345431821,0.2025637673096299,1,5,434.9733209671306,9,0,0,-5.887352366587509,-10445.955052856949,6,0,2,1.641788675927465,0,1
1,3,0.25,0.4609,0,0,570.0931,7,1,1,1200.0,305.4892,12,0,16,0.02,0,1
0,4,0.0,0.9,0,0,3112.2238,7,2,0,5.9286,589.8868,10,4,14,0.697,0,0
4,0,1.0,0.2609,1,9,17.4492,7,0,0,15.633,5382.05,1,5,2,0.359,1,1
2,4,0.3044522575824758,0.5807256664800339,0,0,3621.0964191783905,12,2,0,980.9224556947636,840944.6287424314,15,5,12,1.9663573223190898,0,0
0,3,0.0,0.498,0,0,1236.6955,8,1,1,62.2298,13089.9484,10,4,16,0.0984,0,0
1,5,0.1667,0.5226,0,0,3218.1875,10,0,1,125.1255,1747.7508,1,8,17,0.8486,0,0
1,1,0.5,0.5426,0,0,2476.6954,9,0,1,1200.0,75345.8306,12,8,4,0.5857,0,0
0,4,0.0,0.5891,0,0,2139.2119,12,1,0,64.592,111910.7316,10,7,11,1.0815,1,0
0,5,0.0,0.5232,0,0,1272.2301,11,1,1,135.2559,287167.5684,9,2,18,0.5342,0,0
2,2,0.5,0.647,0,0,3.0408,9,2,0,242.5554,2220.7778,70,8,8,0.3661,0,1
0,0,0.04065503652547315,0.7883597109625343,0,0,310.43630856153095,1,0,0,222.60804452878426,-108732.14914602785,147,52,10,0.7362862666412461,1,1
0,5,0.0,0.8295,0,0,1466.8311,1,1,1,30.003,165402.9681,5,7,17,1.4889,1,0
13,2,0.8667,0.2299,0,1,13.5486,39,0,0,127.2972,16625.8799,1,11,9,0.7786,0,1
1,3,0.2367227928572406,0.9508230637293785,0,0,2730.198553490817,5,0,1,191.3457163844334,8781.17991080464,15,5,15,0.0,0,0
2,0,1.0,0.7463,0,0,13.9204,3,0,0,297.7381,4006.1239,199,61,14,0.4995,0,1
1,5,0.1667,0.8869,0,0,2036.9804,7,0,1,100.8243,57034.917,7,3,12,1.1352,0,0
0,3,0.0,0.717,0,0,2928.1907,9,1,0,69.782,9923.1744,7,1,8,0.4038,0,0
0,2,0.0,0.7337,0,0,1816.7217,12,0,0,49.9123,78849.218,13,1,14,1.6906,0,0
3,1,0.5821890006081399,0.29540902800732505,0,0,107.94787847479473,2,1,0,308.6581906780276,-77332.13289490392,170,87,6,0.6685812276857624,1,1
1,5,0.1667,0.509,0,0,3134.3038,1,0,1,1.8905,168669.6126,9,8,0,1.5806,0,0
0,4,0.0027983289743212093,0.6091380246240287,0,0,1328.5757572764514,11,1,1,-21.515647993740636,40749.57578124193,8,0,7,1.0986142506029648,1,0
0,3,0.0,0.4987,0,0,1276.9556,7,2,1,483.622,3899.3611,14,2,1,1.0135,0,0
0,2,0.0,0.5884,0,0,1792.4596,8,2,1,242.1181,27706.1049,2,3,17,0.02,0,0
1,4,0.2,0.9025,0,0,334.4582,12,1,1,16.1421,9311.0676,5,6,17,0.6082,0,0
1,4,0.2,0.4917,0,0,2702.9179,2,1,1,6.2048,23681.4475,16,7,11,1.2046,0,0
1,4,0.2,0.6925,0,0,2401.2018,12,2,1,104.7935,46657.093,3,1,1,0.3282,0,0
0,5,0.0,0.6094,0,0,3552.9219,9,1,0,51.0574,68225.6853,2,5,14,2.0894,0,0
2,2,0.5,0.6105,0,0,1333.7493,1,0,1,86.31,4309.857,11,6,11,0.8363,1,0
0,1,0.0,0.6941,0,0,1266.2147,7,2,1,13.2717,800000.0,4,4,5,1.2064,1,0
0,3,0.11711159580335923,0.7903314091184517,0,0,2977.53923098243,1,0,1,69.110218163703,266548.2583514414,8,6,13,1.5332871229517344,0,0
0,1,0.0,0.6138,0,0,847.7744,1,2,1,1200.0,2317.8655,2,7,15,1.0537,0,0
3,1,0.6808265398591928,0.4067974796051102,0,0,-455.0700741714267,1,0,1,389.5966080086121,24070.007360057072,250,43,27,0.5490421925835817,1,1
2,4,0.3333,0.5243,0,0,1095.0486,1,0,0,79.4605,21370.6972,13,1,3,0.8335,0,0
1,1,0.5,0.6368,1,2,1805.8249,10,0,1,60.8674,60437.3922,11,6,8,1.494,0,0
0,5,0.0,0.5982,0,0,2500.8888,10,2,1,8.5262,8094.8376,8,0,17,1.4778,1,0
2,1,0.6667,0.8881,0,0,3561.8166,7,1,0,36.0151,175.9358,7,2,10,0.7961,1,0
0,4,0.0,0.7485,0,0,2442.5545,1,0,1,1200.0,7820.2958,17,0,18,0.8591,0,0
8,0,1.0,0.264,1,3,6.9485,32,2,0,20.3141,1133.358,6,7,4,1.2974,1,1
0,5,0.0,0.8403,0,0,242.193,7,0,1,164.1775,800000.0,1,2,2,1.177,0,0
1,2,0.3333,0.7545,0,0,1939.0588,7,2,0,94.0214,318538.6211,12,5,4,0.8044,0,0
0,5,0.0,0.8283,0,0,2250.8923,8,2,1,217.2084,144457.283,4,8,14,1.2098,0,0
0,2,0.0,0.4821,0,0,2826.4906,9,1,1,111.3707,5019.5576,16,6,0,0.7819,0,0
1,1,0.5,0.7618,0,0,2041.3277,3,1,1,111.1071,800000.0,15,0,16,0.7467,0,0
0,4,0.05048766442984576,0.7316342008335159,1,1,2331.490450609512,1,1,1,127.9088988154613,1591.4587802970013,9,5,8,1.537738820567619,0,0
0,3,0.12296846249456168,0.8679313658324032,0,0,2065.485829493267,4,1,1,-29.207951503073446,103854.02038143112,6,7,2,1.2759274195271408,0,0
2,1,0.6667,0.3498,1,4,57.2166,10,1,0,26.6901,4730.9991,2,5,2,0.4163,0,1
0,1,0.0,0.5442,0,0,336.3235,7,1,1,73.4062,7379.5484,11,0,12,1.2744,0,0
0,5,0.0,0.9685,0,0,2816.6751,11,1,1,506.9644,506174.2801,16,5,19,1.0436,0,0
0,2,0.0,0.6393,0,0,3225.5731,1,0,1,20.6517,800000.0,7,5,15,1.4411,0,0
1,4,0.2,0.5882,0,0,2165.0534,10,1,1,149.2263,4952.292,11,4,8,0.9238,1,0
0,1,0.0,0.7325,0,0,1566.1266,5,0,0,99.4857,10804.1373,5,0,2,0.945,1,0
3,2,0.6,0.902,0,0,868.7731,9,0,1,80.9883,4149.9535,17,1,12,1.5935,0,0
0,5,0.0,0.4546,0,0,1202.9856,5,1,1,18.6556,330903.5095,12,5,7,0.627,0,0
1,4,0.18567916598793527,0.439521385449368,0,0,1950.810804846453,3,2,0,1225.2904192308024,25376.53374357387,7,5,2,1.3559318977907788,0,0
0,4,0.0,0.5307,0,0,1836.755,2,2,0,877.9395,62323.8899,10,7,18,1.3056,0,0
1,2,0.3333,0.7829,1,1,2251.7097,6,2,0,158.6966,6090.3957,11,3,4,1.6724,0,0
1,2,0.3333,0.9869,0,0,3070.7932,5,0,1,1200.0,785846.3416,1,4,1,1.5422,0,0
1,3,0.2531155498164842,0.6325821680339485,0,0,1587.7208261933429,3,2,0,183.23052178199896,28762.2490721092,2,5,7,1.014782974568244,0,0
2,5,0.2857,0.4524,0,0,1523.5576,5,2,1,594.3005,11822.7924,3,6,13,1.5641,0,0
3,1,0.75,0.3703,0,0,8.9129,50,8,0,33.7144,1041.6328,4,8,4,1.312,1,1
1,2,0.3333,0.7662,0,0,2271.1055,12,2,0,72.648,394794.7399,15,1,9,0.9688,0,0
0,1,0.0,0.8094,0,0,2365.5782,8,1,1,24.8901,24539.308,2,5,12,0.5868,0,0
0,5,0.0,0.6331,0,0,335.8608,2,0,1,30.8079,671809.448,4,2,7,0.4915,0,0
1,5,0.004448270770632007,0.7360601858441783,0,0,2778.2204213640025,4,1,0,253.66168681108604,6112.108502997653,17,2,1,0.9985877587244244,0,0
0,5,0.0,0.7365,0,0,1042.4676,12,0,1,7.3162,38351.823,4,2,16,2.6594,1,0
0,3,0.0,0.4841,0,0,3104.0819,4,2,1,90.3261,102127.1267,4,5,14,0.9916,0,0
1,2,0.3333,0.8342,0,0,1942.2829,10,2,1,8.9718,56165.1428,10,4,0,0.4812,0,0
1,3,0.04291495764559328,0.4054004594101496,0,0,-372.5213121860191,2,1,1,107.2194651577577,24628.155116405545,2,5,18,0.6907450837285712,0,0
2,1,0.6667,0.3543,1,5,55.6833,4,1,0,4.953,5916.9902,1,1,0,0.6969,0,1
3,3,0.5,0.6592,0,0,1396.5127,7,0,1,131.8386,40550.9221,4,1,3,0.1071,0,0
0,5,0.0,0.7566,0,0,720.6175,10,2,1,1200.0,4193.9451,4,3,13,0.6971,1,0
1,5,0.1667,0.8578,0,0,1314.7951,9,1,1,126.0206,711761.1563,12,2,13,0.3687,0,0
0,1,0.0,0.5246,0,0,1832.7489,10,1,1,470.8069,461746.646,17,7,13,0.9412,0,0
2,2,0.5,0.5189,0,0,339.5102,5,0,1,11.3396,988.916,9,7,7,1.1645,0,0
0,4,0.0,0.8535,0,0,2462.1401,4,0,1,169.2399,2586.8041,1,4,10,1.0543,0,0
0,5,0.0,0.8326,0,0,3480.3964,2,2,0,29.3357,100880.2456,11,4,18,0.8046,0,0
1,1,0.5,0.9781,0,0,1497.1824,11,0,1,121.138,800000.0,10,5,4,1.456,0,0
1,4,0.2,0.6483,0,0,3187.2599,10,1,0,6.2317,42968.6371,17,7,13,1.4764,0,0
0,2,0.0,0.8231,0,0,1699.1133,3,1,0,38.0622,195221.6449,10,1,10,0.1654,0,0
0,2,0.0,0.7735,0,0,2605.7196,3,0,1,5.5712,13457.6288,12,3,11,1.3731,0,0
19,0,1.0,0.3865,0,1,11.8452,28,1,0,101.7828,11106.1366,5,13,2,1.8281,1,1
0,3,0.06058304199965143,0.9574666846372614,0,0,1410.301902311602,8,0,0,8.532699404985763,25234.092038936433,3,6,2,1.2874745390540494,1,0
1,5,0.1667,0.9472,0,0,2941.5813,7,0,1,461.7185,43186.1306,2,3,3,0.9721,0,0
1,0,1.0,0.2142,1,8,36.1463,9,1,0,19.4466,5500.3615,1,2,1,0.9231,0,1
5,1,0.8333,0.5077,0,1,592.1711,8,2,0,35.9257,1823.2174,16,9,1,0.4076,1,1
0,1,0.0,0.91,0,0,1106.7805,3,0,0,172.0015,3404.6591,5,2,6,0.6468,0,0
0,1,0.0,0.9218,0,0,1127.831,6,2,1,70.1895,6303.4134,12,1,5,0.4157,0,0
2,2,0.3796690411755941,0.8024007371589013,0,0,-245.24052257638806,10,1,0,734.7516823639096,26074.671228217383,7,0,19,0.9463970178628593,1,0
1,2,0.35987219709194235,0.5296493294242453,0,0,2695.7392338943755,9,0,0,622.834477288475,262677.94900400995,7,4,14,0.8643870036001491,0,0
1,5,0.1667,0.8064,0,0,1811.8108,10,2,1,58.1766,91701.2532,16,1,0,1.4839,0,0
1,4,0.2,0.7321,0,0,995.5108,7,1,1,19.5734,14847.2385,2,5,9,0.503,0,0
0,3,0.0,0.6527,0,0,2773.6831,12,1,0,67.8593,447267.6422,12,4,7,1.7782,1,0
0,4,0.0,0.7252,0,0,1645.2291,8,1,0,306.4735,479598.6351,15,4,7,0.965,0,0
0,3,0.0,0.7334,0,0,1705.4392,1,2,0,26.6168,721153.679,15,2,1,1.1932,0,0
2,1,0.6667,0.2952,1,5,23.706,9,1,0,2.0915,2310.8232,7,0,1,1.9153,0,1
1,1,0.5,0.6913,0,0,1548.0566,9,1,1,30.7261,6278.7772,16,1,17,0.3952,0,0
1,3,0.25,0.5386,0,0,2367.0671,1,0,1,391.926,144422.2621,3,7,14,1.6632,0,0
1,2,0.3333,0.8979,0,0,32.6981,10,2,1,1200.0,11749.884,2,4,12,0.7047,0,0
1,5,0.1667,0.6338,0,0,287.1997,7,1,1,20.231,105375.7338,4,1,1,1.2838,0,0
1,5,0.1667,0.829,0,0,3131.2885,1,1,1,46.3901,33506.2717,13,5,10,0.7931,0,0
1,5,0.1667,0.7557,0,0,909.8594,3,2,0,135.5264,1558.1536,6,4,19,0.5136,1,0
1,4,0.2,0.4579,0,0,1652.6952,8,2,1,108.5081,731.4204,1,0,10,1.5166,1,0
10,0,1.0,0.0391,0,1,12.8452,25,2,0,102.4013,10558.943,9,7,9,0.589,1,1
21,1,0.9545,0.3571,1,0,5.0705,37,1,0,58.2988,11611.4182,6,14,9,2.2161,0,1
1,1,0.5430474494462938,0.7389626790516906,0,0,859.0601301496687,9,1,1,608.7569480367995,670823.320274611,7,4,14,1.2572417026765197,1,0
1,1,0.5,0.8074,0,0,83.1466,8,2,1,4.1007,210.7285,16,4,6,1.1904,0,0
0,5,0.0,0.5012,0,0,521.5216,6,1,0,1200.0,675.8761,9,2,11,0.4459,0,0
0,3,0.0,0.688,0,0,2182.305,8,1,1,85.2673,286895.6215,4,6,4,1.6374,0,0
1,5,0.1667,0.5993,0,0,326.5055,11,1,1,337.9917,400526.5147,14,7,11,1.3008,0,0
1,2,0.3333,0.6502,0,0,3287.0535,8,2,1,66.8274,39056.2422,9,8,7,1.4234,0,0
0,2,0.0,0.7703,0,0,1925.0775,2,0,0,334.6724,252025.7355,11,5,2,0.2925,0,0
5,0,1.0,0.3241,0,2,478.5949,2,1,0,9.9929,3349.6976,7,2,2,1.1808,1,1
13,0,1.0,0.0888,0,1,16.2185,26,2,0,140.7941,18576.6614,3,6,3,1.7916,1,1
1,4,0.2,0.507,0,0,3521.4605,1,1,1,1054.6045,234300.3521,7,1,2,0.9201,0,0
15,1,0.9375,0.4588,0,1,2.1472,19,0,0,50.4889,6516.6347,7,11,4,0.6273,1,1
1,2,0.3333,0.6611,0,0,3544.9184,1,2,0,62.9678,71430.1714,9,7,11,1.0242,0,0
1,5,0.26589765872608756,0.7795169726032477,0,0,2032.0226648646058,10,1,1,1180.9832395400738,33687.21456708156,6,0,14,0.8097905328952641,0,0
7,1,0.875,0.1449,1,8,35.6028,11,1,0,13.6083,4033.0253,1,5,0,1.0393,1,1
0,2,0.0,0.5646,0,0,1948.9,3,2,1,5.4486,800000.0,12,7,10,1.2696,0,0
1,2,0.3333,0.5128,0,0,2170.9517,7,2,0,190.4914,9851.174,2,2,10,0.437,1,0
0,3,0.0,0.8067,0,0,2962.7308,10,2,0,141.4967,79154.0711,15,3,5,1.1117,0,0
0,4,0.0,0.7386,0,0,2850.1616,3,2,0,16.6066,170061.5003,6,5,8,0.9434,0,1
1,4,0.2,0.67,0,0,1622.3403,9,0,1,39.2883,293762.6562,15,1,15,0.87,0,0
0,3,0.0,0.45145766428938433,0,0,2310.052090116363,7,2,1,54.639826123009065,33340.779022332485,4,7,18,0.9943542954377548,0,0
0,3,0.0,0.5261,0,0,3334.9453,3,0,1,211.5135,70433.7839,5,1,6,1.2122,0,0
1,1,0.40429241627733403,0.8525332328973225,0,0,305.1560467840156,9,0,1,266.9572849311198,-25196.135988509035,14,3,1,1.2276403035608805,0,1
1,3,0.16683844714147567,0.5688456678566951,0,0,3643.5778314439153,1,0,1,268.67936639267117,35697.33130421757,17,5,4,0.8882102374889203,0,0
3,1,0.75,0.3683,0,1,455.0728,7,0,0,26.7243,7341.3663,19,3,0,0.6145,1,1
1,1,0.5,0.7539,0,0,2842.7526,10,0,1,77.1921,434.3051,12,4,13,0.9091,1,0
1,4,0.2,0.6071,0,0,3478.1968,4,1,0,337.4253,5911.9361,15,6,13,1.0263,0,0
1,2,0.3333,0.8013,0,0,1140.88,12,1,0,290.5025,47064.2496,16,0,2,1.0332,0,0
1,1,0.5,0.894,0,0,2737.8224,11,2,1,14.5481,24119.7492,6,2,3,0.5765,0,0
0,1,0.04494082495902509,0.7512158680100873,0,0,1455.5075114252809,9,2,1,181.01810520588677,735900.7868056903,10,6,13,1.3841112185160975,1,0
0,3,0.0,0.7967034786838554,0,0,461.99784416385324,1,0,0,-108.01772656126354,98361.35501416223,7,0,14,2.0988745139831453,0,0
0,2,0.0,0.9752,0,0,2386.44,11,1,1,28.9679,9764.5144,12,4,15,0.6263,1,0
1,5,0.1667,0.9096,0,0,402.0077,9,2,1,131.9527,26686.9608,11,8,19,0.9235,1,0
1,5,0.1667,0.6826,0,0,526.6183,1,1,1,24.8026,70743.3975,7,4,18,0.3593,0,0
1,1,0.5,0.2065,1,1,438.5718,5,0,0,16.9644,6133.4769,15,4,5,0.8476,1,1
1,5,0.20588544649941345,0.5854414226254385,0,0,317.81055109536754,11,2,1,694.8129566905013,47081.083738880174,7,1,12,0.5825591485348562,0,0
1,2,0.5457259216728274,0.7351056233418819,0,0,2308.713140390991,2,1,0,87.52800386669698,3556.1730272470304,14,5,14,1.4614857356268782,0,0
1,2,0.43341736441688966,0.6195628532240702,1,2,2989.2113863367044,5,2,1,1040.4146881136512,30322.06836469229,10,6,17,1.1488714996486002,0,0
2,3,0.4,0.9623,0,0,846.3011,1,0,1,190.2959,197904.9802,2,5,19,1.8551,0,0
2,1,0.6667,0.1142,0,0,31.5546,3,1,0,15.368,1804.72,14,0,0,0.4291,1,1
1,1,0.5,0.5616,0,0,2523.3589,12,2,1,29.745,32809.9558,7,6,16,0.296,0,1
1,1,0.5065130722055159,0.6846891038844357,0,0,2107.087021101272,2,1,1,46.156011153360765,215642.98893024988,10,8,13,0.9975109308180306,1,0
0,1,0.0,0.8566,0,0,3597.4214,7,1,1,396.1029,2995.3052,9,6,12,1.4088,0,0
1,4,0.2308082561539731,0.7364326503955236,0,0,3876.3859652607493,10,1,1,178.46227327351627,50387.2179412501,11,3,1,0.7412042050498208,0,0
0,4,0.0,0.7346,0,0,2578.4645,4,2,1,365.3144,800000.0,16,4,7,0.6415,0,0
5,1,0.79400054476316,0.12093363952744013,0,2,161.8978304350807,53,2,0,125.64274292597568,18654.968972301922,13,3,13,1.7420371397690182,1,1
3,0,1.0,0.3778,1,3,10.1227,9,1,0,12.0698,574.3168,3,3,3,1.122,0,1
0,5,0.0,0.7718,0,0,369.538,7,2,1,61.6427,46523.7965,15,6,9,1.0882,0,0
1,5,0.1667,0.7316,0,0,1146.9633,11,2,0,92.2625,23451.0295,8,6,2,1.2935,0,0
1,2,0.3333,0.9599,0,0,3578.7659,4,1,1,162.1348,9107.8554,17,0,10,1.083,0,0
0,4,0.0,0.8243,0,0,646.3619,6,1,1,79.7407,2823.175,16,1,4,0.7907,1,0
0,5,0.0,0.8045,0,0,1310.8806,9,0,1,8.2445,627117.0401,13,2,12,1.7664,0,0
0,5,0.0,0.8922,0,0,169.9425,4,2,1,39.3172,1003.3081,12,0,19,1.2177,1,0
1,5,0.1667,0.4592,0,0,1765.7891,10,2,1,19.1514,30686.9625,2,5,13,1.1228,1,0
1,4,0.2,0.5764,0,0,3109.9514,9,2,1,57.1637,7017.2738,13,7,3,0.2636,0,0
1,1,0.5,0.8455,0,0,1749.2798,10,2,1,3.3962,27844.5562,8,7,12,0.3037,1,0
5,1,0.8333,0.589,0,0,439.9665,3,0,0,59.9164,8826.4224,18,7,2,0.1,1,1
2,1,0.6667,0.8122,0,0,2625.8391,11,0,1,65.8423,2332.0256,9,7,11,0.2348,1,0
1,4,0.2,0.8813,0,0,1147.1188,7,0,1,32.953,99439.3591,3,0,15,1.1991,0,0
2,3,0.3076803059419918,0.9243234135014593,0,0,1572.4506766751556,10,0,0,37.45705457324329,76894.03861545115,10,7,7,1.0103625808389176,0,0
1,4,0.2,0.7618,0,0,674.4588,2,1,1,145.1139,15298.9391,1,3,2,1.479,0,0
5,0,1.0,0.1363,0,2,247.1309,6,1,0,41.3468,3066.1127,4,3,0,1.0403,1,1
5,1,0.8333,0.4244,0,2,386.5235,2,1,0,13.0415,2750.5258,11,1,0,1.6012,1,1
1,1,0.7298217919749036,0.6522737360481455,0,0,2224.9571264847773,10,0,1,424.20601814931354,45173.933642412594,6,0,16,0.20094095422650554,0,0
1,4,0.2,0.5301,0,0,2852.8588,1,0,1,880.1304,37211.7451,16,1,19,0.8138,0,0
5,0,1.0,0.5949,0,1,389.626,2,0,1,54.7311,3584.3532,7,8,0,1.0001,1,1
0,2,0.0,0.6639,0,0,3171.4114,7,1,0,519.6648,50568.4289,17,3,2,1.9319,0,0
0,3,0.0,0.7071905673041526,0,0,2317.3788622241905,6,2,0,34.465780189735646,56686.10470225541,2,3,13,1.499920365063858,0,0
4,1,0.7363682876332456,0.44765790274084305,0,2,-566.0567611852026,8,0,0,-88.79006922049987,62521.96586379951,16,7,2,0.7063936190078282,1,1
5,0,1.0,0.0241,1,6,43.4366,10,0,0,26.5602,3503.1875,6,1,3,1.3807,0,1
0,2,0.0,0.6669,0,0,2507.9826,9,1,0,4.3917,3282.2932,10,1,13,0.3868,1,0
1,5,0.07712727970581434,0.7640079578439481,0,0,2547.2217710114137,8,2,1,406.4276565720281,-23458.793942717974,15,2,2,1.6360831504597306,0,0
2,3,0.26874314989635506,0.7588532076864386,1,2,2387.7186771677075,3,1,1,189.2333274914851,32827.557793042375,17,8,1,0.7261833595493514,0,0
0,4,0.0,0.6605,0,0,368.4738,9,2,1,96.9487,6551.0835,16,8,0,2.0673,0,1
0,4,0.0,0.6312,0,0,1400.1184,10,1,1,418.7116,211774.3947,3,5,4,0.199,0,0
6,0,1.0,0.3836,0,2,3.3503,20,5,0,51.5766,10273.1301,11,9,8,1.3003,1,1
0,2,0.0,0.9056,0,0,189.2407,5,1,1,37.1517,6739.9781,6,6,19,1.2705,1,0
0,3,0.0,0.9605,0,0,3472.6915,2,0,1,11.8951,81398.1362,12,0,19,1.0763,0,0
0,2,0.0,0.5146,0,0,2285.8429,11,1,0,67.2791,199100.4707,15,6,2,0.065,0,0
0,1,0.0,0.5921812360274671,0,0,3457.848899585768,7,1,0,506.6909705279037,747946.1384102419,3,3,8,1.3999332388333003,0,0
4,0,1.0,0.3971,0,2,217.0597,2,1,0,11.1112,4492.3441,10,2,3,0.5418,1,1
1,4,0.2,0.5744,0,0,2799.5263,9,2,1,206.0723,37193.4046,7,1,2,1.2761,0,0
4,0,1.0,0.5438,1,0,292.668,3,0,0,54.0072,5931.4363,1,0,4,0.8128,1,1
1,1,0.5,0.8331,0,0,3143.8493,6,0,0,339.5834,89672.279,3,4,7,1.1259,0,0
1,2,0.4850499085055012,0.6239709687230609,0,0,1533.9238066415267,7,1,1,25.597448280065215,-38270.69511941009,14,2,8,1.7236366474427287,1,0
1,5,0.1667,0.8692,0,0,2203.0307,10,1,0,104.139,866.6255,8,8,14,1.1922,0,0
2,3,0.4,0.5368,0,0,1208.7893,4,2,1,255.0236,108693.3835,14,4,13,0.3606,0,0
0,5,0.0,0.7942,0,0,3270.8042,11,2,0,205.3732,1637.7516,17,4,18,1.4678,0,1
1,4,0.2,0.5466,0,0,1764.0801,3,2,0,1200.0,56381.7185,16,3,7,0.8984,1,0
6,1,0.8571,0.4454,1,6,35.7986,6,1,0,1.3274,406.2034,7,3,1,1.4331,1,0
1,3,0.332507733867914,0.8559083709317034,0,0,2495.171565336093,12,1,0,64.30050526540853,159301.11703714752,14,7,6,0.8146367757388611,0,0
0,4,0.0,0.736,0,0,148.9091,10,0,1,108.8515,108611.7264,8,8,14,0.8857,1,1
1,0,1.0,0.3111,1,3,15.2203,5,1,0,20.6023,5107.1508,6,2,1,0.3517,0,1
5,0,1.0,0.4026,1,7,47.6652,8,1,0,26.2501,3881.3942,7,4,2,1.1054,0,1
0,2,0.0,0.45880855668325304,0,0,3268.6173759622725,7,1,0,67.71451639410576,-2247.341306105085,17,0,16,0.2867894308783686,0,0
0,5,0.0,0.7357,0,0,225.7044,12,2,1,164.2681,528.082,5,2,7,1.266,0,0
0,5,0.13857021739403044,0.4817218431240255,0,0,2215.447210781475,7,1,1,168.24577232077593,39403.673486143496,14,6,16,1.8045833597607799,0,0
2,0,1.0,0.2845,1,4,11.693,4,1,0,15.7749,2328.1726,5,0,0,0.5926,0,1
1,2,0.3333,0.8769,0,0,1104.1327,9,0,1,63.4216,800000.0,6,7,16,0.8316,0,0
1,5,0.1667,0.5257,0,0,77.5316,5,2,1,1200.0,48486.1964,15,2,3,0.5961,0,0
1,3,0.341049898215618,0.7521784986003568,0,0,3752.1182003260833,4,0,1,45.298566334702265,116021.87383950785,8,1,3,0.9557945056059913,0,0
1,5,0.1667,0.7473,0,0,3214.6279,3,1,1,117.8341,800000.0,6,2,0,1.0115,0,0
0,5,0.0,0.4975,0,0,2478.068,4,2,0,55.6573,114331.9805,9,0,16,1.4155,1,0
1,1,0.5,0.8232,0,0,3253.5859,12,0,1,18.0562,4411.7169,9,8,4,0.5525,1,0
0,4,0.0,0.668,0,0,3466.1559,12,1,0,3.4122,1873.343,11,7,7,0.439,0,0
0,2,0.0,0.806,0,0,1179.5888,6,1,1,1200.0,15390.285,7,7,7,0.99,0,0
1,2,0.3333,0.7382,0,0,163.2906,10,2,1,81.7071,8446.7989,3,8,18,1.3409,0,0
8,1,0.8889,0.299,1,1,7.8303,21,2,0,74.5443,18149.0329,7,9,7,1.0813,0,1
1,5,0.1667,0.6794,0,0,135.6555,9,2,1,5.6932,800000.0,13,0,6,0.6868,0,1
6,1,0.8571,0.3445,1,7,4.1963,5,0,0,9.2383,747.8273,3,4,2,0.91,0,1
2,3,0.4,0.9086,0,0,2635.6363,1,0,0,51.6171,101111.1398,8,3,9,1.0802,1,0
1,2,0.39079645644839545,0.9112580414396605,0,0,1956.4571420812897,8,1,1,299.81080181785825,33714.955025850366,3,3,5,1.3967169241505315,0,0
1,1,0.5,0.4088,0,0,14.7423,4,3,1,158.7786,2315.4143,251,91,22,0.9245,1,1
0,3,0.0,0.5806,0,0,1314.2673,8,2,1,439.0434,77725.3662,3,4,1,0.8752,0,0
1,2,0.3333,0.9473,0,0,811.4126,5,0,0,54.1705,107.7447,3,7,0,0.5501,0,0
0,1,0.0,0.5365,0,0,37.3089,2,2,1,14.8617,17055.7351,8,7,17,2.0916,0,0
1,5,0.1667,0.8066,0,0,565.7062,2,0,1,90.4366,1154.1739,17,4,4,0.7526,0,0
1,0,1.0,0.0141,1,3,22.2054,7,0,0,29.3637,3624.7871,1,3,0,1.2782,0,1
1,5,0.1667,0.9514,0,0,2661.8234,10,2,1,289.8232,800000.0,2,2,10,0.7684,0,0
1,2,0.3333,0.5258,0,0,969.9423,10,2,1,78.5921,26120.1967,13,5,16,1.2034,1,0
1,4,0.21462979313817762,0.7438744767308799,0,0,1845.4749718948858,7,2,1,18.12608755342165,229701.5900125581,7,5,17,1.2502396289956539,0,0
0,3,0.0,0.7076,0,0,2545.9757,9,0,1,246.9833,5098.7976,1,7,19,1.0229,0,0
0,1,0.0,0.9889,0,0,2316.0774,2,2,1,533.1594,379494.2214,13,5,19,1.616,0,0
1,3,0.25,0.5598,0,0,1722.0793,8,1,1,94.2296,74994.8415,13,5,12,1.1927,0,0
4,1,0.8,0.0959,1,1,7.7304,51,5,0,40.6316,10805.0691,3,5,4,2.2597,0,1
5,0,1.0,0.3929,1,4,2.4142,8,0,0,15.2862,2509.3102,2,1,1,0.9296,0,1
1,2,0.3333,0.8291,0,0,134.9824,11,1,0,204.8565,22210.6645,14,2,7,1.1688,0,0
0,0,0.0,0.757,0,0,11.1626,3,0,1,100.6786,516.6081,172,14,24,1.1428,0,1
0,3,0.0,0.6364,1,2,3506.1144,11,2,1,54.9621,1254.6902,1,0,7,0.3561,0,0
0,2,0.0,0.886,0,0,2357.5437,4,1,1,60.8376,100.0,17,7,7,0.6854,0,0
0,0,0.0,0.7256,0,0,13.8855,5,2,0,169.0188,2930.7958,123,34,8,0.3108,1,1
3,4,0.4286,0.8781,0,0,611.2455,1,2,1,84.4225,423710.737,6,6,14,1.6286,0,0
0,5,0.0,0.779,0,0,1854.2898,2,1,1,235.8333,2823.1101,15,0,1,0.02,0,0
0,4,0.0,0.9531,0,0,89.2706,11,0,1,26.4998,6457.3974,3,8,4,1.3484,0,0
0,3,0.0,0.8198,0,0,240.4763,9,1,1,384.9529,266961.357,3,2,13,1.1084,0,0
0,1,0.0,0.6599182410153422,0,0,758.2024391023406,4,0,1,160.41355862456362,18820.81877948658,8,6,6,0.753660923098272,1,0
2,0,1.0,0.3341,1,7,56.6456,4,0,0,28.0896,3833.6847,2,3,0,0.7702,0,1
1,2,0.3333,0.6108,0,0,805.0641,9,0,0,225.8035,4061.5803,16,4,6,1.1102,0,0
1,2,0.3333,0.9139,0,0,664.997,7,2,1,263.3949,121234.4246,16,0,8,0.5051,1,0
4,0,1.0,0.266,1,8,46.4518,9,1,0,29.4371,5786.0602,3,0,0,1.5603,1,1
0,1,0.0,0.6638,0,0,124.7391,10,1,1,12.95,800000.0,15,7,17,1.2806,0,0
17,2,0.8947,0.064,0,1,7.1627,21,0,0,36.5416,4978.6922,3,11,7,1.1454,0,1
2,2,0.4463799687924798,0.8564284239009852,0,0,92.08447430879386,8,1,0,227.64694412784863,52669.61395755652,23,67,29,0.22377042443958364,1,1
0,2,0.0,0.581,0,0,3139.4431,9,1,1,171.3382,800000.0,17,7,18,1.2358,0,0
1,3,0.25,0.4559,0,0,495.1599,2,1,1,233.1666,516997.3359,6,2,15,1.2857,0,0
0,2,0.0,0.7866,0,0,2439.418,10,2,0,45.1156,142939.5179,4,7,0,1.1604,1,0
1,4,0.2,0.4515,0,0,57.1459,12,0,0,13.116,8062.5968,2,0,5,1.1143,0,0
1,1,0.5,0.5905,0,0,971.5146,7,1,1,398.6094,85798.6154,17,8,7,1.4268,0,0
5,1,0.8333,0.435,1,0,344.8846,8,2,0,15.0429,978.7424,3,0,3,1.2886,1,1
1,0,1.0,0.2936,0,2,548.1205,5,0,0,27.2568,2123.3896,8,7,3,1.6763,1,1
1,3,0.25,0.8693,0,0,2708.1003,4,1,1,86.1841,300900.7456,5,0,2,1.0312,0,0
1,2,0.3333,0.6534,0,0,2831.0664,11,0,1,240.7633,94508.6424,15,2,3,0.4362,0,0
0,1,0.0,0.9148,0,0,619.7376,9,2,0,155.6785,12559.6866,9,1,14,0.1428,0,0
1,2,0.3333,0.6014,0,0,356.9832,2,1,0,558.828,1308.5908,8,6,11,0.7169,0,0
0,4,0.0,0.5377,0,0,1498.0201,9,1,0,227.4605,4845.6452,12,4,0,1.0048,0,0
0,5,0.003198697113016756,0.6080292487403894,0,0,1358.3556077692974,9,2,1,557.9168943096468,59211.53566165126,3,6,9,0.23553490627177645,0,0
1,3,0.25,0.7624,0,0,2541.3007,9,0,1,212.2986,14353.2634,11,0,14,2.0185,0,0
0,2,0.0,0.6433,0,0,2682.9971,9,2,1,828.7525,90832.7061,16,7,15,1.5938,0,0
1,5,0.1667,0.4523,0,0,3065.7545,5,1,0,730.4188,5000.5159,17,2,7,0.7235,0,0
1,3,0.25,0.8421,0,0,2992.2883,9,0,1,519.5894,477963.0683,15,4,16,0.5527,0,0
4,1,0.8,0.1008,1,9,53.607,5,1,0,17.9928,360.6142,7,1,1,0.8951,0,1
0,3,0.0,0.9733,0,0,1944.0871,6,0,1,149.3148,64841.2991,9,8,12,1.1976,0,0
22,0,1.0,0.4668,0,0,1.439,13,1,0,74.1477,4230.4873,7,11,7,2.8669,0,1
1,4,0.2,0.5604,0,0,2382.3058,8,2,1,752.1479,77679.9665,12,1,2,0.2806,0,0
0,3,0.0,0.4576,0,0,792.1854,3,1,1,123.0504,426974.1869,17,7,9,0.7868,0,0
0,2,0.0,0.7097,0,0,1845.4624,9,0,1,81.0617,13477.9595,12,3,13,1.0242,0,0
2,4,0.3333,0.9174,0,0,1442.2777,4,0,0,22.5241,7272.6649,15,3,4,0.5624,1,0
0,4,0.0,0.7656,0,0,210.3958,2,2,0,999.994,12686.5168,12,0,15,0.877,0,0
1,5,0.1667,0.5772,0,0,3323.7278,9,2,1,1200.0,714.6707,17,4,5,0.6687,1,0
2,5,0.2857,0.5244,0,0,2214.5479,7,0,1,34.4909,37720.3805,9,8,2,0.507,0,0
0,5,0.0,0.7241,1,1,419.0072,6,1,1,66.306,333055.4734,4,5,9,2.0216,0,0
2,3,0.4,0.9577,0,0,89.5013,3,1,0,171.0254,9701.2359,13,5,2,0.8086,0,0
11,2,0.8462,0.3183,0,0,4.1671,16,0,0,101.2973,12723.9846,2,11,10,3.1629,0,1
3,1,0.75,0.7763,0,0,275.2788,12,0,1,115.3896,42050.3404,12,8,8,1.1017,0,0
4,0,1.0,0.4203,1,1,7.7341,24,5,0,65.8604,4265.06,10,2,5,0.6708,0,1
6,1,0.8571,0.3173,0,3,5.9301,17,8,0,27.0195,4461.7781,1,10,13,1.2514,0,1
1,4,0.2,0.9289,0,0,1757.969,3,1,1,173.9522,281520.8908,15,6,12,0.4334,0,0
1,0,1.0,0.2489,0,0,458.6786,5,1,1,12.3542,7917.1156,11,8,4,1.4273,1,1
1,3,0.25,0.9432,0,0,3555.4507,12,0,1,1200.0,10376.9997,9,4,19,0.8825,0,0
7,0,1.0,0.3523,1,2,9.8375,58,7,0,91.0305,8222.6206,8,9,3,1.6965,0,1
0,3,0.0,0.8375,0,0,1423.7554,2,1,0,34.6295,29892.8674,1,6,14,1.8865,0,1
16,2,0.8889,0.296,1,1,12.5161,36,1,0,71.5646,6503.2609,1,13,11,0.2458,0,1
5,1,0.8333,0.0143,1,4,28.278,3,0,0,11.3492,1955.0389,3,4,1,0.1,1,1
5,1,0.8333,0.3238,0,3,4.2051,20,5,0,16.4045,9299.4671,1,3,7,2.0854,0,1
2,4,0.3333,0.7276,0,0,1678.6572,11,1,0,51.6574,1320.827,3,8,15,1.4771,0,0
1,5,0.1667,0.5225,0,0,1573.2544,7,1,1,100.3729,4597.411,17,6,13,0.5545,0,0
1,4,0.2,0.7786,0,0,2453.9647,4,2,1,258.688,27802.4543,4,0,12,0.3521,0,0
0,5,0.0,0.5178,0,0,1240.8626,5,0,1,4.7078,341.4585,4,3,10,0.877,1,0
0,2,0.0,0.7616,1,2,801.3473,8,2,1,1200.0,193.2847,16,3,12,1.5021,0,0
0,5,0.0,0.7206,0,0,841.8163,12,0,1,11.3929,56582.4942,9,1,16,1.4805,0,0
0,2,0.0,0.8478,0,0,824.3572,7,0,0,13.8252,800000.0,9,5,16,0.5178,0,0
0,1,0.0,0.9708,0,0,2284.8404,11,2,1,76.1947,586025.2708,16,0,4,1.7674,0,0
1,3,0.25,0.6398,0,0,3207.3923,9,2,1,31.9924,27870.5343,2,5,12,1.7978,1,0
1,5,0.1667,0.7698,0,0,1170.0563,4,0,0,134.2803,229250.5454,8,8,18,1.0707,0,0
0,4,0.0,0.5846,0,0,678.2046,8,2,0,358.7634,4056.3285,17,4,19,0.8629,0,0
0,1,0.027767657021852115,1.0,0,0,1275.0782441691758,11,1,1,1167.398617088682,350939.92602362996,3,8,15,0.9202045991176285,0,0
0,3,0.0,0.5416,0,0,3491.0806,6,1,1,23.3161,208302.7846,14,2,8,0.8544,1,0
2,2,0.5,0.7375,0,0,2679.4437,10,0,1,169.9245,491723.6602,14,6,10,1.9966,0,0
1,3,0.25,0.5617,0,0,127.1241,2,0,0,98.2909,12987.8534,8,5,4,0.845,0,0
0,2,0.0,0.5965,0,0,2067.2212,5,0,1,423.3908,3095.1124,15,3,17,0.5341,1,0
1,2,0.3333,0.9797,0,0,1534.8137,7,0,1,57.4019,271286.3742,2,7,14,1.6246,0,0
13,2,0.8667,0.1583,1,0,4.2406,15,1,0,53.3688,13192.3907,2,2,9,1.1476,1,1
0,2,0.0,0.789,0,0,2252.6974,11,2,1,1085.7477,5656.0176,16,2,6,0.5078,1,0
0,2,0.0,0.8159,0,0,214.7986,6,0,1,253.3832,4558.8791,4,5,9,0.3888,0,0
3,0,1.0,0.1108,0,1,30.9793,7,2,1,32.8327,5461.1681,7,5,3,1.3974,1,1
0,4,0.0,0.8271,0,0,308.2994,10,1,1,15.1585,15702.3398,16,1,6,0.9962,0,0
1,1,0.5,0.2787,1,0,442.7975,3,2,1,31.9624,2437.539,9,6,2,1.384,1,1
4,0,1.0,0.2394,1,5,8.9508,9,1,0,6.987,4588.2885,6,0,3,0.8406,0,1
6,0,1.0,0.2126,1,1,8.2596,24,9,0,53.0166,14565.7222,10,9,9,1.5592,0,1
0,2,0.0,0.7082,0,0,73.8451,9,1,1,18.1981,1508.5521,17,6,17,1.0427,0,0
1,3,0.25,0.4809,0,0,2481.413,5,2,1,269.2956,1278.2743,10,6,16,0.02,0,0
0,5,0.0,0.749,0,0,1406.8163,1,2,0,304.8522,800000.0,5,3,1,1.0674,0,0
1,5,0.1667,0.8023,0,0,1221.7542,10,0,1,19.3848,12735.0,13,6,18,0.4117,0,0
10,1,0.9715340777083104,0.6294363142721069,1,1,187.04667591030233,16,3,0,-28.269084607313566,-3186.2758400741363,6,8,10,1.8163159384880794,1,1
3,5,0.375,0.8127,0,0,2180.8011,1,2,1,95.4067,84507.5085,10,5,14,0.7875,1,0
0,2,0.0,0.8001,0,0,2096.6468,12,2,1,20.8811,554.2738,7,2,5,0.0523,0,0
0,5,0.0,0.5395,0,0,2157.1483,2,2,1,8.9837,772.7962,9,1,10,1.8862,0,0
0,4,0.0,0.6627,0,0,1628.6575,4,0,1,143.6618,56898.0649,17,1,7,0.9294,0,0
1,1,0.5,0.4694,0,0,6.9879,8,1,1,225.9107,887.399,76,89,6,0.2642,1,1
0,2,0.0,0.4852,0,0,3054.0538,5,2,0,78.0879,100.0,15,6,5,1.1813,0,0
1,5,0.1667,0.5401,0,0,1179.3031,2,2,0,1.6303,7401.6316,10,8,13,1.0009,1,0
0,4,0.0,0.5759,0,0,1923.36,6,1,1,39.1064,70431.8033,3,0,1,0.4653,0,0
1,4,0.2,0.8644,0,0,3300.8548,4,1,1,270.4379,65983.0911,4,4,9,0.6926,0,0
0,3,0.0,0.6148,0,0,2101.6249,4,1,1,14.2463,2158.1501,14,5,11,0.8752,0,0
0,2,0.0,0.5992,0,0,3188.0769,2,1,1,12.7374,57283.9195,3,2,4,0.7526,1,0
0,3,0.0,0.5196,0,0,1695.5421,5,1,1,203.077,1958.6498,2,1,10,1.1784,0,0
0,5,0.0,0.7580163271785705,0,0,2279.417427485026,7,2,0,46.10682568581167,165488.5739460814,16,1,12,0.9775157351685305,0,0
2,1,0.6667,0.7781,0,0,176.2227,10,1,1,14.0397,4005.828,8,3,0,0.02,0,0
1,4,0.31301108154991586,0.813271268047252,0,0,3260.087152569247,5,1,1,641.0534696781818,-24746.779206150335,11,2,15,1.1341207900354475,0,0
3,0,1.0,0.2126,1,4,47.0242,4,1,0,5.5983,1238.5977,6,3,1,0.6109,0,1
2,3,0.4,0.4733,0,0,2812.3131,11,0,1,291.199,3515.1092,9,6,9,1.0338,0,0
1,4,0.2097197537375498,0.6583292003266286,0,0,1700.1534361073673,12,1,1,-30.023604313615646,796249.4294623991,17,6,14,0.8200202518704568,0,0
5,0,1.0,0.2584,1,1,7.327,21,7,0,65.1275,11856.7912,7,5,11,1.8928,1,1
1,1,0.5,0.4821,0,0,2068.6435,7,0,1,46.5268,238748.7718,1,5,7,0.8193,0,0
0,1,0.0,0.4842,0,0,1380.9346,8,0,1,200.4957,438052.1574,6,5,3,1.2521,0,0
5,1,0.8333,0.2049,0,1,94.8576,4,2,1,56.9544,3181.5914,7,8,4,1.2834,1,1
20,0,1.0,0.326815522694059,0,1,24.913798512030965,16,1,0,-53.20897365853088,86834.06457236712,4,7,7,2.182921428609031,1,1
2,0,1.0,0.8987,0,0,1.181,8,1,1,181.2598,1951.5548,242,49,22,0.4153,0,1
2,1,0.6667,0.9832,0,0,1883.375,3,2,0,3.3087,51648.458,7,1,14,1.1085,0,0
0,3,0.0,0.7982,0,0,3202.8086,12,2,1,16.6524,800000.0,9,7,16,0.2652,0,0
0,4,0.0,0.9591,0,0,2246.5735,11,2,0,320.1641,391262.8697,12,5,19,1.0692,0,0
0,5,0.0,0.9008,0,0,1822.1272,5,2,1,287.5503,7251.4857,8,0,0,0.02,0,0
0,4,0.0,0.5542,0,0,2167.3002,11,2,0,19.6062,2658.2388,3,1,10,0.7064,0,0
1,2,0.3333,0.4672,0,0,2436.9715,10,0,0,1200.0,800000.0,3,5,5,1.5068,0,0
7,0,0.9694892138641993,0.5223591284412393,0,2,257.575980833355,34,4,0,82.44911983534892,-34076.63577085888,6,8,5,0.5059450590401915,1,1
0,4,0.0,0.9832,0,0,1836.7488,11,2,1,1200.0,55029.5381,11,4,15,1.4071,0,0
1,2,0.3333,0.8609,1,1,360.6032,4,0,1,1200.0,106.3946,1,3,13,1.2343,0,0
1,4,0.2,0.7355,0,0,3267.7034,3,0,1,94.3617,90776.8659,7,8,0,1.8826,0,0
0,3,0.0,0.4595,0,0,2821.9075,6,2,1,1200.0,59126.5832,15,0,18,0.6063,0,0
7,1,0.9451080049675797,0.33989005444161935,1,8,514.2428595231063,5,0,0,-30.479245827044828,-47664.22816583474,3,3,3,0.4769954852310201,0,1
1,2,0.3333,0.928,0,0,813.8931,10,2,1,24.5146,15981.3906,1,7,1,0.936,1,0
1,1,0.42169344444051104,0.5355316286824485,0,0,1104.802955214133,3,0,1,5.463503974922297,55730.54954810664,7,1,15,0.8685935360406944,0,0
0,1,0.0,0.6709,0,0,1911.5956,6,0,1,71.9913,31743.2444,15,5,0,0.5842,0,0
0,4,0.0,0.6451,0,0,284.9615,7,2,1,32.5258,25276.0644,9,4,6,0.3981,0,0
0,4,0.0,0.9679,0,0,898.1146,6,1,1,206.2959,29304.4084,14,7,3,0.9502,1,0
1,4,0.2,0.9497,0,0,2969.816,6,2,0,82.2302,6172.2939,6,1,19,0.6939,0,0
3,5,0.375,0.8588,0,0,2922.8997,6,1,1,713.5481,21452.5881,17,4,14,0.5245,0,0
0,1,0.0,0.466,0,0,2171.2806,3,2,1,1200.0,40998.2336,7,8,10,0.8635,0,0
7,0,1.0,0.5062,0,3,6.1447,54,3,0,67.453,13080.5489,14,8,5,1.1092,0,1
3,1,0.8064295651669419,0.6462056871222582,0,0,1981.4579707647795,8,0,1,295.17238830819474,62910.37937466385,11,1,8,0.2330803540701832,0,0
0,3,0.0,0.619,0,0,1740.3895,3,1,0,96.4627,312632.3652,13,4,12,0.9919,0,0
21,2,0.913,0.4188,1,1,4.0708,17,0,0,115.7016,6150.9133,7,14,3,1.2128,0,1
5,1,0.8033231548420318,0.16706026035979057,0,2,253.0833911808666,7,2,1,82.586943444626,92623.48315742816,15,1,3,1.5049946630298872,1,1
4,1,0.8,0.4045,0,0,574.8272,9,0,0,28.2698,8997.0538,15,5,1,1.2335,1,1
1,5,0.1667,0.452,0,0,2994.9363,2,2,1,97.841,182881.1865,3,0,15,1.0901,0,0
7,1,0.875,0.3349,1,7,13.8281,9,1,0,1.7345,4886.6921,2,5,1,1.4307,0,1
0,2,0.0,0.5374,0,0,1627.6632,1,2,1,26.3725,800000.0,1,2,9,1.0918,0,0
0,3,0.0,0.7541,0,0,897.8817,2,0,1,12.2288,284742.213,10,8,1,0.296,1,0
3,0,1.0,0.2610394737390679,0,1,37.02058454826718,34,2,0,24.876706221451116,45407.14316360502,1,13,5,1.4919212671055024,0,0
2,1,0.6667,0.4039,1,8,43.6103,6,1,0,5.6961,2632.8107,6,2,3,1.2162,1,1
10,1,0.8298962255431097,0.08106558080583316,0,3,36.29578482987639,42,7,0,44.040994924043304,84781.32842741498,9,8,9,0.2654723429308822,1,1
5,1,0.8333,0.2829,0,0,508.7839,4,2,0,21.4281,5669.4926,8,0,4,0.6724,1,1
3,1,0.75,0.8333,0,0,2287.0206,8,2,1,85.9651,5840.1372,11,7,4,0.02,0,0
9,1,0.9,0.5888,0,3,2.5247,42,4,0,12.0699,9109.9518,12,4,3,1.322,1,1
2,0,1.0,0.4985,0,2,397.665,7,2,0,10.7698,3759.3268,15,6,4,1.0474,1,1
4,1,0.9126933647072191,0.35815292366794876,1,8,-276.87694616531314,10,1,0,49.88448643847423,-51867.4124924689,1,1,0,1.0434070521971464,0,1
1,3,0.25,0.8041,0,0,2338.2887,1,2,1,31.085,531403.4704,8,5,4,1.4924,0,0
2,0,1.0,0.37,0,0,14.5246,8,0,0,138.4002,2088.7994,198,92,19,0.1972,0,1
3,1,0.75,0.2327,0,1,2.2749,58,6,0,25.2701,12530.7159,9,3,5,0.4898,1,1
1,5,0.1667,0.6661,0,0,647.3654,3,1,1,83.0687,1805.9858,15,1,10,0.914,0,0
9,1,0.9,0.3654,0,3,8.7765,21,6,0,29.2046,5587.1894,4,7,8,1.8217,1,1
1,1,0.5,0.829,0,0,3597.2048,6,1,0,8.6802,225095.206,4,3,1,0.351,1,0
2,4,0.32702851516659964,0.7395863211534431,0,0,3819.0996109331086,5,2,1,789.6155585992075,664943.9836265,11,1,12,1.5311277925626827,0,0
0,3,0.0,0.8109,0,0,2094.6123,10,0,0,722.7737,3606.8394,15,2,9,0.4269,0,0
2,2,0.5,0.8663,0,0,2103.3349,2,0,1,323.2009,10667.7779,12,5,4,1.6832,0,0
1,5,0.1667,0.886,0,0,1513.0496,3,2,1,394.3375,1964.9533,11,6,9,0.517,0,0
0,2,0.0,0.7764505092047014,1,1,830.3419293846305,1,2,1,26.47367480400441,30318.87243914153,13,6,8,0.28732974211545054,0,0
9,2,0.8182,0.3102,0,0,19.0652,32,2,0,68.8807,5154.2174,3,10,3,1.2311,0,1
0,2,0.0,0.8252,0,0,926.7236,9,1,0,4.5073,73514.2447,13,2,1,0.7383,1,0
1,2,0.3333,0.7221,0,0,658.7641,7,1,1,185.6702,1673.8661,2,6,16,0.4921,0,0
2,1,0.6667,0.6041,0,0,2.7738,4,0,1,85.7283,1220.3188,43,74,11,0.2242,0,1
0,5,0.0,0.9517,0,0,3487.1526,3,0,0,177.3483,228809.1691,1,2,9,1.3515,0,0
1,3,0.25,0.6831,0,0,3414.7239,3,1,1,17.3312,202012.365,16,3,15,0.3059,0,0
4,1,0.8,0.4656,0,0,1528.0107,5,1,1,18.3069,1572.1965,4,3,17,1.6496,0,0
1,4,0.2,0.9672,0,0,2164.6749,2,0,1,1200.0,126514.0811,2,8,14,0.6666,0,0
1,1,0.5,0.8548,1,2,1598.71,9,2,1,31.0369,54718.4412,2,8,8,1.5677,0,0
0,4,0.0,0.5164,0,0,532.7578,9,1,1,2.125,270209.7318,5,1,17,0.6105,0,0
0,4,0.006648106756586547,0.5311088573939862,0,0,3042.369818780117,5,0,0,-6.497608393604494,6047.330091364452,5,6,5,0.5684091494464437,0,0
0,3,0.0,0.7282,0,0,489.0726,1,1,1,191.3478,4862.2719,7,6,19,0.7417,0,0
1,5,0.1667,0.5941,0,0,302.4715,1,1,1,89.9972,800000.0,3,7,17,1.9426,0,0
0,2,0.0,0.6747,0,0,1587.4828,10,2,1,559.2639,6146.5066,6,2,3,0.0574,0,0
0,2,0.0,0.7817,0,0,2170.5374,2,2,0,53.2285,39903.5349,1,5,16,0.5466,0,0
1,3,0.25,0.8996,0,0,1169.0633,5,1,1,98.9213,25506.0226,16,2,5,1.8563,0,0
1,1,0.5,0.7016,0,0,1.4433,9,3,0,272.7806,816.1378,93,96,13,0.2232,0,1
0,2,0.06217055430162121,0.9486772976254481,0,0,931.2493902341109,8,0,1,88.56804496632631,11964.093145196166,16,7,1,0.4657182728153204,0,0
1,1,0.5,0.6037,0,0,1127.0197,1,2,1,319.3673,117865.8371,10,2,14,1.2295,0,0
0,3,0.0,0.6523,0,0,1768.5666,6,1,1,1.5802,5154.7121,15,3,15,0.4913,0,0
3,1,0.75,0.3365,0,0,10.6819,6,1,1,288.0925,1986.0713,145,32,5,0.5468,1,1
0,1,0.0,0.5701,0,0,2502.6887,2,1,1,238.7487,18599.1951,11,0,3,0.3334,0,0
0,4,0.0,0.5601,0,0,1903.6934,4,1,1,99.6734,83919.2877,5,4,4,0.9946,1,0
1,5,0.1667,0.9429,0,0,1622.4024,2,0,0,375.9384,76460.3643,5,7,2,1.1615,0,0
1,3,0.25,0.8372,0,0,2738.4878,7,0,1,50.1345,4993.562,14,5,3,0.7333,1,0
1,4,0.2,0.6887,0,0,2961.5723,12,0,1,181.6675,54159.3282,13,3,0,0.9571,0,0
0,1,0.0,0.5872047121557811,0,0,3437.417014082177,9,1,0,80.97224048316153,-604.3130142233204,15,1,14,1.4475432060444589,0,0
0,3,0.0,0.4865,0,0,3374.7475,11,2,1,61.9208,1952.2497,10,6,0,0.805,0,0
1,3,0.25,0.7689,0,0,1481.2962,3,1,1,28.219,75022.3026,10,3,9,1.2778,0,0
2,2,0.42579429824322035,1.0,0,0,2999.840547570156,6,1,1,-115.89192159424225,-7594.73226105317,3,1,1,0.6776320806590814,0,0
0,4,0.0,0.8239,0,0,1716.5568,3,2,1,26.9843,51188.14,15,4,5,1.163,0,0
4,1,0.8,0.3259,0,2,84.3323,4,2,0,42.9657,710.0637,11,2,1,0.9495,1,1
0,5,0.0,0.8412,0,0,3256.9703,6,1,0,35.0944,258131.8727,9,3,17,1.2698,0,0
3,1,0.75,0.0453,0,2,5.3492,24,4,0,16.5028,12350.7963,10,5,10,1.0646,0,1
0,3,0.0,0.976,0,0,3450.7141,12,0,1,1200.0,16892.6123,6,4,9,0.4629,0,0
0,5,0.0,0.8797,0,0,3345.1554,4,0,0,15.8387,524466.961,8,6,16,0.4085,0,0
0,5,0.0,0.7931,0,0,1221.1614,7,1,1,642.8449,12171.8421,8,4,19,1.3563,0,0
0,5,0.0,0.5085,0,0,2613.1605,8,0,1,200.8603,27822.832,9,2,14,1.3986,0,0
0,3,0.0,0.531,0,0,78.5022,1,0,0,480.9284,111344.319,17,6,11,0.3616,0,0
1,1,0.5,0.4256,1,3,25.0457,6,1,0,25.0944,5805.129,7,2,1,0.7994,0,1
0,1,0.0,0.7203,0,0,739.6725,3,2,1,22.2767,916.488,4,0,11,1.3711,0,0
6,0,1.0,0.5189,1,0,0.3271,39,6,0,39.2966,11521.3666,5,2,14,0.9918,1,1
4,1,0.8,0.38,0,0,356.1793,7,1,1,32.9463,1883.5008,14,1,0,0.8886,1,1
0,4,0.0,0.9266,0,0,2275.4073,12,0,0,28.0893,918.7833,16,3,10,0.7288,0,0
1,4,0.2,0.9711,0,0,1073.092,5,1,0,5.9826,8636.4438,3,2,4,0.8589,1,0
0,2,0.0,0.6337,1,1,944.921,10,1,0,28.8223,8199.26,10,4,6,0.641,0,0
0,1,0.0,0.8932,0,0,151.1783,3,1,1,170.8835,13444.4812,13,4,13,1.5103,0,0
0,5,0.0,0.4847,0,0,790.3856,1,0,1,408.569,9240.9239,8,6,13,1.0764,0,0
1,1,0.5,0.4807,0,0,106.0138,7,1,1,50.2643,5260.2174,4,8,2,1.568,1,0
1,1,0.5,0.6849,0,0,742.9557,2,2,0,607.5697,6259.5576,15,6,17,1.9744,0,0
0,2,0.0,0.9375,0,0,2024.2198,2,0,0,27.4815,1099.4913,10,3,13,1.6509,0,0
1,1,0.5,0.6248,0,0,2228.2516,12,0,1,29.5109,203343.6549,8,5,1,0.02,1,0
4,5,0.4444,0.545,0,0,118.1474,3,0,0,9.8651,263.1452,1,1,15,0.4391,0,0
0,5,0.0,0.9338,0,0,650.2502,10,1,1,14.48,61160.8916,8,0,6,1.5228,0,0
1,2,0.3333,0.7995,0,0,3246.7211,3,0,0,101.6201,412945.2879,10,6,5,1.4624,0,0
7,1,0.9035090362422619,0.3843635221461166,1,7,132.55039009942774,2,1,0,24.523319381797617,-15575.863078155964,2,1,1,0.7207053350438253,1,1
4,0,1.0,0.4661,1,1,4.7918,31,7,0,22.4795,14463.0723,9,10,13,2.0125,1,1
0,2,0.0,0.5238,0,0,2957.0681,8,0,0,377.4981,331848.7928,4,2,11,1.033,0,0
3,1,0.75,0.7282,0,0,5.0349,4,1,0,234.9265,2580.3965,132,52,25,0.4996,1,1
0,5,0.0,0.6075,0,0,273.3844,5,1,1,26.8417,2063.6006,13,1,4,1.6654,0,0
0,1,0.0,0.5636,0,0,59.1842,1,2,1,199.0939,143239.5362,5,5,5,1.124,0,0
1,5,0.2093013119534064,0.8222648337030729,0,0,33.55183043641961,9,1,1,661.6920895838799,33075.6441007902,6,8,19,0.9618475860038339,0,0
18,0,1.0,0.0474,0,0,10.5426,16,0,0,147.4934,15765.5892,4,3,2,1.3543,0,1
0,2,0.09091859061382641,0.7362261230943663,0,0,1689.340790568565,5,2,1,5.801603334705938,18094.201414581956,5,2,19,0.6911779149716598,0,0
1,4,0.2,0.8897,0,0,2621.8933,6,2,1,111.7258,800000.0,16,5,3,1.1962,0,0
1,5,0.1667,0.8125,0,0,3518.5747,9,1,1,114.8981,11215.5004,1,8,11,1.1898,0,0
0,1,0.0,0.582,0,0,3535.4296,2,1,1,799.3118,92957.4143,4,6,7,1.2692,0,0
0,1,0.0,0.9775,0,0,2544.0243,12,2,1,117.5408,800000.0,9,2,10,0.02,0,0
0,1,0.0,0.5433,0,0,3473.0847,8,0,0,497.4356,70846.5096,8,4,3,0.7844,0,0
1,3,0.25,0.5081,0,0,592.3254,5,2,0,231.3781,5755.6174,13,6,18,1.4826,0,0
0,2,0.0,0.7935,0,0,1462.8727,3,1,1,223.6465,270108.1838,3,1,0,0.6593,0,0
1,4,0.2,0.4518,1,2,2464.42,9,2,1,46.2605,239091.0143,9,6,14,1.6125,0,0
1,3,0.25,0.9642,0,0,2349.2189,8,0,1,692.6183,20658.1858,13,5,12,1.3047,0,0
1,4,0.14556973340437912,0.8138256332257552,0,0,427.50167121732636,12,1,1,214.579934660308,70744.94254509725,5,2,2,0.5981399979808607,0,0
0,3,0.0,0.9177,0,0,2536.0186,1,2,1,19.6186,121968.843,14,6,4,0.8424,0,0
0,3,0.11413712304458364,0.6985344184410581,0,0,1601.0988120159568,8,2,1,173.33849650638993,656630.2215059618,9,7,4,0.3351429046924983,0,0
0,4,0.0,0.6181,0,0,2759.5284,11,0,0,61.5292,800000.0,2,1,10,0.6868,0,0
2,1,0.6667,0.969,0,0,232.9638,9,0,1,1076.8193,18028.4895,15,2,18,0.5655,0,0
1,3,0.25,0.8701,0,0,2986.4541,3,2,0,108.0701,1435.3832,2,1,17,1.3154,0,0
3,1,0.75,0.593,1,1,222.1032,3,1,0,56.6013,3484.2321,6,9,5,0.6639,1,1
0,3,0.11852509534839689,0.9912616394602988,0,0,2858.3117764519047,4,1,1,568.1940333977641,21836.77192385289,8,8,12,1.3329177806387074,0,0
0,3,0.0,0.4761,0,0,2386.145,12,2,1,13.6396,1696.1419,12,6,19,0.455,0,0
0,4,0.0,0.6169,0,0,2085.9916,5,2,1,24.8976,68679.5088,6,2,9,0.8201,1,0
0,4,0.014601622158358807,0.6114977704622101,0,0,520.0324901845584,5,2,0,36.24438015978355,11331.964568189753,12,8,1,0.601384243073269,0,0
0,5,0.0,0.4754,0,0,2643.5222,7,0,0,1200.0,800000.0,16,6,1,0.5843,0,0
3,0,1.0,0.3131,1,9,45.1513,4,1,0,25.5159,3770.8707,6,0,2,1.0189,0,1
0,5,0.0,0.9897,0,0,1655.3775,3,1,1,40.5501,444793.0031,6,2,3,1.7866,0,0
0,5,0.0,0.5856,0,0,628.3261,3,2,0,101.3246,108411.1796,14,5,4,1.2844,1,0
3,0,1.0,0.1741,0,2,379.9545,9,1,1,29.7499,4652.3576,18,3,2,0.869,1,1
2,5,0.2857,0.5782,0,0,2305.79,1,2,0,152.5669,4719.0033,14,2,13,0.418,0,0
0,4,0.0,0.5052,0,0,3234.7681,4,0,1,169.1276,6751.9361,3,7,16,0.3385,0,0
0,2,0.06214011018005355,0.593497779818575,0,0,2213.8684763595807,9,1,1,213.84951584325353,20436.67325440859,10,1,11,1.1901003336904474,0,0
0,3,0.0,0.5361,0,0,973.093,2,0,1,21.2637,20958.8428,5,8,1,1.2796,0,0
1,3,0.25,0.4927,0,0,1131.4268,10,0,1,128.7151,21779.999,4,1,17,1.1623,0,0
1,1,0.4405732830581456,0.46173539010148623,0,0,2008.6040295285043,12,0,1,-22.66637358127158,834491.3929364409,5,0,2,1.8413787649259006,0,0
9,0,0.988107522301617,0.0,0,1,-383.30962227321675,27,2,0,159.9341022817792,33523.04221499998,4,11,7,2.505640149681988,1,1
0,1,0.20214772518796545,0.5587824547520457,0,0,2987.5428629022013,11,1,0,-64.57166347008177,334103.2777080172,12,0,17,1.9716930417017267,0,0
0,5,0.0,0.713,0,0,900.2879,3,0,1,391.1534,22808.9498,8,3,9,1.4005,0,0
22,0,1.0,0.2842,0,1,15.6165,16,2,0,63.1372,4812.7853,8,2,3,1.2547,0,1
0,2,0.0,0.6177,0,0,2456.5049,10,0,1,111.8781,26295.0848,14,5,13,0.3854,0,0
0,2,0.07474988530242496,0.4898109743470848,1,1,1980.8726070546402,4,1,1,163.39905617408363,-52062.64935273524,9,5,13,1.219341783368889,0,0
0,5,0.0,0.8182,0,0,441.9606,3,0,1,202.5887,7456.4401,17,8,19,1.7244,0,0
1,2,0.3333,0.5195,0,0,525.146,3,0,1,32.2601,2496.3086,9,1,3,1.2642,0,0
0,4,0.0,0.5523,0,0,2151.8104,9,0,1,227.3165,100.0,16,3,11,0.5672,0,0
1,3,0.25,0.7094,0,0,1314.5104,8,2,1,73.518,800000.0,16,8,0,0.8316,0,1
4,0,0.9814441755170591,0.5566202554724778,0,2,529.3557056275829,5,2,0,-49.044215798596895,34764.166011079586,7,2,4,0.508392446324573,1,1
3,5,0.28390028877127593,0.5493781901354803,0,0,283.0320276176198,10,1,1,69.29886931823907,-2832.8971326802202,17,1,6,0.046518919384810065,1,0
0,1,0.0,0.6962,0,0,161.6909,12,1,1,148.2843,43555.4528,10,0,15,1.4166,0,0
0,2,0.0,0.5185,0,0,3061.5014,5,0,0,7.4511,11733.0192,4,0,8,0.726,0,0
1,2,0.3333,0.5169,0,0,2654.4227,7,2,1,19.2285,396846.499,16,5,3,0.8677,0,0
7,1,0.875,0.0708,1,7,14.3284,4,0,0,8.7446,2296.433,4,1,3,1.5687,1,1
0,1,0.0,0.7238,0,0,2863.2973,4,1,0,86.7664,92996.2616,11,4,4,1.6259,0,1
2,2,0.44948999342747054,0.9599033740735381,0,0,-240.2567519013254,7,3,0,64.51772339625896,-7861.990335178989,246,55,20,0.818700764098902,1,1
3,1,0.75,0.5767,0,0,2754.1232,11,1,0,268.4416,130.0403,2,0,18,0.4299,0,0
0,4,0.0,0.8664,0,0,2579.1213,12,1,1,207.3686,4177.0842,12,5,17,2.0281,1,0
2,1,0.6667,0.1931,0,2,34.1124,6,2,0,27.4069,1744.4428,15,2,0,0.1,1,1
1,4,0.2,0.9248,0,0,2991.7245,7,2,1,11.2088,1328.1661,5,0,5,1.1344,0,0
0,3,0.0,0.49,0,0,794.5431,3,0,0,99.4518,15111.8506,16,0,10,0.3209,0,0
1,2,0.3333,0.7052,0,0,3125.6314,9,1,1,800.0296,712.2462,14,8,4,1.6453,0,0
5,0,1.0,0.5545,1,0,385.3202,2,0,0,10.1687,4274.8823,18,0,2,0.6839,1,1
1,5,0.11747510668272551,0.5175490370511343,0,0,551.3197970938186,6,1,1,117.49834745212405,163464.5290033402,8,8,19,1.072742409310246,0,0
1,3,0.25,0.846,0,0,150.9191,5,1,1,1108.4145,169998.8773,12,6,14,1.1467,0,0
1,5,0.1667,0.794,0,0,3314.6839,3,1,1,1200.0,800000.0,10,5,6,1.3183,0,0
0,2,0.0,0.4691,0,0,2183.2581,8,1,0,14.2663,183906.0844,16,6,19,1.013,0,0
0,1,0.0,0.6166,0,0,2084.395,5,0,0,6.1748,9633.4622,16,3,3,0.646,1,0
2,2,0.5,0.6212,0,0,6.8743,6,3,1,86.4424,3714.1234,77,79,7,0.8496,0,1
2,0,1.0,0.6034,0,0,5.238,4,3,1,51.0757,3945.8157,54,26,29,0.2862,1,1
0,3,0.0,0.9542,0,0,2177.6824,1,0,1,494.5857,59313.9791,9,5,5,1.0304,1,0
0,2,0.0,0.5289,0,0,2273.686,1,0,0,541.5859,477776.1863,11,7,19,1.8961,0,0
0,1,0.0,0.9438,0,0,583.4112,6,1,1,26.8395,9166.5333,15,3,10,1.1944,0,0
1,4,0.2,0.9051,0,0,328.2002,6,1,1,22.3005,12994.7663,17,8,4,0.2674,0,0
1,4,0.25090212290225367,0.8881978149406211,0,0,2026.562378477257,10,0,1,39.992786599845644,261404.02230387385,11,5,16,1.5751416863848724,0,0
2,1,0.6667,0.5157,0,0,29.6925,6,2,1,48.5148,6316.4044,14,6,1,1.4249,1,1
0,3,0.0,0.8971,0,0,2673.2221,6,0,1,57.0558,6251.1387,8,0,16,1.5734,0,0
0,4,0.0,0.8557,0,0,1048.6946,1,0,1,587.3854,109278.4163,12,3,16,0.8759,0,0
5,0,0.9197207095549085,0.22585694705512163,1,1,-120.04487447074678,7,2,0,24.014845030341604,43230.44518029611,13,5,4,1.4881604551160772,1,1
1,2,0.3333,0.8512,0,0,14.7575,7,3,1,174.9611,3565.99,85,39,18,0.2802,0,1
0,1,0.0,0.7299,0,0,1310.7844,10,2,1,14.2857,38570.5387,16,7,11,0.4241,0,0
0,1,0.0,0.5429,0,0,449.5903,2,2,1,81.3596,6142.462,16,7,19,0.4505,0,0
1,5,0.1667,0.5124,0,0,1271.656,4,0,1,1200.0,57616.0661,14,4,9,0.6854,0,0
1,4,0.2,0.6798,0,0,3522.8497,8,1,0,105.8635,724.8026,12,6,6,0.6822,0,0
1,2,0.3333,0.9143,0,0,3113.094,7,0,1,767.384,867.2054,12,2,7,0.3077,0,0
0,5,0.0,0.9737610203415662,0,0,1004.5382646092304,12,0,0,1016.6632643303578,320557.69914001756,9,0,18,0.9502560708268384,0,0
0,2,0.0,0.9296,0,0,2798.8871,1,0,1,820.5934,444415.879,11,3,2,0.7673,0,0
2,2,0.5,0.8891,0,0,2664.7118,7,1,1,1200.0,113121.8804,6,6,12,0.3367,0,0
0,2,0.0,0.6,0,0,2565.8441,11,1,1,146.0449,1124.9689,12,2,17,1.9132,0,0
3,1,0.720523423384239,0.6574404688035436,0,0,-86.13113999930306,5,1,0,250.23667651324155,46640.72429726051,191,78,24,0.5984543641961398,0,1
0,1,0.0,0.7508,0,0,1348.8336,11,1,0,1200.0,25415.9918,7,7,17,1.337,0,0
22,1,0.9565,0.3952,0,1,11.4493,23,2,0,148.4231,11262.4036,2,11,9,1.4471,0,1
1,3,0.25,0.6861,0,0,1316.395,3,0,1,89.1338,6933.3747,16,0,6,0.0948,0,0
1,2,0.3333,0.7362,0,0,1957.0851,4,2,1,596.779,95428.5205,12,6,17,1.4033,0,0
0,3,0.0,0.488,0,0,201.0271,11,1,1,11.4937,1087.2951,15,7,16,1.1257,0,0
0,2,0.0,0.5581,0,0,3045.607,8,1,1,323.8209,11609.702,13,2,13,1.6473,1,0
0,4,0.0,0.8174,0,0,46.2769,6,2,1,71.0605,24782.0105,5,6,11,1.2769,0,0
3,2,0.6,0.6787,0,0,2287.6863,9,1,1,122.4531,800000.0,17,2,7,1.1522,0,0
0,4,0.0,0.9592,0,0,972.5755,3,2,1,15.1564,11775.991,1,6,14,0.9456,0,0
0,4,0.0,0.8116,0,0,3465.0312,2,2,1,25.5281,45344.3788,13,3,1,1.4757,1,0
5,2,0.7143,0.0846,0,0,13.5962,30,2,0,72.2053,5475.1772,6,9,6,0.832,1,1
0,2,0.0,0.4084,0,0,9.0905,3,0,0,79.036,1818.6946,242,59,27,0.4526,0,1
22,1,0.9565,0.5526,0,1,10.2394,34,2,0,71.4308,15998.5861,2,9,5,1.312,1,1
1,3,0.25,0.7904,0,0,1241.8173,9,2,1,685.4634,1077.1196,9,2,13,0.578,1,0
22,1,0.9565,0.5399,0,1,11.2121,28,1,0,24.892,15153.3111,5,11,11,2.4655,0,1
0,4,0.0,0.4951,0,0,3058.4608,4,1,1,63.6666,37244.7809,6,5,8,0.6741,0,0
0,5,0.0,0.7716,0,0,2946.2644,11,0,0,259.0241,11940.0852,4,3,6,1.4407,0,1
1,0,1.0,0.5302,0,0,7.2767,8,3,0,227.7852,3318.68,283,88,20,0.568,1,1
1,3,0.25,0.8676,0,0,2751.3326,12,0,1,100.6315,9227.8833,7,4,1,1.676,0,0
1,4,0.2,0.9189,1,1,1172.0979,12,1,1,31.3017,4994.686,13,7,9,0.4939,0,1
0,1,0.0,0.4633,0,0,237.4876,8,2,1,754.017,33895.5501,15,2,14,2.1332,0,0
0,3,0.0,0.9174,0,0,594.8945,12,0,0,50.4625,800000.0,2,1,4,0.8908,1,0
6,1,0.8571,0.0198,1,6,13.531,3,1,0,24.6266,3850.6237,6,4,1,1.0649,0,1
1,4,0.2,0.525,0,0,1729.2387,11,1,1,1096.6431,342399.1613,7,2,15,0.8837,0,0
0,4,0.0,0.5213,0,0,34.9085,9,0,1,1200.0,410.7102,11,2,15,1.6081,0,0
1,5,0.1667,0.7869,0,0,1773.3818,4,2,1,37.0036,4426.5191,17,3,8,1.1395,0,0
0,4,0.0,0.8695,0,0,659.8231,7,0,1,12.2233,15238.5414,12,2,14,0.8157,0,0
0,2,0.0,0.542,0,0,655.1566,7,1,0,601.2787,34763.7609,4,0,9,0.5641,0,0
0,3,0.0,0.6416,0,0,1510.5663,8,2,1,117.3155,2684.8438,17,0,7,0.059,1,0
1,5,0.1667,0.8178,0,0,655.5253,6,1,1,2.2212,800000.0,6,4,18,0.5864,0,0
2,2,0.5,0.9037,0,0,270.4399,2,1,1,7.3844,232014.7553,1,8,12,0.6178,0,0
1,1,0.5,0.8135,0,0,2362.3952,10,2,1,42.6989,25279.9222,6,8,14,0.713,0,0
1,1,0.5,0.9846,0,0,1911.7746,9,2,1,129.9505,504863.4305,8,0,15,0.5096,0,0
0,3,0.0,0.5474488209388833,0,0,1342.4405388827477,3,0,1,523.8008628881785,70354.40133701221,9,2,5,1.617221792774191,1,0
1,2,0.3333,0.6197,0,0,1948.3965,7,1,0,46.9731,312018.5795,4,5,5,0.542,0,0
0,2,0.0,0.441726537097026,0,0,1780.0409915854043,11,2,1,223.26956565115864,348700.1970861836,8,6,7,0.5781642740271707,0,0
1,3,0.25,0.6236,0,0,1473.5544,11,2,0,17.1603,30263.4441,3,2,11,1.1007,0,0
3,0,1.0,0.6872,0,0,9.3622,8,3,0,106.0491,3655.1251,54,47,21,0.3409,0,1
0,2,0.0,0.5825,0,0,824.335,4,0,1,827.6667,37998.7574,3,3,0,0.02,0,0
0,2,0.0,0.6234593053904645,0,0,792.0282868825668,8,0,1,171.43013982028998,-23056.1737467729,9,0,15,0.5625275444538018,0,0
0,5,0.0,0.6345,0,0,3171.7196,9,0,1,738.2958,2245.0799,13,8,5,0.8036,0,0
1,2,0.3369631488234082,0.6289190079117618,0,0,1525.3518082196292,2,2,1,355.67012713133056,255114.2339003566,5,4,18,0.5470242793081566,0,0
0,2,0.0,0.8299,0,0,1672.721,4,1,1,471.2359,9598.4204,12,4,3,0.6964,0,0
0,4,0.0,0.935,0,0,2413.7915,7,1,0,93.6632,800000.0,3,2,17,0.5301,0,0
0,1,0.0,0.8155178102940863,0,0,1768.2254027980139,12,0,0,312.5515987623651,119333.4092665069,3,7,4,1.3300682661077823,0,0
0,2,0.0,0.9332,0,0,1412.4323,3,2,1,387.3947,223.0842,10,4,13,2.3672,0,0
5,0,1.0,0.4234,0,1,436.7832,1,1,0,44.8099,8061.6284,6,0,1,0.9855,1,0
0,2,0.0,0.742,0,0,2148.0373,6,1,1,17.2102,4397.9846,11,4,1,0.939,0,0
1,3,0.25,0.7183,0,0,3283.1762,3,2,1,92.9462,150837.0053,17,8,15,0.8387,0,1
1,1,0.5,0.3526,0,0,4.2356,6,0,1,45.2734,4612.1004,27,82,10,0.7254,0,1
0,2,0.0,0.4623,0,0,1251.0562,1,2,1,27.4505,673641.215,13,4,18,0.9167,0,0
1,3,0.25,0.7304,0,0,1951.3312,8,2,1,1.9217,23428.2421,17,0,16,1.3,0,0
2,1,0.6667,0.4814,0,0,2809.226,7,0,1,68.7665,9272.8043,8,4,7,0.6316,0,0
10,0,1.0,0.0029,0,0,7.2397,41,4,0,39.7714,2183.8859,14,1,4,2.0142,1,1
1,5,0.1667,0.8847,0,0,655.9929,12,1,0,19.9799,65526.2008,3,1,0,0.8555,0,0
4,3,0.5714,0.4737,0,0,3124.877,10,2,1,91.4393,420487.3374,11,0,19,0.9138,0,0
0,3,0.0,0.8445893314437276,0,0,2216.0429910676867,2,0,1,200.17318094482454,137622.50312511652,12,5,9,1.289100185995342,0,0
0,5,0.148046771838863,0.3793169176058991,1,1,3047.332156369068,10,1,1,6.430052424475093,113458.09172046676,16,1,16,0.06767592523495466,0,0
0,1,0.008757482463064757,0.9368925190556671,0,0,2605.4244004065836,6,2,1,108.8710627150279,-51510.75307983917,14,3,19,0.9337502265952823,0,0
5,0,1.0,0.0906,0,3,3.3017,54,8,0,70.2986,6377.9393,2,8,12,2.4643,0,0
0,3,0.0,0.9189224798749195,0,0,3785.824999910445,9,2,1,172.87299381095772,62924.5167294965,2,2,3,0.8565376116110779,0,0
2,1,0.6667,0.8528,0,0,846.6801,5,2,1,446.8182,43175.4695,12,6,17,1.6491,1,0
6,0,1.0,0.0767,0,0,19.4104,10,0,0,130.2044,12592.8665,6,13,5,0.2482,0,1
0,4,0.0,0.7424,0,0,219.0013,12,0,1,13.6122,82244.374,17,8,9,1.5411,0,0
2,3,0.4,0.7641,0,0,3483.801,1,2,1,104.1848,11354.1906,7,7,0,1.7142,1,0
1,3,0.25,0.9473,0,0,928.9062,9,1,1,401.3249,212510.5045,2,0,6,1.2699,0,0
1,4,0.2,0.788,0,0,2461.8939,6,1,1,231.3008,95116.0502,5,5,14,0.9547,0,0
5,0,1.0,0.1678,0,3,6.1414,45,3,0,31.5911,8554.4326,13,11,3,0.3042,0,1
0,5,0.0,0.6386,0,0,552.4169,3,0,1,613.6906,71811.5971,13,3,5,1.4191,0,0
0,3,0.0,0.8419,0,0,818.9058,3,0,1,61.2729,86960.5853,6,5,5,0.5922,0,0
0,1,0.0,0.841,0,0,1098.8549,4,2,1,352.364,259518.5297,13,5,17,0.4704,0,0
0,1,0.0,0.499006550226616,0,0,2906.396862433027,8,0,1,-29.539117219665883,16581.08460056316,12,2,6,1.0787211555285516,0,0
0,5,0.0,0.5264,0,0,1661.1019,4,2,1,556.166,16344.7352,14,0,14,0.8964,0,0
5,0,1.0,0.1549,1,1,4.7508,17,1,0,145.1466,17361.1197,8,13,7,1.1145,0,1
2,4,0.4779728879863777,0.5319230967548866,0,0,855.3884086999138,9,1,1,59.59068783136978,778118.8237657556,7,4,13,1.3865794355203978,0,0
1,5,0.1667,0.7809,0,0,1504.9797,10,2,1,927.5407,11185.4618,3,5,10,0.9383,0,0
1,4,0.2,0.5373,0,0,419.2139,5,0,1,370.3108,182.5868,14,8,17,0.7643,0,0
8,1,0.7862698058561152,0.525094915033073,1,2,541.0747250501503,40,9,0,60.02606028153091,-74989.52728425326,12,7,8,1.3147723771704116,1,1
0,1,0.0,0.8826,0,0,7.8645,4,0,1,280.224,4592.323,16,26,20,0.9164,1,1
0,3,0.0,0.6261,0,0,2621.7457,8,2,1,122.3692,800000.0,1,1,4,0.6682,0,1
22,2,0.7519595656598301,0.0,1,1,93.76284718950613,27,2,0,92.03728881492091,-25791.767330420073,9,8,2,0.28458120058799613,1,1
1,3,0.25,0.4917,0,0,1220.6513,4,0,1,18.9449,2742.7859,10,6,14,1.4449,0,0
0,1,0.0,0.795,0,0,11.9952,6,2,1,232.9605,2076.783,200,46,8,0.2111,0,1
0,2,0.0,0.6978,0,0,3160.6081,11,1,1,83.2099,800000.0,1,8,17,1.9706,0,0
1,1,0.5,0.3646,0,1,73.6028,9,1,1,14.9552,3672.1991,7,5,2,1.4577,1,1
0,3,0.0,0.628,0,0,56.1062,6,1,0,203.2399,16971.3701,7,6,16,0.7011,0,0
0,2,0.0,0.651,0,0,3480.7883,11,1,1,688.642,9294.3548,2,0,17,1.1801,0,0
0,5,0.0,0.6065,0,0,439.0715,12,2,1,148.1595,322.3894,9,8,19,1.2056,0,0
0,0,0.0,0.7717,0,0,1.6757,9,0,0,88.3382,4064.1861,246,84,7,0.0,0,1
1,1,0.5,0.7042,0,0,10.4564,3,2,0,298.2414,2572.461,114,47,29,0.5916,1,1
6,0,0.9629304759267008,0.32838385040919826,1,7,344.6648292982419,3,1,0,-71.75707634531858,67322.56938438749,7,5,3,1.1305739447332568,0,1
7,0,1.0,0.0964,0,0,11.7121,23,0,0,45.2195,13163.5605,2,6,6,0.9156,1,1
0,1,0.0,0.5415,0,0,3246.543,5,1,1,17.4181,158434.5745,1,7,8,0.6701,0,0
1,2,0.3333,0.5307,0,0,1741.9964,4,0,1,35.3626,43755.6818,17,8,13,0.91,0,0
0,2,0.10808477632971138,0.6800524500406713,1,1,1206.4820499089753,2,0,1,52.67823663009726,-82651.89582518494,10,8,10,0.1309653626782881,0,0
0,5,0.0,0.5278,0,0,3535.2709,12,1,1,103.1792,11059.5115,5,1,13,0.8026,1,0
17,2,0.8947,0.179,0,0,14.8391,39,0,0,103.1207,19259.2845,6,7,8,0.3776,1,1
1,2,0.3333,0.9182,0,0,1820.6567,10,0,1,194.0522,296861.2068,7,6,17,0.2752,0,0
1,1,0.5,0.3289,1,8,6.3803,2,1,0,11.7615,3942.737,3,4,3,1.3545,0,1
0,4,0.0,0.5929,0,0,742.8013,2,2,0,378.256,195432.1036,15,0,19,0.9326,0,0
1,5,0.21550980438308323,0.8829100470884487,0,0,2644.0395201739098,7,0,0,242.39871988560455,697790.3118881906,4,8,7,0.8276960361811064,0,0
1,2,0.3333,0.8461,0,0,1805.3036,12,2,0,31.9004,32272.5302,7,8,10,1.4421,0,0
1,4,0.2,0.4831,0,0,2978.9233,4,0,1,518.9849,3123.0969,10,1,4,0.6291,0,0
1,3,0.23823328441499758,0.6944395962154417,0,0,1378.3051777815426,8,2,1,-16.90095658456108,45800.24837352833,5,5,0,0.9288644918797395,0,0
9,0,1.0,0.3063431935391354,0,0,-444.25908651142856,21,2,0,191.8784045057666,44697.45211981536,3,11,4,0.9756751152242612,0,1
0,4,0.0,0.531,0,0,1832.0262,5,1,1,45.1521,7533.99,16,0,8,0.633,0,0
2,1,0.6667,0.8062,0,0,6.0324,8,3,1,91.9177,2174.2204,151,29,23,0.5673,0,1
0,5,0.0,0.5433,0,0,1627.3158,12,0,1,36.2069,79654.842,12,1,17,1.6795,1,0
1,4,0.2,0.694,0,0,1364.0675,1,0,1,190.0585,63855.2712,12,2,17,1.4455,0,0
1,3,0.25,0.645,0,0,99.6795,4,1,1,1.0442,11913.7526,11,3,1,0.4862,1,0
0,1,0.0,0.9707,0,0,2361.5243,4,0,1,100.4307,22339.1645,16,5,7,0.4076,0,0
1,1,0.5,0.631,0,0,1958.7177,6,0,1,421.8731,204505.1959,15,7,19,0.9379,1,0
0,2,0.0,0.7634,0,0,369.1284,11,0,1,142.5604,75607.8907,10,4,19,1.0055,0,0
1,3,0.25,0.7649,0,0,220.7286,1,2,0,10.5961,6636.0482,7,5,15,1.2278,0,0
3,2,0.6,0.4541,0,0,3003.3133,8,1,1,57.7095,308509.2588,1,2,5,0.3963,0,0
0,4,0.0,0.5779,0,0,2575.0745,11,0,1,101.9146,18361.2935,2,2,9,1.637,0,0
0,1,0.0,0.5349,0,0,635.837,1,0,1,35.2851,65896.9574,14,1,1,0.4135,0,0
1,1,0.5,0.7139,0,0,10.4899,9,0,0,71.405,4634.4788,293,69,9,0.3811,0,1
0,3,0.1103541711098744,0.5525703098015696,0,0,1272.4255252910166,10,1,1,-73.40236315548786,14113.18324558948,2,0,17,1.5554094384952584,0,0
0,1,0.0,0.3828284259596294,0,0,2670.414647372585,7,2,1,255.86139060619385,262761.12696905487,6,7,17,1.0785614863620179,0,0
1,5,0.1667,0.6145,0,0,1840.6175,12,0,0,9.1103,21167.6429,8,4,7,1.0206,0,0
2,5,0.2857,0.7807,0,0,210.7156,4,0,1,254.9541,25691.5164,7,5,12,1.0416,1,0
4,0,1.0,0.2766,0,0,116.0605,9,1,1,24.8258,660.9675,15,3,2,0.5288,1,1
16,1,0.9412,0.2572,0,0,16.4793,19,2,0,73.2759,12313.0958,3,4,3,1.9154,0,1
4,0,1.0,0.4743,1,3,1.1425,17,5,0,88.1214,5539.9218,6,8,13,0.9404,1,1
0,4,0.0,0.5933,0,0,1684.1579,1,2,0,179.1439,22198.745,10,4,5,0.7731,0,0
1,2,0.3333,0.4941,0,0,306.0428,8,2,0,43.1617,491.4842,7,4,3,0.8687,1,0
0,2,0.0,0.6637,0,0,3444.9282,4,1,0,1190.8201,5887.7191,15,4,19,0.9754,0,0
1,4,0.2,0.4691,0,0,295.3906,10,0,1,1.0,16247.3185,3,8,18,1.8771,0,0
1,1,0.5,0.6823,0,0,811.2478,7,1,1,581.6609,36518.4203,5,4,7,0.1963,1,0
0,1,0.0,0.6356,0,0,2585.1937,10,0,1,37.392,16375.8587,4,5,7,0.3893,0,0
11,0,1.0,0.3338,1,1,3.7181,15,3,0,30.8384,10657.2913,9,11,4,1.3271,1,1
1,5,0.1667,0.5017,0,0,2460.538,1,1,1,20.5965,800000.0,17,6,6,1.0798,0,0
0,3,0.0,0.9084,0,0,985.9617,4,0,1,4.8648,11261.0401,10,3,17,0.9407,0,0
1,4,0.2,0.92,0,0,1746.7278,3,0,1,283.9746,26709.9289,11,1,2,1.1051,0,0
0,4,0.0,0.8548,0,0,2185.8241,8,1,1,34.5485,82316.271,7,2,14,0.6464,0,0
1,4,0.2,0.8342,0,0,2184.4224,2,2,1,137.4994,40445.3452,4,6,19,0.02,0,1
0,1,0.0,0.8178,0,0,3071.3178,2,2,1,29.3948,1531.1678,13,1,18,1.233,1,0
0,4,0.0,0.5676,0,0,3275.8714,10,1,0,13.662,86323.7079,15,2,17,1.5532,0,0
3,1,0.7090151790939483,0.09507964946011518,0,1,565.138915476358,4,1,0,-99.71769248689495,4395.191756231766,7,9,0,1.3623426217721943,1,1
0,5,0.0,0.7741,0,0,448.12,6,0,1,4.1721,23410.0925,5,2,7,1.765,0,0
5,3,0.625,0.7594,0,0,1900.371,1,0,1,53.522,14194.9128,10,4,17,1.1067,0,0
1,4,0.2,0.8998,0,0,1980.4929,2,0,0,479.7012,284.7553,8,1,15,1.4395,1,0
0,5,0.0,0.964,0,0,814.9583,5,0,1,44.9174,6442.9441,14,1,9,1.5045,0,0
3,4,0.4286,0.6886,0,0,991.6067,4,0,0,49.8858,5097.5554,8,3,10,0.8576,1,0
1,5,0.1667,0.6226,0,0,2839.4488,8,2,1,82.3166,14310.4888,7,2,1,1.0452,0,0
0,1,0.0,0.8956,0,0,1983.7288,4,2,1,110.4949,191598.3112,2,8,9,0.5757,1,0
2,1,0.6667,0.539,0,0,2385.946,5,2,1,679.9698,6466.5976,12,7,5,2.4352,0,0
0,2,0.0,0.9681,0,0,2565.3234,11,0,1,870.9862,202812.1095,15,6,2,0.902,1,0
0,2,0.0,0.6756,0,0,1235.5017,1,2,1,906.6583,10309.0125,11,5,13,1.824,0,0
0,5,0.0,0.632,0,0,84.6014,4,0,1,338.8615,8107.2018,2,8,11,1.2571,0,0
1,3,0.25,0.9755,0,0,3163.3107,6,2,0,126.5624,83188.9632,11,7,6,1.2764,0,0
2,4,0.3333,0.6152,0,0,247.8303,7,0,1,225.0093,122371.3345,8,3,11,0.8879,0,0
1,1,0.5,0.4908,0,0,458.227,12,1,1,20.2121,99139.7219,1,1,6,1.4852,0,0
6,0,1.0,0.33195264955529846,1,9,400.4111103667027,4,0,0,120.53885275207821,92056.17213756361,4,2,3,0.8837955530076892,1,1
0,3,0.0,0.45,0,0,638.7939,9,0,1,78.1573,12801.4645,2,1,11,0.8758,0,0
2,2,0.5,0.9649,0,0,1160.0132,7,2,1,737.1987,721682.7648,17,1,9,0.6738,0,0
1,3,0.25,0.5342,0,0,2024.4002,10,1,0,755.9143,10964.5991,7,4,4,1.5643,0,0
6,0,1.0,0.0826,1,5,37.4505,8,0,0,2.2232,1858.7141,3,5,2,0.7447,1,1
6,2,0.75,0.0095,0,1,1.4161,39,1,0,52.941,19831.2597,7,2,11,1.4935,0,1
3,2,0.6,0.7523,0,0,12.8099,1,0,1,114.495,4751.0322,84,53,27,0.6236,1,1
1,2,0.4377134606521674,0.5623522113351087,0,0,-91.27496116176846,6,3,0,259.3022389166175,27859.713704893147,57,38,16,0.469101731750718,1,1
0,1,0.0,0.5627,0,0,1077.8962,1,1,1,1200.0,17290.9104,17,2,0,1.3939,1,0
0,2,0.0,0.6109,0,0,3524.2854,3,1,0,376.0411,620546.4025,9,3,17,0.3374,1,0
1,5,0.1667,0.8631,0,0,3146.2384,10,2,1,8.4614,208146.7948,15,7,0,0.7797,0,0
0,1,0.0,0.9033,0,0,3179.7788,11,1,1,43.1224,1425.2178,17,0,12,1.2011,0,0
9,2,0.8182,0.2024,0,0,13.9521,20,1,0,52.1114,6601.5777,2,14,8,1.6029,0,1
0,1,0.0,0.9641,0,0,2293.902,5,0,1,57.3757,23146.7019,2,7,1,1.013,0,0
0,5,0.0,0.8116,0,0,59.2886,2,2,1,40.4412,77725.2745,17,2,7,0.9218,0,0
1,4,0.2,0.8292,1,2,2707.8244,3,0,1,460.0848,21339.6249,5,7,12,0.2408,0,0
5,0,0.9446027604884566,0.5375891587428628,1,1,-85.1452027582511,1,0,1,-36.995306266693284,-27713.670837335318,15,4,0,0.41994850654221727,1,1
1,4,0.24344742590158042,0.5970195380469553,0,0,3012.073581686204,9,1,1,257.22615148678756,86661.16906100494,15,4,11,1.1278737460904038,0,0
16,2,0.8889,0.2446,0,0,8.6453,22,1,0,72.922,19204.6374,8,10,6,2.3316,0,1
2,1,0.6667,0.852,1,2,2893.0434,10,0,0,628.158,78925.3452,5,3,5,1.0531,0,0
17,2,0.9586892442616854,0.0,0,1,81.01155966632703,10,0,0,-15.243942900345775,-41533.272466265655,5,6,9,1.06576249093056,0,1
0,2,0.0,0.5804,0,0,1629.4082,9,0,1,112.0048,2486.1989,10,5,8,0.8606,1,0
0,1,0.0,0.4929,0,0,1677.2282,4,1,1,65.9916,130577.1551,1,2,9,0.3902,0,0
1,4,0.2,0.5701,0,0,3341.951,11,2,1,73.4652,9742.1919,17,1,5,0.9022,0,0
1,5,0.1667,0.4908,0,0,1365.245,2,0,1,223.3781,12366.3873,8,5,11,0.1133,0,0
0,4,0.0,0.6771,0,0,3389.8353,12,1,1,234.5972,16269.2823,11,1,8,1.4647,0,0
12,2,0.8571,0.242,0,0,1.2407,37,1,0,27.8258,4244.4214,7,2,2,2.3929,0,1
1,3,0.25,0.9176,0,0,929.1808,11,2,1,297.1211,7326.2223,7,3,3,0.8897,0,0
6,1,0.8571,0.0356,1,9,58.2327,10,0,0,26.6747,772.1206,7,2,2,1.506,0,1
1,2,0.3333,0.9665,0,0,646.699,3,2,1,9.8861,2618.8486,4,4,18,0.8704,0,0
0,5,0.0,0.7478,0,0,1010.7158,2,2,1,1200.0,3022.938,2,0,6,1.2193,0,0
0,1,0.0,0.9764,0,0,2272.527,4,1,0,32.1667,41330.7369,12,1,19,1.452,0,1
0,1,0.0,0.6842,0,0,2263.1958,3,1,1,1043.4476,72804.2248,12,4,10,0.8758,0,0
1,3,0.13712909839922233,0.5168966707878928,0,0,1061.0609773046683,9,1,1,182.43499529645695,-72268.9208751172,5,3,6,1.1675547326552103,0,0
1,5,0.1667,0.6754,0,0,287.7922,10,1,1,360.1629,800000.0,12,1,12,1.1526,1,0
0,4,0.09840426193874091,0.5040390304594439,0,0,397.705999357523,5,0,0,181.7386294578613,222256.7687974752,10,8,2,1.5653117465236448,1,0
0,5,0.0,0.8758,0,0,1264.6164,8,2,1,20.9343,156.1621,8,0,11,1.7632,0,0
0,3,0.0,0.6775,0,0,1540.3899,6,2,0,174.4256,1635.6375,1,4,16,1.0007,0,0
8,2,0.8,0.224,1,0,19.3465,36,1,0,94.3441,11011.0935,3,12,9,0.9204,1,1
1,2,0.29300642245434794,0.7468971267775444,0,0,719.7576985768866,5,0,0,1226.3032198837702,36592.59884837098,17,0,4,0.13927404806592905,0,0
2,4,0.31293320832712024,0.6232730559963966,0,0,109.67638328018785,5,2,1,226.8967607211669,-11177.05807942219,7,6,16,1.2693364815070354,0,0
0,2,0.0,0.8253,0,0,1127.646,9,2,0,3.7774,98654.9833,16,7,19,2.3078,0,0
1,4,0.2,0.5704,0,0,1179.9883,9,2,0,1200.0,15823.8996,16,2,9,0.6174,0,0
0,5,0.0,0.6932,0,0,600.3287,2,0,1,374.7901,1955.1613,6,6,5,0.6632,0,0
1,4,0.2634794208876377,0.6146422453359645,0,0,3551.4354810267423,5,2,1,475.2245665393706,98450.69348386844,2,5,16,0.7363578461217938,0,0
10,1,0.9091,0.4321,0,0,5.3429,18,4,0,26.0784,13753.6104,8,7,11,1.5575,0,1
4,1,0.8,0.2004,0,0,9.5202,1,0,1,57.5677,3313.475,4,5,0,0.3461,1,1
14,0,1.0,0.4214,0,1,17.4964,38,0,0,80.0091,13674.6703,4,11,10,1.9481,1,1
1,5,0.1667,0.8977,0,0,2498.9877,8,2,0,111.3191,8106.4013,5,5,8,0.02,0,0
0,0,0.0,0.279042241470035,0,0,-359.0047572687969,6,3,0,197.23321755755862,94261.43816679003,173,90,16,0.7588564436416865,0,1
5,0,1.0,0.1125,0,0,6.1974,39,8,0,31.8508,7184.4392,2,10,4,0.8824,1,1
1,2,0.3333,0.887,0,0,1145.6216,7,1,1,283.4382,277978.6404,5,6,14,1.4558,0,0
1,1,0.5,0.976,0,0,2112.4717,6,0,1,248.1497,16343.4855,10,4,4,0.6316,1,0
4,1,0.8,0.236,1,7,8.3735,11,1,0,11.6501,4876.4296,4,1,1,1.1217,0,1
1,2,0.40548483864091855,0.8898547437549378,0,0,1554.1963203489106,5,0,0,703.8656985562309,375713.7716466457,17,5,6,1.1460891123113592,0,0
3,1,0.75,0.2409,1,3,6.3744,22,2,0,88.3114,10382.3644,11,7,3,0.6848,0,1
0,2,0.0,0.5083,0,0,1157.2188,8,1,1,50.0014,15558.7221,10,3,13,1.9372,0,0
2,1,0.6667,0.5186,0,0,1588.8675,10,1,0,84.3956,75323.8602,2,3,14,0.4487,0,0
2,3,0.35017111971741055,0.9754706526261571,0,0,388.007192096211,10,2,1,-17.238806755669124,81099.41588922856,14,5,8,1.1872843653236642,0,0
1,2,0.3333,0.786,0,0,1748.9343,1,0,0,123.1605,800000.0,15,8,18,0.7898,0,0
17,1,0.9444,0.4705,0,0,1.0973,21,1,0,77.3886,9511.0796,1,2,6,0.9869,0,1
19,0,1.0,0.1017,0,0,16.2939,11,1,0,105.2331,18407.3239,7,2,5,0.771,1,0
1,5,0.1667,0.6162,0,0,1310.1946,9,2,0,63.93,5785.0368,9,3,17,1.776,0,0
1,1,0.6247606675062716,0.8955930671768535,0,0,2623.4239601020304,9,1,1,21.788402758109754,494119.88354323554,15,1,18,1.228911185310034,0,1
2,0,1.0,0.4306,0,0,14.9949,1,0,1,186.1226,2876.1457,64,61,15,0.46,0,1
1,1,0.5,0.5684,0,0,2664.681,10,2,1,34.4392,2924.393,17,7,1,1.8559,0,0
2,4,0.3333,0.6006,0,0,2056.1662,6,0,1,646.909,14199.2192,15,5,0,1.4364,0,0
8,0,1.0,0.4255,0,1,2.0295,53,4,0,17.6835,14197.2946,7,2,5,0.9752,1,1
9,2,0.8182,0.0653,0,0,7.3585,18,2,0,132.5872,9767.6978,3,5,6,0.9206,0,1
1,4,0.2,0.9841,0,0,1996.6482,6,2,1,1200.0,50588.865,11,7,5,1.0904,1,0
1,3,0.25,0.9208,0,0,2240.378,10,0,1,188.2775,36651.2155,11,4,1,1.0801,1,0
2,1,0.6667,0.4078,1,5,50.3551,2,1,0,9.0311,1179.0992,5,4,2,0.9663,0,1
2,1,0.6262021756816273,0.6466695417385435,0,0,1787.2437813651136,5,2,1,-54.37556770653715,463982.52823277854,16,6,17,0.4911692692372335,0,0
0,2,0.039132369204145354,0.7187707793205786,0,0,3410.347791420193,2,2,0,43.639757905082604,758795.3954507874,12,3,17,1.4466736607616624,0,0
0,3,0.06142931922231682,0.9449686794744588,0,0,2500.1385130879703,7,0,0,82.45987889031991,199438.40653392288,5,5,10,0.6109653245754749,0,0
2,2,0.5,0.721,0,0,448.2626,3,0,1,66.1724,126078.9909,11,3,14,0.8971,1,0
0,1,0.0,0.7203,0,0,3429.2573,5,1,1,75.9656,15273.4256,4,2,4,1.7183,0,0
3,1,0.75,0.5707,0,1,6.5866,54,2,0,74.5894,13356.1925,10,7,5,1.4639,0,1
3,1,0.75,0.765,0,0,5.6953,2,2,0,174.695,640.7585,281,75,21,0.2128,1,1
3,1,0.75,0.1639,1,5,58.8817,4,1,0,20.1688,5098.7838,4,0,3,0.8021,0,1
1,1,0.5,0.6607,0,0,1731.3044,3,2,1,17.4464,515644.7832,10,4,1,0.3963,0,0
0,5,0.0,0.8871,0,0,2654.7334,5,0,1,33.5679,39452.283,10,0,16,0.9858,0,1
1,3,0.25,0.8362,0,0,2528.2161,12,1,1,254.017,277253.0488,9,7,5,0.2309,0,0
1,4,0.2,0.4564,0,0,2035.2223,8,2,1,95.0822,800000.0,14,2,15,0.7484,0,0
1,3,0.16794332490012248,0.6489336897981044,0,0,1984.3560497838423,11,1,1,1274.8620907749034,20358.19509281999,7,6,17,0.880756442103281,0,0
3,0,1.0,0.2653,1,3,27.1892,4,0,0,14.4398,429.6698,7,1,1,1.2601,0,1
0,2,0.0,0.6979,0,0,2701.8123,9,1,1,12.9627,71537.3506,4,5,16,1.3094,0,0
2,1,0.6667,0.827,0,0,3329.005,11,1,1,71.2811,14670.2485,6,6,9,1.2338,1,0
7,0,1.0,0.3981,1,3,3.2266,29,7,0,64.8924,8291.0314,8,10,14,1.3943,0,1
0,4,0.0,0.7715,0,0,2146.754,2,0,0,49.2311,3362.0992,14,4,7,0.3231,0,0
0,1,0.0,0.5476,0,0,2305.3209,11,2,1,154.6891,800000.0,13,3,13,1.4069,0,0
1,3,0.14359285792835713,0.7301582730355499,0,0,466.2895225286205,8,0,1,-7.04349134567822,209084.9222223634,7,0,15,1.4045144602606938,0,0
8,1,0.8889,0.5262,0,2,7.6343,28,7,0,20.5679,7583.7176,8,2,13,0.9773,1,1
1,3,0.25,0.9051,0,0,2480.8208,4,1,1,34.2875,29935.9719,16,4,10,1.3989,0,0
4,0,1.0,0.2268,1,6,49.768,4,1,0,11.4027,4224.4613,2,1,1,0.8862,0,1
0,4,0.0,0.9539,0,0,1471.3356,9,1,1,220.313,205531.4257,2,4,4,1.0684,0,0
2,1,0.6667,0.4002,1,3,19.0149,10,0,0,14.641,1149.8582,4,4,3,0.8838,1,1
1,3,0.25,0.7187,0,0,3425.1034,5,1,1,2.6491,20680.5007,16,3,6,0.8756,1,0
5,0,1.0,0.1141,1,8,4.3946,10,0,0,5.2411,5940.6436,1,0,3,1.1354,0,1
1,4,0.2,0.8519,0,0,1994.5772,8,2,1,25.8365,40544.1862,5,7,11,0.7173,0,0
0,1,0.0007459644710516689,0.4741640653291508,0,0,1747.1008571835735,11,0,1,-30.0910560088426,113697.29534459002,17,4,17,1.1106520048592088,0,0
0,2,0.0,0.5901854430389724,0,0,2762.780583792307,12,0,0,98.37005464536733,698960.2848021649,13,8,7,0.8874386159212424,0,1
2,2,0.5,0.4588,0,0,5.5096,4,3,0,295.8755,2161.3278,143,30,11,0.4934,1,1
5,0,1.0,0.1502,0,0,8.2652,44,4,0,53.2637,11568.5299,12,3,9,1.4915,0,1
0,2,0.0,0.6665,0,0,1596.0335,5,1,1,60.6212,36238.6704,2,6,12,1.3322,0,0
0,0,0.0,0.5229,0,0,4.4345,4,2,1,249.5165,629.2936,89,66,14,0.0903,1,1
1,2,0.3941109404764891,0.6900172830652267,0,0,2056.518649123651,2,0,1,56.46847952076947,242342.97725799758,9,7,16,1.291807818069683,1,0
4,4,0.3748522172838227,0.6194776281102047,0,0,1714.4859324966808,6,1,1,296.9511463571157,95782.15448962232,12,5,8,1.4054515631470454,0,0
0,3,0.0,0.5664,0,0,3156.3044,7,0,0,361.2855,800000.0,1,3,5,1.4216,0,0
1,3,0.25,0.4829,0,0,2420.2886,11,1,1,1200.0,800000.0,4,7,5,1.3487,0,0
3,1,0.75,0.299,1,9,34.6519,9,0,0,26.8662,1832.1363,7,0,0,2.219,0,1
0,2,0.0,0.8253,0,0,1085.9366,7,0,1,41.1712,12692.5669,3,7,4,0.7954,0,0
0,3,0.0,0.9669,0,0,503.1221,7,2,1,237.6566,31573.1609,16,7,13,1.6624,0,0
1,3,0.25,0.7899,0,0,3329.5837,11,2,1,14.4319,37157.3517,4,1,11,2.1367,0,0
0,0,0.0,0.852,0,0,13.7057,4,1,1,162.5569,4065.5843,234,78,24,1.2154,1,1
0,5,0.0,0.5797,0,0,961.7141,8,2,1,1.0731,89861.8796,1,6,18,1.3721,0,0
1,3,0.25,0.9582,0,0,1805.0172,5,2,1,771.2211,3861.5553,17,7,0,0.6257,0,0
1,5,0.1667,0.8824,0,0,444.3088,2,2,1,16.9076,15178.8856,2,0,15,1.0743,0,0
1,4,0.2,0.4528,0,0,1344.6027,9,0,0,493.6787,10730.5007,7,4,13,1.2763,0,0
0,2,0.0,0.67854573068967,0,0,3105.2324050671423,1,1,0,59.66876238409074,371196.5888323422,11,0,4,1.321266634030845,0,0
2,4,0.3333,0.6366,0,0,383.5751,3,1,1,648.4255,68703.4478,2,7,9,1.2688,0,0
3,2,0.6,0.8404,0,0,8.8976,6,3,0,213.2472,4256.5314,282,18,25,0.6698,1,1
1,1,0.5,0.6336,0,0,0.8846,2,3,1,219.2077,4866.8226,46,18,23,1.362,1,1
0,4,0.0,0.7499,0,0,2870.2958,1,2,1,384.6241,56165.0824,13,0,6,0.8675,0,0
2,1,0.7307967356682528,0.5500867705667606,0,0,1648.938552300658,5,1,1,-36.920121839559606,4513.745010819194,17,7,17,1.4193433471336159,0,0
1,1,0.5,0.8025,0,0,2125.9088,2,1,1,27.7922,30014.778,4,1,14,0.687,0,0
0,1,0.09865773692231683,0.7639485176307956,0,0,364.53907180676555,3,1,1,-40.90816165531629,-25069.056383299227,7,8,17,0.6875358807972409,0,0
4,1,0.7174087858325282,0.3607818893225302,0,0,168.70716684795138,8,0,1,38.09251483844153,-122210.60931897056,2,5,3,1.380809359269817,1,1
2,4,0.3333,0.823,0,0,3536.395,2,0,1,297.2484,138902.5034,1,2,13,1.5907,1,0
0,5,0.0,0.6308,0,0,124.4433,1,1,1,322.8312,800000.0,10,7,12,1.2683,0,0
0,2,0.0,0.7476,0,0,1412.5995,7,2,1,21.2884,29909.8989,17,7,15,0.5636,0,0
1,3,0.25,0.6289,0,0,2153.9596,3,0,1,13.2135,161221.5511,2,3,15,1.6232,1,0
3,0,1.0,0.7422,0,0,10.7765,1,1,1,129.4392,1709.6557,283,54,15,0.4339,1,1
1,1,0.5,0.2341,1,6,13.2672,4,0,0,11.2541,4649.1184,7,0,0,0.6521,0,1
1,5,0.0519648542051207,1.0,0,0,74.08715196641086,9,1,1,55.68084555453512,157669.5774611553,4,0,11,0.5351880517334265,0,0
7,1,0.875,0.0671,0,2,8.9929,16,5,0,93.3467,5610.9196,4,5,7,0.5672,1,1
2,1,0.7533648436791475,0.27516007369867984,1,2,901.4944846287362,6,1,0,111.58995590137619,46721.30251760362,6,1,4,2.044184511032516,1,1
2,1,0.6667,0.6236,0,0,1425.1381,8,1,1,137.3176,310433.6805,4,4,5,1.7627,0,0
0,5,0.0,0.9709,0,0,2806.0229,2,2,1,1031.9737,38032.3945,6,0,6,0.02,0,0
3,0,1.0,0.3047,0,0,3.1401,9,0,1,176.2592,4399.0736,171,9,19,0.1442,0,1
4,0,1.0,0.33222281769524536,1,8,303.14594559024533,7,0,0,-76.48073966791497,33527.21950773125,1,0,0,1.3427267902149171,0,1
1,5,0.1667,0.5404,0,0,1068.9123,7,2,0,522.7208,14106.4783,6,5,11,0.5555,0,0
0,1,0.0,0.5655,0,0,2484.4861,6,1,1,243.0287,416481.4619,1,5,13,1.4534,0,0
6,1,0.8571,0.2765,0,2,6.1072,56,2,0,49.443,13655.9522,14,9,9,1.0012,1,1
1,4,0.2,0.4909,0,0,1492.1002,8,0,1,199.6296,63099.8502,1,7,8,1.127,0,0
2,3,0.4,0.6352,0,0,354.3011,9,0,0,26.2229,27540.8663,3,7,19,0.7436,0,0
0,2,0.0,0.454,0,0,1383.0862,12,0,1,118.2939,357384.4387,11,2,16,0.8007,0,0
0,5,0.0,0.5893,0,0,221.4202,8,0,1,571.598,225541.0998,8,8,1,0.747,1,0
0,2,0.0,0.5097,0,0,3077.4352,2,1,1,587.2567,13527.7411,6,4,7,1.1792,0,0
0,4,0.0,0.6454,0,0,76.7283,2,2,1,40.3824,38301.2526,17,2,12,0.6896,0,0
0,5,0.0,0.6912,1,1,3212.783,12,2,1,55.0933,5126.5163,4,3,5,1.2468,0,0
0,4,0.0,0.4685,1,1,20.0689,6,1,1,555.6138,559.3596,16,7,7,0.6623,0,0
0,1,0.0,0.6019,0,0,3297.8881,2,2,1,61.6329,361909.1069,1,0,3,0.7694,0,0
1,1,0.5,0.133,1,7,17.7314,5,1,0,21.6846,3909.9745,6,1,1,1.3741,0,1
0,5,0.0,0.6683,0,0,444.3517,6,1,1,19.9442,170770.2326,14,3,5,1.3885,0,0
9,0,1.0,0.0012,0,2,7.1484,43,7,0,12.6966,6144.9915,12,1,5,2.04,1,1
1,5,0.1667,0.6061,0,0,3454.2159,10,1,0,1200.0,30778.0489,14,1,12,1.6959,0,0
7,1,0.875,0.3099,0,0,2.3736,58,5,0,10.8125,4285.2055,5,4,5,1.518,0,1
2,1,0.6667,0.3782,1,6,27.8824,9,1,0,9.2959,3303.48,3,5,2,0.7631,0,1
19,0,1.0,0.3596,0,0,10.7482,32,2,0,89.571,16255.3114,8,3,3,1.2106,0,1
1,1,0.5,0.9343,0,0,834.6219,9,2,0,82.8829,9705.4292,12,1,11,1.0418,1,0
1,4,0.2,0.7702,0,0,982.6006,6,1,0,942.5971,800000.0,5,2,0,0.5375,0,1
1,4,0.2,0.7757,0,0,2010.3192,5,2,1,6.1156,367570.6472,17,4,8,1.2967,1,0
0,1,0.0,0.9743,0,0,25.2279,1,2,1,29.4631,18113.2684,8,6,11,0.4439,0,0
0,4,0.0,0.8403,0,0,2163.8748,7,2,1,106.4438,147547.8923,10,5,13,0.445,0,1
1,4,0.2,0.4585,0,0,91.888,1,2,1,278.1198,76525.9074,9,7,8,1.8534,1,0
0,1,0.0,0.9804,0,0,335.7772,2,1,1,334.4679,46044.3862,15,2,17,1.5696,0,0
2,1,0.4696955927013151,0.6925720685010693,0,0,74.63299867259255,3,2,1,185.45819915481542,-49173.70272844812,128,8,8,0.3505656920303759,0,1
0,2,0.0,0.5678,0,0,1668.0203,7,0,1,155.1624,10696.2121,11,3,5,1.5298,0,0
1,5,0.1667,0.6605,0,0,3119.2621,5,0,0,54.8803,3324.753,11,3,6,0.7898,0,1
0,5,0.0315029490821773,0.3773825935901129,0,0,1211.0097339823476,5,1,0,234.00032401732585,14788.530331179389,5,8,11,0.8244317151170788,0,0
0,2,0.0,0.9472,0,0,1753.6932,10,1,1,139.1047,64552.9539,16,1,11,1.7988,0,0
0,4,0.0,0.4813,0,0,2884.2542,4,1,1,34.8881,10696.0471,17,8,7,0.02,0,0
0,4,0.0,0.7309,0,0,371.7579,5,1,1,141.1011,987.122,3,0,17,0.8621,0,0
0,1,0.0,0.6914,0,0,716.3874,10,0,1,11.6829,16726.1587,16,1,9,0.02,0,0
0,4,0.0,0.7964610958292544,0,0,2298.5258567944416,11,2,1,76.86602502435862,352326.29853843735,8,1,3,1.4193871094541566,1,0
2,5,0.2857,0.7476,0,0,3004.5581,4,1,1,102.1615,93342.2752,1,6,14,1.0739,0,0
1,4,0.2,0.4966,0,0,2093.0319,4,0,1,12.0096,8993.8672,1,6,11,1.2974,0,0
0,4,0.0,0.5101,0,0,2818.9412,2,2,1,59.1018,800000.0,7,2,1,1.1735,0,0
11,0,1.0,0.24419386514207236,1,0,288.28719530179586,36,2,0,33.477649621784174,-96100.18702035231,5,6,7,0.7200637091781187,0,1
0,3,0.0,0.9347,0,0,3219.4948,8,2,1,8.0578,379216.7137,15,4,3,0.712,0,0
0,1,0.0,0.872,0,0,1249.5728,11,1,1,81.921,10107.8352,13,1,16,1.0557,0,0
0,5,0.0,0.9681,0,0,2310.8958,10,1,0,80.3163,597468.492,8,3,18,1.2608,0,0
0,1,0.0,0.5926,0,0,1588.2226,8,2,0,75.2122,3707.5153,16,0,4,1.0295,0,0
0,3,0.10562791127008862,0.5921835234565442,0,0,2635.6418048564196,9,1,1,1148.4076230732344,112719.83493789817,5,3,15,0.0018292609830422857,0,0
0,2,0.0,0.8185,0,0,2518.6921,3,0,1,80.564,12664.4872,12,0,4,1.0638,0,0
0,5,0.0,0.8957,1,2,2594.7586,11,1,1,229.7827,3516.5962,10,5,16,0.02,0,0
3,5,0.375,0.4595,0,0,239.6034,5,0,0,165.9485,191526.2819,14,4,14,0.8858,0,0
1,2,0.3333,0.654,0,0,1969.7375,12,0,1,27.0567,31941.4136,4,1,7,1.5972,0,0
0,3,0.0,0.8721,0,0,1776.6007,6,0,0,1056.2131,800000.0,2,6,11,0.7704,0,0
1,1,0.5,0.7191,0,0,7.7646,3,3,0,129.8855,4754.2887,99,27,21,0.0568,1,1
0,1,0.11372702455637765,0.5085645879371471,0,0,3513.502306935863,1,1,0,88.60661274317192,-18530.453845125074,10,8,3,0.9927864345850875,0,0
0,4,0.0,0.7241,0,0,1929.0676,2,1,0,466.7961,41922.5375,12,6,5,1.0143,0,0
0,3,0.0,0.6985,0,0,1375.0033,1,0,1,356.7769,14726.2886,10,0,10,0.983,0,0
2,4,0.3333,0.8678,0,0,2116.2999,1,1,0,666.7648,117937.3102,2,3,0,0.6572,0,0
0,1,0.0,0.9263,0,0,598.8275,2,1,1,29.3795,3671.5114,5,1,8,0.6498,0,0
3,1,0.75,0.0518,1,6,28.7074,4,0,0,22.9022,3665.5501,5,2,1,1.2333,0,1
1,1,0.5235731946358839,0.8325811971698427,0,0,815.2877495003788,9,2,0,23.766802778291606,5633.593056378775,15,3,6,1.438800606083529,1,0
3,2,0.6,0.4927,0,0,2817.3117,9,1,1,34.0765,281793.6644,17,4,15,0.5696,0,1
4,1,0.8,0.2094,0,1,91.9214,9,0,0,38.4963,8485.3216,16,1,1,1.1214,1,1
0,3,0.0,0.5896,0,0,2322.7579,1,0,1,55.0731,800000.0,14,1,4,1.4639,0,0
7,0,1.0,0.2574,0,1,8.8072,15,7,0,60.7335,3253.2517,3,9,12,1.6426,1,1
1,2,0.3333,0.9665,0,0,3084.5581,4,1,1,1.4014,182292.0873,12,7,6,0.2408,0,0
0,5,0.0,0.8206,0,0,1723.8244,5,0,1,450.7369,20187.151,16,2,14,0.7846,0,1
3,2,0.6,0.6513,0,0,3.7918,7,2,1,167.9222,4052.5996,132,17,13,0.88,0,1
1,0,0.9033814742609885,0.6196627018193539,0,0,196.20528871195236,9,3,1,58.566124635405274,-58367.36629471654,75,57,17,0.07574711792437033,1,1
2,5,0.2857,0.7046,0,0,2319.4229,4,2,0,512.2811,42311.0287,15,1,11,0.6775,0,0
1,5,0.1667,0.9739,0,0,374.6762,11,0,1,3.1361,800000.0,14,0,2,0.7503,0,0
0,4,0.0,0.5276,0,0,1458.555,4,0,0,58.7365,800000.0,6,7,0,1.5856,0,0
0,3,0.0,0.4658,0,0,776.6674,12,2,1,12.2369,23104.577,13,0,13,0.4036,0,0
0,3,0.0,0.5955,0,0,464.4879,2,1,0,79.3013,2945.7204,5,5,18,0.7672,0,1
0,1,0.0,0.8694,0,0,1882.3062,5,2,0,8.4299,9909.4319,14,5,13,1.1206,0,0
1,1,0.5,0.6008,0,0,1682.9315,8,2,1,116.7361,15207.2614,4,3,15,1.5938,0,0
0,4,0.0,0.8339,0,0,1894.429,4,0,0,69.1863,800000.0,9,1,12,1.048,1,0
1,2,0.3333,0.8287,0,0,1118.6492,8,0,1,5.3094,104951.2811,7,2,3,0.8673,0,0
1,1,0.5,0.2301,1,5,9.5085,4,1,0,29.6038,5927.5373,3,0,0,0.4626,1,1
0,3,0.0,0.5875,0,0,616.4735,3,0,0,396.1581,31132.5043,11,3,8,0.9038,0,0
0,3,0.0,0.9131,0,0,516.94,7,1,1,49.6284,82648.3075,6,1,5,0.9428,0,0
5,1,0.8333,0.3791,1,6,32.8699,7,1,0,23.2863,693.9441,4,4,3,1.5051,0,1
1,4,0.2,0.6417,0,0,2639.3541,3,2,1,161.5774,800000.0,13,3,2,0.6956,0,0
0,5,0.0,0.5241,0,0,98.0669,7,1,0,1200.0,103640.0567,13,1,5,0.9545,0,0
0,1,0.0,0.8059,0,0,1225.975,7,0,1,45.8632,42987.6063,8,0,16,0.752,0,0
0,4,0.0,0.9667,0,0,3524.3085,8,0,1,269.7021,23952.2782,8,0,2,0.8951,0,0
0,2,0.01406333037940761,0.40353382157213014,0,0,1990.5559055349245,11,0,1,293.1811196760217,171536.03114675044,11,2,3,0.6481118798131819,1,0
0,2,0.0,0.6486325061408335,0,0,3361.0188118405194,7,2,1,111.89179142786699,-30795.736873591966,5,7,2,1.19951287160253,1,0
0,2,0.0,0.9264,0,0,527.2962,2,1,0,81.9622,71424.8747,12,0,8,1.37,0,0
4,0,1.0,0.5204,0,0,146.3484,2,1,1,59.4769,8226.9963,12,7,1,0.1,1,1
0,2,0.0,0.8636,0,0,3257.0257,3,2,1,82.3321,40359.0483,11,5,15,1.4311,1,0
0,3,0.0,0.7336,0,0,1753.0719,7,0,1,23.2766,3599.6442,7,4,2,1.7052,0,0
5,0,1.0,0.4625,0,1,347.8458,4,1,0,35.9054,5564.1212,3,0,3,1.1127,1,1
0,3,0.0,0.4528,0,0,1081.1051,5,0,1,312.5536,374950.5619,10,2,1,0.833,0,0
2,1,0.6667,0.9885,0,0,765.6584,10,2,1,915.4523,742.9497,4,8,8,0.9832,1,0
3,0,1.0,0.4759,0,0,2.0881,5,0,1,241.2325,775.1803,78,11,26,0.6342,0,1
6,1,0.8571,0.1312,1,3,59.0046,11,0,0,8.3336,373.9632,6,2,2,1.2374,1,1
1,4,0.2,0.9567,0,0,1071.8409,12,2,0,61.6918,23476.9949,8,7,13,0.729,0,0
1,5,0.1667,0.817,0,0,2243.6912,12,0,0,763.1442,13507.0908,13,5,14,0.9727,0,0
0,2,0.0,0.8496,0,0,3094.7684,3,0,1,445.8947,365.6884,14,3,18,1.6064,0,0
0,4,0.0,0.9129,0,0,1576.9837,9,0,1,19.8239,19010.1148,2,0,13,1.2537,0,0
0,2,0.0,0.7942,0,0,762.0073,3,0,1,164.5488,33139.1887,7,5,9,0.5973,1,0
1,1,0.5,0.8379,0,0,195.5634,9,0,1,26.8786,800000.0,8,8,19,1.2768,1,0
8,0,1.0,0.4063,1,2,0.9481,55,4,0,90.5545,12267.5632,8,6,8,1.722,1,1
4,5,0.4444,0.9214,0,0,453.0328,10,0,0,52.1483,160229.4679,8,3,14,0.1329,0,0
1,0,0.8541471510587677,0.14653230960561012,0,1,254.97065536924367,6,2,0,-24.873747333851796,15121.106739849602,19,9,2,1.7801643155931608,1,1
2,0,1.0,0.2158,1,6,58.9932,11,1,0,6.2713,4450.5402,2,4,3,1.0104,1,1
0,2,0.0,0.9621275019142346,0,0,2299.327934194859,10,1,1,795.766463001718,108844.95358386802,6,3,17,0.9025366693452556,0,0
0,1,0.11241193868588839,0.5706572973175851,0,0,1518.6782640953872,1,2,0,1245.6448892045494,66953.5218067292,7,2,3,1.2966460914027154,1,0
0,2,0.0,0.6701,0,0,2860.3335,4,2,0,1200.0,696712.9142,17,3,15,1.3716,0,0
2,3,0.4,0.6822,0,0,3368.5315,12,1,1,566.109,75962.761,16,6,2,1.7201,0,0
1,1,0.5,0.8508,0,0,2135.997,5,0,1,510.0719,9154.3483,14,5,3,1.4506,0,0
0,1,0.08077610980556672,0.6010685272761956,0,0,2990.465521082176,10,0,1,315.0370119521052,-6298.478618336952,6,2,16,1.1303342338237945,0,0
0,1,0.0,0.7039,0,0,1321.0878,1,2,1,1200.0,6368.4209,15,8,19,0.8858,0,0
2,4,0.3333,0.875,0,0,871.2547,12,0,1,4.6511,178584.6779,1,3,9,1.2392,0,0
2,4,0.3333,0.9391,0,0,2555.3908,8,1,1,484.1265,6522.0926,3,7,2,1.2786,0,0
0,1,0.0,0.5859,0,0,2731.2288,2,0,1,6.0467,24136.6157,14,6,1,1.3898,0,0
1,3,0.25,0.6776,0,0,2011.2268,12,0,1,167.5552,474.9699,17,0,13,2.0553,0,0
1,3,0.25,0.8778,0,0,3110.728,8,2,1,334.1118,11446.5423,10,3,16,1.4074,0,0
0,4,0.04285930335188106,0.9042815715060507,0,0,3473.6928347699454,9,0,1,45.15208325211624,824386.0787593697,17,8,11,0.16992448963972473,0,0
0,3,0.0,0.5057,0,0,275.2257,12,0,1,55.5682,611682.9375,6,2,13,1.1311,0,0
1,1,0.5,0.9107,0,0,2409.4324,7,0,0,944.9997,2216.554,16,7,7,1.5521,0,0
0,1,0.0,0.8675399221702937,0,0,788.4577349799748,6,1,0,-6.751583874753322,-49305.14994439612,2,6,6,0.46734560573575695,0,0
1,1,0.5,0.7413,0,0,1971.042,5,1,1,68.2868,86479.3237,14,0,16,0.799,1,0
1,2,0.3333,0.5146,1,1,3152.3176,12,1,1,10.8463,21807.1805,5,2,11,1.1147,0,0
1,5,0.1667,0.7311,0,0,1848.8623,6,0,0,45.5091,6507.2811,16,4,0,0.9598,0,0
0,3,0.0,0.5568,0,0,3308.6752,10,0,1,377.2772,197434.0038,4,0,17,1.1706,0,0
1,1,0.5,0.8819,0,0,1145.7501,5,1,1,22.9859,41831.8287,6,0,12,1.0657,0,0
0,5,0.0,0.5925,0,0,1113.257,8,0,1,36.8839,59771.1911,11,7,2,0.9825,0,0
2,1,0.6667,0.2046,0,1,464.2375,1,1,1,38.7416,4527.661,19,2,3,0.7452,1,1
1,4,0.2,0.9687,0,0,977.3834,9,0,1,115.6273,48581.1775,14,0,12,0.8191,1,0
1,4,0.2,0.7229,0,0,3009.1611,3,1,1,73.6294,5848.4542,12,0,0,0.8752,0,0
7,1,0.875,0.5286,1,0,5.2438,32,9,0,94.4719,3246.6613,12,1,7,1.4835,1,1
1,1,0.5,0.6187,0,0,3193.619,2,2,1,37.4651,447307.8645,11,2,19,1.4516,0,0
0,5,0.0,0.9281,0,0,2051.6684,7,0,1,303.2326,80365.3132,3,7,19,1.2596,0,0
1,4,0.2,0.7034,0,0,2656.5786,12,0,0,313.5297,915.2884,2,3,3,0.4889,0,0
0,2,0.0,0.5307,0,0,48.8233,7,1,1,141.6676,14815.8245,2,7,5,0.9947,1,0
0,1,0.0,0.5338,0,0,1795.3997,5,1,1,128.0628,51072.5187,16,3,13,1.0418,0,0
1,5,0.1667,0.6395,0,0,2784.0933,5,0,1,215.2099,61821.4618,14,6,4,1.2372,1,0
3,1,0.75,0.4779,0,0,404.8376,12,2,0,24.1497,8777.9146,10,2,9,0.7282,0,0
0,5,0.0,0.9726,0,0,1268.157,10,0,1,96.8277,116496.8067,7,1,11,1.5417,1,0
0,4,0.0,0.8857175667960522,0,0,1168.8754529772336,7,1,1,-70.59741539704108,-4360.566119657777,4,1,14,2.0679252210967864,0,0
0,1,0.0,0.8751,0,0,2763.8365,7,1,1,339.3403,90851.5639,12,4,15,0.5387,1,0
3,0,1.0,0.4259,0,0,1.5377,8,1,1,270.9039,2024.5053,174,97,23,0.5496,1,1
3,2,0.6758360836943038,0.805007720235281,0,0,-437.443291882474,5,2,1,122.76570105895924,23919.966609559444,259,99,16,0.9375082170891712,1,1
0,5,0.0,0.5806,0,0,1654.7585,8,2,0,322.1008,11286.9885,5,2,0,0.8349,0,0
0,1,0.0,0.6311,0,0,574.8633,2,0,0,58.0567,5014.8701,4,4,12,1.4802,0,0
3,0,1.0,0.0913,1,6,51.9844,9,0,0,3.5497,3354.7845,1,5,0,1.0375,1,1
2,1,0.6667,0.8614,0,0,2032.0527,8,1,1,32.6543,3414.1441,12,8,19,0.7402,1,0
1,5,0.10482555992847967,0.8517569631494523,1,1,1256.493118538959,10,0,1,-71.81197159275061,35651.95199466124,16,5,9,0.8136489909223475,0,0
1,3,0.25,0.5855,0,0,1262.6528,6,1,1,32.5552,3610.8512,16,1,15,0.6684,0,0
0,3,0.0,0.8276,0,0,1785.4512,1,1,0,118.2421,11178.2061,2,6,14,1.5485,0,0
3,0,1.0,0.1873,1,3,7.756,17,6,0,29.4118,9664.3443,10,4,12,1.8193,0,1
1,1,0.5075440948680984,0.8130711902606409,0,0,2473.4677902790804,4,2,0,230.0505800777749,-20476.112764205252,12,7,5,0.37066021223993834,0,0
2,2,0.5,0.8695,0,0,510.9233,4,2,1,87.0511,176184.2325,11,6,5,0.5183,0,0
0,1,0.0,0.6567,0,0,341.3857,2,1,1,16.3462,25516.3217,13,7,19,1.2452,0,0
1,3,0.25,0.5263,0,0,1195.6793,12,0,0,64.9343,800000.0,1,2,10,0.752,0,0
8,2,0.8,0.4697,0,1,1.8934,24,1,0,72.7949,2316.8987,2,5,2,1.0706,0,1
0,5,0.0,0.5612,0,0,836.0931,5,2,1,227.3519,5897.8118,10,0,18,1.2629,0,0
1,5,0.1667,0.5756,0,0,1371.4541,9,1,1,44.2519,67298.7511,2,2,11,0.983,0,0
0,2,0.0,0.9654,0,0,3456.1339,6,1,1,475.4724,111387.4533,9,0,12,0.6347,0,0
18,0,0.9810034125748454,0.33118069511958254,0,0,324.4987704076738,33,0,0,58.59963565993255,-8501.738212151413,4,2,5,1.9156533182584454,0,1
0,1,0.0,0.7279,0,0,784.153,2,2,0,21.3781,25609.2422,5,0,2,1.3376,0,0
0,1,0.0,0.9466,0,0,1999.0556,7,1,1,36.9554,63537.3245,2,5,10,1.3543,0,0
2,2,0.5,0.8413,0,0,2519.981,1,0,1,92.3969,616.6828,17,3,1,0.7475,0,0
0,2,0.0,0.9489,0,0,2579.1181,2,2,1,221.9798,339087.2636,9,8,6,1.487,0,0
1,5,0.1667,0.9696,0,0,1470.2562,5,1,0,22.3372,313844.4388,6,8,5,0.2533,0,0
0,3,0.0,0.8575,0,0,1380.9135,8,2,1,103.5081,55618.4377,17,6,1,0.4518,0,0
0,5,0.0,0.6844,0,0,1372.7446,5,2,1,22.8461,14868.2027,15,2,9,0.9361,0,0
11,1,0.9167,0.309,1,2,4.9425,46,4,0,76.6384,6678.8308,14,7,11,0.3284,1,1
1,1,0.5,0.9615,0,0,170.8672,5,0,0,482.8101,8211.8372,8,2,17,0.7545,0,0
1,2,0.3333,0.9369,0,0,2559.6567,2,0,0,1200.0,338506.8609,8,3,19,0.6214,1,1
2,0,1.0,0.545239906653,1,1,371.78436825122276,2,0,1,-10.568103921225688,39588.242120838506,10,2,2,1.8730161631746156,1,1
5,1,0.8333,0.0453,0,3,7.9668,49,2,0,71.6055,7122.9093,2,9,10,0.1,0,1
0,3,0.020914575249736014,1.0,0,0,3232.8253269026422,8,1,1,-123.48723329292542,-33898.13872640752,13,0,1,0.8476780349625991,0,0
16,2,0.8889,0.5557,0,0,14.2371,17,1,0,51.7275,5040.0734,3,14,9,2.4223,0,1
0,5,0.0,0.4832,0,0,170.5299,6,0,1,132.1562,8464.9234,15,2,13,0.8897,0,0
0,3,0.07203050583047811,0.7713439292899108,0,0,3196.9571436668148,8,2,1,494.8244534692234,70050.36731487571,10,7,3,1.3711842914046333,0,0
1,3,0.25,0.6388,0,0,2394.1111,10,1,0,919.6435,11564.8921,1,4,5,0.7247,0,0
3,1,0.75,0.7218,0,0,4.1448,7,0,0,131.1941,4328.0275,108,35,17,0.3822,1,1
4,1,0.8,0.0432,0,3,4.8914,48,5,0,18.988,13976.7605,1,9,6,1.0721,0,1
1,1,0.5,0.478,0,0,358.3988,11,2,1,137.6553,1572.4523,1,3,2,1.3832,0,0
5,0,1.0,0.14486303456131888,1,7,58.332207474560725,7,0,0,-1.9470858411055776,33383.273301662775,5,4,1,1.1385460916052694,0,1
0,4,0.0,0.5948,0,0,1368.7381,12,0,1,13.8675,800000.0,15,8,18,0.9606,0,0
2,1,0.8101704190464329,0.5441005236195953,0,0,430.3303006681245,7,0,1,176.07816843617658,48672.95625172027,66,65,13,0.6011552115161396,0,1
0,3,0.0,0.4691,0,0,2776.0858,12,1,1,193.2775,90580.3251,3,5,0,1.3319,0,0
0,1,0.0,0.4558,0,0,10.5075,8,2,1,121.333,978.5169,173,94,21,0.6787,1,1
5,0,1.0,0.03,0,3,4.2821,24,8,0,61.3578,7489.3458,10,4,10,1.1487,1,1
0,3,0.014326012136895322,0.813021043216159,0,0,438.0639408071536,4,0,1,47.485765630625565,-6333.706782052308,4,8,12,1.3886975699329014,1,0
0,5,0.0,0.6811,0,0,3247.5217,6,0,0,9.643,563.1277,5,1,9,1.3991,0,0
0,5,0.0005481151204920325,0.8435349338825107,0,0,1052.6167463889306,7,1,0,451.434690359056,40133.91848913669,13,8,2,0.5257988450393892,0,0
1,0,1.0,0.3617,1,7,11.5213,8,0,0,13.4333,681.3527,5,4,1,0.9978,0,1
0,1,0.0,0.9324255819657471,0,0,192.83044914693286,5,0,1,473.0670396921821,50603.9944123714,13,3,3,0.3026006710046305,0,0
1,2,0.3333,0.5929,1,2,1959.207,10,2,1,106.3599,28070.1587,8,6,6,2.0054,0,0
0,1,0.0,0.7375,0,0,2785.3234,4,2,1,355.1226,9323.5101,2,4,0,0.2993,1,0
0,5,0.0,0.47246837427797744,0,0,724.6575249045175,11,2,1,399.3810249462117,-30310.62004573222,2,1,6,0.33564014668881154,0,0
1,3,0.25,0.9064,0,0,1710.1077,12,0,1,80.8206,6360.9134,12,7,16,1.5457,0,0
1,3,0.25,0.8204,0,0,3054.4482,11,0,1,144.9078,1546.0293,1,2,0,1.0664,0,0
0,2,0.0,0.4313570936404224,0,0,2119.152158590618,1,1,1,12.427469613425153,-44092.4587372902,16,0,3,0.46157008247589015,0,0
11,2,0.8462,0.4173,1,0,5.719,31,0,0,147.8955,10512.7041,4,2,11,1.2317,1,1
1,3,0.25,0.9002,0,0,1181.8748,9,2,1,216.5526,980.0552,8,5,16,1.8661,1,0
2,2,0.5,0.752,0,0,9.7193,4,2,0,172.9839,3273.542,278,74,10,0.4707,1,1
2,4,0.3333,0.8003,0,0,3419.8364,11,0,1,8.9555,28229.3138,7,5,7,1.4447,0,0
5,1,0.8333,0.3178,1,9,44.0242,3,1,0,5.6775,1740.1514,5,1,3,0.8116,0,1
4,1,0.8,0.015,1,1,8.1942,39,2,0,65.5218,16963.618,1,12,11,0.4878,1,1
0,4,0.0,0.8019,0,0,3418.5417,5,1,1,958.2926,75789.3564,3,3,19,0.1688,0,0
2,3,0.4539620908838964,0.7181892907527823,0,0,3101.2960956934567,7,1,1,62.46200597935422,97940.43788791413,2,1,16,0.9887452746534324,0,0
2,2,0.5493622442593042,0.3080556589693284,0,0,-382.33151286445064,1,1,0,147.25480584105526,8592.891674044462,84,18,8,1.3065615790299983,0,1
2,2,0.5,0.8945,0,0,10.6749,6,2,1,252.2415,2913.2017,254,48,8,0.7885,0,1
1,1,0.5,0.7313,0,0,3050.0028,11,2,1,1.0,2167.0482,9,5,8,1.0746,0,0
1,3,0.25,0.8073,0,0,3395.45,9,0,0,1200.0,469.2499,14,7,14,0.638,0,0
23,0,1.0,0.3334,0,0,12.6767,12,2,0,37.4818,11422.3835,8,10,3,1.96,0,1
0,2,0.0,0.784,0,0,3374.4224,7,1,1,135.3573,9387.8187,12,2,19,0.5727,0,0
1,2,0.3333,0.5123,0,0,1196.2675,4,0,1,253.0075,1467.1616,9,8,7,1.0014,0,0
0,4,0.0,0.6622,0,0,2475.9562,8,1,1,94.0208,23489.5426,8,5,18,0.3728,0,0
2,2,0.5,0.547,0,0,972.6552,10,2,1,132.5414,6749.1652,13,4,11,1.2856,0,0
0,3,0.04510371039926994,0.7982564190526416,1,2,1630.102802408156,6,2,1,49.590205268666224,62351.29931584562,11,0,11,0.7035347685746249,0,0
0,2,0.0,0.7542,1,2,2748.0723,7,0,1,50.98,238990.3595,17,7,19,1.4627,0,0
0,2,0.0,0.9283,0,0,2433.3762,8,0,1,314.4738,800000.0,17,8,1,1.0131,0,0
0,2,0.0,0.881,0,0,1763.4984,3,0,1,8.5476,423.1475,2,8,10,2.0132,0,0
5,1,0.804147046028225,0.19203678700458704,1,1,367.62374383691946,1,2,0,-40.726479826316805,-25865.13408241154,5,0,3,0.8938697839011104,1,1
0,2,0.0,0.394,0,0,2.4035,1,2,0,246.8949,4734.6968,232,31,11,0.2904,1,1
0,2,0.0,0.5015,0,0,1435.1192,9,0,0,63.0522,13284.5079,8,7,15,1.1463,0,0
0,5,0.0,0.6694,0,0,1844.3126,11,0,1,221.9821,214458.3648,16,2,17,0.1841,0,0
0,4,0.01727234060219838,0.8989616839573185,0,0,1235.8938025945286,4,1,1,67.49228785796758,61929.11425763517,8,0,0,0.7487334331175101,0,0
14,0,1.0,0.1934,0,1,3.8508,13,0,0,40.9341,2514.0072,1,13,3,1.2424,0,1
3,1,0.75,0.1731,1,1,413.9535,3,1,0,38.5301,2060.2266,4,1,4,1.4827,1,1
3,1,0.75,0.3309,0,2,7.9151,37,5,0,85.7285,5170.0814,11,2,13,1.7463,0,1
4,0,1.0,0.1494,0,0,544.51,9,2,0,13.3635,3757.655,16,1,3,1.3035,1,1
1,5,0.10190439982614562,1.0,0,0,2228.1750076726817,9,1,1,106.56749885834526,328308.23196363024,14,8,4,0.2594343066226529,0,0
0,5,0.0,0.906,0,0,1460.4039,12,2,1,32.5601,61830.9176,4,3,10,1.4084,1,0
0,2,0.0,0.6738,0,0,1069.48,2,0,1,158.1563,5795.5306,16,4,2,0.5243,1,0
0,2,0.0,0.9437,0,0,1279.5884,7,1,0,774.4763,370253.5592,13,8,18,0.6397,1,0
0,2,0.0,0.4625,0,0,1190.9821,12,2,1,71.7755,2997.7391,13,1,12,0.673,0,0
0,1,0.0,0.669,0,0,876.181,8,0,1,21.3604,56394.6889,16,0,3,0.7668,0,0
1,1,0.5,0.3993,1,4,35.262,8,1,0,19.9892,5357.8381,5,0,1,1.5515,1,1
0,0,0.0,0.639,0,0,11.5224,5,0,1,299.79,4675.4936,88,91,21,0.5972,0,1
3,0,1.0,0.5467069162660578,0,0,-52.56390165231235,1,0,0,58.28825491840976,-7551.880677063778,192,75,19,0.335414757037276,1,1
0,3,0.0,0.6717,0,0,425.0372,10,2,1,92.4786,13281.5825,16,2,18,1.9307,0,0
1,4,0.2,0.9182,0,0,743.8652,11,0,1,168.4041,2096.726,5,3,13,0.9972,0,0
1,4,0.2,0.8385,0,0,116.3815,1,1,1,243.8191,2290.1633,11,1,9,0.7685,0,0
2,4,0.3333,0.7766,0,0,3360.2391,4,1,0,20.0752,800000.0,12,6,9,0.925,0,0
0,5,0.0,0.5091,0,0,2723.1682,8,1,0,33.2487,594.0699,2,4,17,0.5972,0,0
1,0,1.0,0.4387,0,0,13.2653,8,3,1,59.6373,3722.9331,109,33,23,0.3887,0,1
0,4,0.0,0.5875,0,0,1940.8789,4,1,1,56.8077,1313.1984,9,0,16,0.7851,1,0
1,0,1.0,0.4314,1,3,40.1405,2,1,0,14.4482,2141.1839,4,0,2,0.8604,0,1
13,1,0.9286,0.5456,0,1,2.3822,26,1,0,117.889,5673.1984,5,5,2,0.854,0,1
0,5,0.010155858536267524,0.660895472411806,1,1,1703.9502541696786,11,1,1,76.5906463455819,97862.26027801508,7,6,3,0.5603138335591602,0,0
3,3,0.5,0.9819,0,0,1261.1363,9,2,1,224.4559,12678.9639,9,0,8,1.1263,0,0
2,3,0.4,0.8467,0,0,1163.7264,5,1,1,1200.0,800000.0,8,3,7,1.121,0,0
0,2,0.0,0.8438,0,0,3292.5184,11,1,0,95.0467,14893.7501,11,5,2,1.5885,0,0
0,5,0.0,0.7798,0,0,1543.0281,12,2,1,210.6786,960.2125,14,2,2,1.6497,0,0
1,2,0.32203617444291976,0.887901265694456,0,0,2940.1512519100384,12,2,1,97.41729297838877,27236.817447190602,4,7,9,1.2057960974424997,0,0
1,2,0.3333,0.5847,0,0,670.8066,11,0,0,373.5335,536911.7887,9,5,10,0.9786,1,0
0,5,0.0,0.8731,0,0,2292.8954,11,1,1,52.4234,2364.5733,5,5,6,0.7438,0,0
2,3,0.4,0.8415,0,0,1470.5281,10,2,1,11.6822,282310.5699,2,0,11,1.7331,0,0
1,4,0.2,0.766,0,0,1666.7311,8,1,1,24.8713,65434.2785,4,0,6,0.6386,0,0
1,1,0.5,0.4291,1,3,32.4772,9,0,0,2.1964,2303.938,1,5,2,1.4488,0,1
0,0,0.0,0.6179,0,0,12.9376,9,0,1,41.9284,1742.0451,194,10,14,0.51,0,0
0,3,0.0,0.6574642120707366,0,0,1802.0709688646982,12,1,1,-96.56641852683788,-76718.99960270716,16,5,17,0.4197861545472204,0,0
3,1,0.7261986014968687,0.8001242987016042,0,0,2984.2947173162534,1,1,1,126.86244220301435,31033.026040106623,3,3,17,1.9156218995454444,0,0
0,2,0.0,0.8396,0,0,3395.1103,7,1,0,227.3192,396872.3228,17,7,17,0.4621,0,0
1,5,0.030345366342827168,0.9635297450886782,0,0,186.45712623395303,3,2,1,6.653069398525481,109189.23831065813,8,5,5,0.9455172834213372,1,0
0,2,0.0,0.5798,0,0,2299.651,12,2,1,318.6389,793.2907,16,4,19,1.1664,1,0
0,4,0.0,0.5585,0,0,34.38,9,0,1,33.1735,10540.3296,4,1,15,1.2342,0,0
2,3,0.4,0.7861,0,0,3511.9625,8,0,1,95.7788,800000.0,16,2,13,1.3732,1,0
14,2,0.875,0.3849,0,0,15.2091,17,0,0,53.7442,13288.2391,4,6,11,1.3118,0,1
0,3,0.0,0.7069,0,0,1967.9656,8,1,1,223.487,107080.4945,6,5,17,0.3841,1,0
0,3,0.0,0.9894,0,0,3590.2021,5,0,1,115.2164,32953.1422,7,4,18,1.2656,0,0
1,3,0.25,0.5817,0,0,796.0422,12,2,1,27.8371,88170.4395,17,4,0,0.7192,0,0
0,1,0.0,0.963,0,0,3043.289,4,0,1,32.7312,365.6613,6,2,9,1.2867,0,0
5,0,1.0,0.3186,1,7,16.1389,2,0,0,3.4407,3461.0059,3,1,2,0.7092,0,1
0,5,0.02189350936443223,0.44528128923649635,0,0,54.77272517636246,3,0,1,107.2794517875779,-51825.696000492884,6,5,14,0.6649066833431357,0,0
1,2,0.3333,0.9634,0,0,1105.7772,10,0,0,1200.0,157923.8719,10,8,15,1.0512,0,0
0,4,0.0,0.8849,0,0,3297.8737,1,0,1,8.6759,98580.6383,13,0,9,1.2371,0,0
4,1,0.8,0.3577,0,3,3.8923,25,9,0,66.074,4629.7086,8,10,12,1.6838,0,1
0,2,0.0,0.6604,0,0,2320.8176,7,2,1,371.4639,9833.2635,3,2,15,1.1334,1,0
0,4,0.13523365659420075,0.5809527721390497,0,0,2608.7164350411185,1,0,1,47.68874522033524,575174.7663087941,5,5,9,0.8143668004569052,0,0
1,4,0.07464214237950684,0.7001650703201096,0,0,2376.507239294425,2,0,1,-125.23550739162646,42378.63793297434,8,6,7,0.24445324602370258,0,0
2,4,0.3333,0.7301,0,0,1336.2681,1,2,1,862.0587,67576.1703,12,8,8,1.2874,1,0
2,4,0.3333,0.7431,0,0,87.8057,8,1,1,46.2253,13239.5835,10,2,12,1.1884,0,0
0,2,0.10479391720136894,0.8868568684908497,0,0,-507.61119586979345,8,1,1,-6.426225689237505,26027.8392294019,5,3,11,0.7572508370049278,0,0
0,3,0.0,0.909,1,2,925.2311,7,1,1,24.4168,38697.8825,6,5,8,0.936,0,0
1,1,0.45030379998719605,1.0,0,0,382.69013457220717,5,2,1,-29.717001148465737,-48685.70598563673,11,3,16,1.7043538445177286,0,0
0,5,0.0,0.6505,0,0,3078.4806,3,1,1,37.38,20457.3619,9,5,1,1.0746,0,0
0,1,0.0,0.6535,0,0,3496.602,5,0,0,118.1679,171168.8345,15,6,5,1.3136,0,0
1,0,1.0,0.3904,1,0,577.5617,3,2,0,27.9762,2012.32,10,3,1,1.202,1,1
6,0,1.0,0.4334,1,0,1.3282,37,0,0,53.3841,7631.7175,6,9,8,2.2896,0,1
0,1,0.0,0.6033,0,0,20.827,3,0,1,391.3534,70073.3586,5,8,13,1.4749,1,0
0,5,0.0,0.3560593316217591,0,0,1412.0656574697114,7,0,1,50.979397625111886,213259.53256373265,1,1,3,0.790333600669075,0,0
3,2,0.6,0.7196,0,0,3473.5873,2,0,0,272.2565,800000.0,9,1,19,1.1426,0,0
6,0,1.0,0.0036,1,2,8.9316,51,8,0,91.9218,9165.6911,12,8,9,1.6538,0,1
0,4,0.0,0.5701,0,0,2929.1317,3,0,1,158.8138,1795.3231,9,5,12,1.5778,0,0
1,2,0.3333,0.5355,0,0,2452.6078,6,1,1,28.043,5713.9329,8,0,7,1.2781,0,0
0,5,0.0,0.9558,0,0,769.3783,2,1,1,85.5723,8719.0398,6,3,18,1.1733,0,0
0,2,0.0,0.656,0,0,789.5037,7,1,1,97.4369,150238.5307,17,4,9,0.3393,0,0
0,4,0.0,0.37542275145580606,0,0,2982.997889193675,3,1,0,198.37907739643248,43387.35038170351,7,8,6,0.9773342873563718,0,1
1,5,0.1667,0.7889,0,0,1598.3218,9,0,0,47.7382,25852.5155,15,5,0,1.6096,0,0
1,0,1.0,0.1594,0,2,546.228,1,0,1,9.925,8008.9935,8,0,5,0.9615,1,1
0,4,0.0,0.8119,0,0,1303.8194,5,2,1,83.7958,150631.3991,7,3,7,0.5831,0,0
4,1,0.8,0.6616,0,0,1219.5937,2,1,1,24.2316,58609.485,14,6,10,1.1322,0,0
1,5,0.1667,0.952,0,0,1058.3231,12,2,0,42.4189,10869.1405,16,3,3,0.7359,0,0
0,3,0.0,0.5379,0,0,449.49,2,0,0,104.3132,8503.8888,14,7,16,0.02,0,0
1,5,0.1667,0.7133,0,0,1171.8284,1,2,1,73.5792,195609.7987,5,7,17,0.9321,0,0
2,1,0.6667,0.4162,1,7,10.2392,9,1,0,27.5549,554.0914,7,1,2,0.1,1,1
2,3,0.4,0.7402,0,0,2927.5598,3,1,1,145.904,784.7879,13,4,14,1.5948,0,0
5,0,1.0,0.2764,1,2,464.7013,7,1,0,52.6269,7368.8663,3,9,5,0.6509,1,1
0,2,0.0,0.6225,0,0,1291.9332,4,2,0,1200.0,136466.4884,8,0,4,1.1089,0,0
1,5,0.1667,0.6501,0,0,365.8009,10,0,1,13.4243,203409.8824,13,2,1,1.0425,1,0
0,1,0.0,0.6661,0,0,1782.1323,10,0,1,1.6942,9423.7477,10,3,10,0.02,0,0
2,2,0.5,0.4788,0,0,1060.9635,7,0,1,11.083,130414.0788,6,2,7,1.4612,0,0
4,1,0.8,0.2833,0,0,439.3314,7,1,0,49.7187,8291.8452,19,1,1,1.1542,1,1
2,2,0.5,0.6593,0,0,1899.0131,3,2,0,39.033,1412.9439,9,3,11,1.0947,0,0
2,5,0.2857,0.9222,0,0,1813.3368,7,1,1,81.0183,438307.0389,15,6,7,0.5681,0,0
2,0,1.0,0.2092,0,2,59.0083,5,1,0,22.2783,3162.07,17,0,3,0.4648,1,1
1,4,0.2,0.5588,0,0,2165.1597,2,2,0,43.8663,59517.0262,15,3,16,0.7883,0,0
1,3,0.23597817358972045,0.7660681316823708,0,0,2883.0686088315706,6,1,1,126.13421223735065,149917.7733520693,16,6,11,1.3801130531185333,0,0
1,1,0.5,0.5772,0,0,267.1259,9,0,1,88.3279,8244.1359,11,1,12,0.9106,0,0
1,1,0.5,0.9629,0,0,1512.5133,1,1,0,1200.0,73135.8414,16,5,17,1.4508,0,0
1,2,0.3333,0.8297,0,0,2405.8993,2,0,1,107.3572,6946.7165,3,4,14,0.02,0,0
1,4,0.2,0.9232,0,0,61.68,3,0,0,10.0122,800000.0,1,0,12,0.6537,0,0
4,1,0.8457507281974416,0.3602316763787018,0,1,110.11473187835195,5,0,0,89.5774859748328,74662.8671779219,14,2,0,1.189382916298285,1,1
18,2,0.9,0.088,0,1,10.2114,31,2,0,52.7674,4536.4215,3,7,3,1.964,1,1
24,1,0.96,0.3259,0,0,3.6229,27,2,0,88.8245,19585.0333,6,4,10,1.6067,1,1
2,5,0.2857,0.5231,0,0,76.098,12,0,1,21.5616,2114.0988,12,7,10,1.4817,0,0
0,4,0.0,0.9185,0,0,3568.0962,3,1,1,104.2073,2413.3782,10,4,14,0.9482,0,0
5,0,0.9649487783965399,0.34697617637145783,0,1,60.82084173842509,7,2,0,111.50338080364723,18219.656894439646,18,5,0,1.3230143460920172,1,1
5,1,0.8333,0.329,1,1,3.021,35,2,0,23.7256,12520.1365,9,7,7,2.496,0,1
0,1,0.0,0.9015,0,0,1152.0317,11,0,0,39.5855,1442.9069,13,8,13,1.3467,0,0
3,0,1.0,0.3927,1,3,26.2681,11,1,0,6.06,1250.9871,3,2,2,1.5378,1,1
0,3,0.0,0.8969,0,0,1976.2755,5,2,1,170.6284,199.9523,12,2,5,0.2102,0,0
0,4,0.0,0.6954,0,0,243.2633,4,0,1,54.8223,4152.6083,1,5,12,1.5335,0,0
0,1,0.0,0.4940067168665415,0,0,3554.338258498099,7,0,1,239.8105362039953,24278.56342515376,15,3,2,0.3163281738581634,0,0
0,1,0.0,0.6717,0,0,2673.4959,6,2,1,503.4692,283.5759,2,6,7,1.0799,0,0
0,4,0.0,0.4941,0,0,341.4495,5,0,1,135.5803,10730.4774,9,0,2,0.7648,0,0
0,4,0.0,0.6112,0,0,2144.3201,2,2,1,230.687,320322.435,14,5,10,0.6968,0,0
0,1,0.0,0.5134,0,0,2197.4749,12,2,0,29.6745,8844.1497,14,5,17,1.6418,0,0
0,5,0.0,0.8274,0,0,2805.5665,2,0,1,319.9684,9133.0419,9,3,14,1.041,0,0
22,1,0.9944764701914408,0.530120682976291,1,1,-173.57569402863354,11,2,0,31.81686127164558,-50924.97021873001,1,5,3,1.5382972432959636,1,1
2,5,0.2857,0.5475,0,0,2507.95,10,1,1,153.6722,10462.2117,5,5,1,1.1881,0,0
2,0,1.0,0.2787,0,0,35.6138,8,2,0,13.3597,6100.849,3,9,3,1.5854,1,1
0,5,0.0,0.6783,0,0,409.9986,11,2,1,153.5389,1659.8883,4,0,0,1.2477,0,0
4,1,0.8,0.4143,0,2,187.3817,6,1,0,39.4656,6796.6264,13,3,3,1.5761,1,1
3,0,1.0,0.3907,1,1,11.3848,24,0,0,134.962,18761.3822,4,9,5,2.2642,1,1
4,1,0.8305745713970422,0.08994909424540048,1,0,570.5335662189098,5,1,0,42.816791534224194,59929.04713085745,9,1,2,0.9763447705035558,1,0
2,2,0.5,0.563,0,0,365.774,2,0,1,127.3196,33098.9514,2,5,12,1.0957,0,0
0,2,0.0,0.7123,0,0,14.04,7,3,0,187.3775,2474.0791,158,19,9,0.4347,0,1
8,0,1.0,0.4161,0,3,3.5277,50,2,0,21.0088,11624.3197,7,5,13,2.012,0,1
0,2,0.14615615117679429,0.8371301298107203,1,1,1025.8749302209399,6,1,0,205.8716905057078,40561.47616002039,12,4,7,1.6261936110056208,0,0
0,4,0.0,0.4717,0,0,2580.767,12,1,1,11.2199,3831.8981,14,7,8,0.02,1,0
4,0,1.0,0.5543,0,2,236.4517,1,0,0,19.5336,5312.3713,18,2,4,1.7059,1,1
0,1,0.0,0.7493811998147512,0,0,2006.8536915174009,12,2,1,-12.509351738993999,155891.76818100954,8,8,6,1.4097048079972752,0,0
5,1,0.8333,0.1737,0,2,157.9147,4,2,0,39.525,7049.6425,9,4,0,0.4038,1,1
0,2,0.0,0.5649,0,0,132.2145,7,0,1,89.3184,5615.8348,5,8,15,1.0554,0,0
0,4,0.0,0.4544,0,0,419.1078,3,2,1,27.0159,800000.0,2,0,4,1.6809,1,0
1,5,0.23102358124978667,0.6381725834218723,0,0,3133.8333314234537,7,1,1,52.27231743306487,220553.27121227176,15,7,1,1.7445426287977084,0,0
1,4,0.2,0.5832,0,0,1129.6903,4,1,0,31.784,9624.3411,17,8,3,1.1668,0,0
0,4,0.0,0.6227,0,0,1790.3654,6,2,0,534.0026,230038.4488,2,8,3,0.1391,0,0
1,5,0.1667,0.8159,0,0,3435.1108,10,0,1,12.6068,3322.0168,4,0,9,0.9793,0,0
0,4,0.0,0.7125,0,0,3557.1,3,0,1,57.9248,48211.5855,14,1,5,1.6219,0,0
1,3,0.25,0.6578,0,0,2872.502,10,1,0,1200.0,800000.0,3,2,0,0.3877,1,0
4,0,1.0,0.3117,1,4,48.0137,11,0,0,14.3929,4921.4486,6,2,1,0.9204,1,1
0,5,0.0,0.8198729428906548,0,0,3706.247499123265,6,1,1,1059.3649996607487,-124769.54979705493,11,6,6,0.9858343815495547,0,0
2,3,0.4,0.5457,0,0,870.696,10,1,1,18.6893,800000.0,6,4,17,0.9382,0,0
1,4,0.2,0.6765,0,0,2866.0913,7,0,1,5.7155,860.6785,14,5,1,0.5029,0,0
2,1,0.6667,0.2279,0,2,83.2384,1,0,0,54.0089,6382.3597,4,3,4,0.6554,1,1
0,2,0.0,0.8832,0,0,465.096,3,1,1,182.0753,800000.0,6,7,16,0.7334,0,0
1,1,0.5,0.6506,0,0,3572.4387,6,0,1,92.1785,56024.6034,14,3,14,1.4198,0,0
0,5,0.0,0.8511,0,0,840.021,2,2,1,28.3328,943.944,12,6,16,0.6265,0,0
0,2,0.0,0.8769,0,0,1209.7903,8,0,0,253.8707,23087.7654,10,5,11,0.9802,1,0
0,5,0.0,0.5439,0,0,2852.0572,7,2,1,291.5823,12400.7578,4,2,6,0.9233,1,1
0,2,0.0,0.9895,0,0,1045.989,10,0,1,18.0165,5897.7401,1,5,17,0.9181,0,0
5,1,0.8333,0.2523,1,3,7.599,49,2,0,57.0832,7941.7886,8,7,12,1.1418,1,1
0,5,0.0,0.453,0,0,1916.6233,10,0,0,28.3203,800000.0,5,1,0,0.8271,0,0
17,0,1.0,0.1511,1,1,19.6174,23,2,0,24.4248,14345.9031,6,6,10,1.4317,0,1
3,2,0.6,0.2229,0,1,6.4013,33,1,0,71.9347,17771.7181,7,6,5,1.7217,0,1
1,3,0.2256852668675402,0.8361226401885986,0,0,3375.4627158822786,11,0,1,-66.35745776814196,176615.57615496486,4,3,18,0.7137293674752005,1,0
1,4,0.29751768579813975,0.5645842380146145,0,0,1274.3049769746915,9,0,1,12.61256798183453,-122238.78967361861,17,0,6,1.0767820594935165,0,0
0,3,0.008949743371357224,0.8911731621410003,0,0,2559.906833747113,4,1,1,-41.733689743701206,74809.49353541146,8,1,14,1.5740298959179484,0,0
0,4,0.0,0.6737,0,0,2063.425,3,1,1,95.5635,800000.0,15,4,7,1.5173,1,0
4,2,0.6667,0.608,0,0,98.5097,1,1,1,289.3981,33856.1017,14,4,4,0.8969,0,0
0,3,0.0,0.9068,0,0,676.6263,8,0,1,139.8719,1078.848,1,3,5,0.8043,0,0
0,5,0.0,0.4543,0,0,1665.2294,1,1,1,112.3517,800000.0,4,7,6,1.0608,0,0
0,2,0.0,0.7986,0,0,2896.3051,5,0,1,247.0389,24141.7509,7,5,0,1.6217,0,0
0,1,0.0,0.7924,0,0,2438.4069,5,1,1,1200.0,11752.2011,2,7,1,0.4938,0,0
0,5,0.0,0.7977,0,0,1479.4147,12,0,1,48.1585,4913.5745,1,5,17,1.4521,1,0
1,0,1.0,0.4016,0,2,142.022,9,0,0,41.9628,2179.0873,8,8,1,1.3015,1,1
0,2,0.0,0.8188,0,0,430.4378,8,0,1,49.639,4068.542,10,0,17,1.0532,0,0
15,2,0.8824,0.2422,1,1,13.0312,39,2,0,31.3789,5420.9861,9,13,4,1.9928,0,1
0,2,0.0,0.6819,0,0,2330.6061,3,2,0,57.0762,113019.6493,1,1,1,1.9074,0,0
8,0,1.0,0.1604,0,1,0.7745,52,4,0,93.6885,5317.7381,7,7,14,1.7578,0,1
2,4,0.3333,0.8264,0,0,1556.6627,2,0,0,18.0971,77142.2893,2,3,17,0.8673,0,0
5,1,0.8333,0.4262,1,7,29.5476,7,0,0,23.7372,1188.2045,3,2,3,0.8628,0,1
0,2,0.0,0.6683,0,0,713.2569,12,0,1,30.0659,68689.9492,14,8,6,0.5232,0,0
5,1,0.8333,0.437,0,0,80.2126,9,1,1,49.4767,2247.3263,13,0,0,0.4283,1,1
1,2,0.3333,0.5972,0,0,528.8387,8,2,1,105.9541,4749.7289,13,2,4,0.6873,0,0
0,3,0.07970877311451488,0.5953758790145075,1,1,2564.4409476289843,1,2,1,-75.29351832225791,158693.36053642162,15,5,13,0.0,0,0
3,1,0.75,0.2665,0,1,344.3544,8,0,0,27.7209,7586.1357,11,9,3,1.1736,1,1
1,5,0.1667,0.815,0,0,1073.3941,1,1,1,1.0656,7015.5807,5,1,11,1.0452,0,1
1,5,0.1667,0.629,0,0,2771.598,3,0,1,133.0326,4615.0579,17,5,0,2.1107,1,0
4,0,1.0,0.3094,1,2,4.5167,24,2,0,22.4685,5991.1258,6,3,11,1.1017,1,1
1,2,0.3333,0.9712,0,0,3349.0289,2,2,1,1103.3409,2974.7322,16,4,0,0.8575,0,0
9,2,0.8182,0.0208,0,0,4.5337,19,1,0,36.2318,14263.1548,4,11,6,2.4102,0,1
5,0,1.0,0.4617,0,2,65.7438,4,2,1,15.677,6775.4374,14,2,5,1.2375,1,1
0,5,0.0,0.6789,0,0,2317.8849,6,1,1,9.219,63733.6467,6,6,2,1.484,0,0
1,1,0.5,0.617,0,0,2899.1623,8,2,1,541.0354,5963.2236,3,7,9,0.7218,0,0
1,1,0.6630819820501948,0.7286986121133763,0,0,-486.6278127302384,4,2,1,1202.120182619916,44204.384951573826,14,2,1,1.5311459456116079,0,1
0,2,0.0,0.9004,0,0,3188.9532,9,0,0,343.9217,308581.8485,2,6,7,0.5965,0,0
0,5,0.0,0.5782,0,0,1224.6029,11,1,1,195.5819,41770.5112,15,3,4,1.0319,0,0
0,1,0.0,0.852,0,0,1481.7003,11,0,1,610.3458,9478.4311,14,5,16,0.4142,0,0
2,2,0.5,0.6997,0,0,710.0992,6,1,1,1200.0,51307.5895,6,5,8,0.02,0,0
0,2,0.0,0.5738,0,0,2436.5449,2,1,0,19.3591,3594.5025,4,7,1,0.6573,0,0
2,4,0.3333,0.4683,0,0,2292.8278,12,2,0,73.5685,23887.1309,17,3,1,1.4042,0,0
7,1,0.875,0.1594,0,0,5.3944,29,3,0,67.5155,10501.0772,4,9,11,1.9102,1,1
0,3,0.0,0.9881,0,0,2167.323,12,1,1,52.8019,2668.7412,1,4,10,0.9761,0,0
1,3,0.25,0.7146,0,0,1911.2258,10,1,1,176.1181,564.8991,16,7,1,1.8123,0,0
1,1,0.5,0.8816,0,0,70.1954,1,1,0,77.6078,55977.5775,2,4,14,1.5596,0,0
0,2,0.0,0.5536324516317122,0,0,1315.6079512363992,1,0,0,187.06749761608964,23010.61796411674,7,8,19,1.4970381026259956,0,0
1,3,0.25,0.5712,0,0,1643.4811,10,1,1,1200.0,63142.8637,9,0,5,0.3081,0,0
0,2,0.0,0.7504,0,0,3269.8658,9,1,1,169.255,82130.1861,14,8,16,1.3379,0,0
3,2,0.6,0.7278,0,0,3278.9684,2,1,1,27.5033,158156.7931,9,8,19,1.5718,0,0
0,5,0.0,0.5498,0,0,2796.142,7,0,0,18.7682,28448.4218,13,3,13,1.4474,1,0
0,1,0.0,0.857,0,0,1484.2352,6,0,1,637.733,137668.3515,12,3,3,1.5675,0,0
0,5,0.0,0.5728,0,0,776.3073,4,2,1,16.2585,30666.3408,2,8,11,1.5519,0,0
3,1,0.8330614158891466,0.6775955828313137,0,0,3972.794096348681,12,0,1,-13.66971172843385,761468.2120921196,2,2,19,0.32945898868642287,0,0
1,4,0.2,0.5792,0,0,88.1426,5,1,1,1200.0,4225.466,8,8,15,1.2184,0,0
0,5,0.0,0.785,0,0,2437.4889,7,0,1,418.9735,42903.397,14,0,3,1.7471,0,0
0,3,0.0,0.9326,0,0,3382.8357,6,2,0,420.3411,412068.154,15,1,7,0.7025,0,0
0,3,0.0,0.7756,0,0,2129.7476,4,1,1,168.3383,53527.0148,8,4,2,1.3251,0,0
0,1,0.0,0.4916,0,0,2231.8902,7,0,0,28.5722,14477.8101,17,6,11,1.0598,0,0
0,5,0.0,0.4544,0,0,907.3661,11,2,1,701.4899,30181.5732,5,3,19,1.219,1,0
0,2,0.0,0.5647,0,0,1370.4681,5,1,1,30.0664,19778.6229,9,4,12,1.2146,0,0
0,5,0.0,0.5034,0,0,3238.7454,3,0,0,38.4032,800000.0,2,8,0,1.1215,1,0
0,4,0.0,0.7948,0,0,3570.0573,3,2,1,5.9316,24377.6619,8,2,1,1.2116,1,0
0,2,0.0,0.5383,0,0,2426.2517,12,2,0,453.3941,3026.9425,11,8,18,0.7331,0,0
0,4,0.0,0.6514,0,0,2982.2184,10,1,1,407.9785,33510.4366,15,6,18,0.5881,0,0
1,3,0.25,0.6375,0,0,1091.9554,4,0,0,1200.0,84475.3561,16,0,14,1.2191,0,0
3,1,0.75,0.0203,1,4,55.7086,5,0,0,14.5444,3032.3111,6,3,1,0.6663,0,1
10,0,1.0,0.1264,1,3,2.659,19,5,0,14.7822,12610.0557,8,3,14,1.356,1,1
2,1,0.6667,0.6519,0,0,2619.4125,2,0,1,517.4967,5953.0428,8,7,7,1.2183,0,0
0,1,0.0,0.5048,0,0,3186.9888,8,2,0,49.7694,20401.083,2,5,6,1.92,0,0
1,1,0.5,0.8839,0,0,770.6566,10,0,1,48.8277,362708.4506,6,7,14,1.7343,0,0
0,0,0.0,0.4861,0,0,3.5672,8,1,0,241.0365,2816.8342,128,52,17,0.9451,1,1
1,2,0.3333,0.5936,0,0,1.2977,6,1,0,144.2637,2500.9108,148,54,28,0.4818,0,1
2,1,0.6667,0.254,0,2,561.3151,3,0,0,37.4176,5006.9531,7,1,2,1.7607,1,1
0,5,0.0,1.0,0,0,2847.3236643423056,6,1,1,1185.502942030068,-46667.849664752066,5,6,4,0.5368972414618394,0,0
0,2,0.0,0.8580542079696054,0,0,2903.222852554658,10,0,1,1097.9770162864377,366309.8701157641,15,2,18,1.4235589647360096,0,0
3,0,1.0,0.2667,0,3,4.3475,31,9,0,84.5262,6682.7233,9,2,3,1.259,1,1
14,2,0.875,0.4952,0,1,17.6354,23,2,0,122.2177,3093.9559,5,3,11,1.4902,0,1
1,1,0.5464609339152634,0.5391597337167968,0,0,1384.673465878931,9,2,0,207.0814571845429,133411.17175673312,2,1,1,0.662912915896606,1,0
0,5,0.0,0.8185,0,0,1990.2725,4,2,0,55.4405,800000.0,11,8,4,1.2985,0,0
1,4,0.2,0.598,0,0,1239.3577,11,0,1,49.1517,1103.9897,17,0,19,0.2067,0,0
5,0,1.0,0.22153672559871815,0,0,898.6097835619341,5,1,0,-12.259698368525832,27446.90593523953,15,7,4,0.8529808958102567,1,1
0,1,0.0,0.7462126656857105,0,0,2525.8835661397306,8,2,1,46.42191985058661,-45333.819856704984,12,5,19,1.2151396540505104,0,0
0,3,0.0,0.5138,0,0,2446.995,12,2,1,143.8213,579566.2235,15,2,5,1.1884,0,0
0,3,0.0,0.7386,0,0,144.1454,8,0,1,24.94,25895.5822,17,2,13,0.6241,0,0
1,3,0.25,0.8253,0,0,3093.1648,5,1,1,65.4276,23394.0266,9,7,8,0.5274,0,0
0,5,0.0,0.6048,0,0,2110.9734,6,1,1,376.0795,4081.977,2,7,14,1.3651,0,0
0,2,0.1627222756864335,0.48357651143621105,0,0,533.202456420992,3,1,1,92.09490781391175,128127.37348789144,5,0,9,0.6732561991993519,0,0
3,0,1.0,0.0513,1,0,5.76,28,0,0,125.2681,14977.8576,9,11,2,0.6953,0,1
10,1,0.9091,0.5949,0,1,7.1626,35,8,0,58.1569,3615.0544,7,8,5,1.4902,0,1
0,5,0.0,0.7604,0,0,2628.5015,2,1,1,83.3284,13895.2647,17,7,4,1.5082,0,0
3,2,0.6,0.3585,0,0,2.2818,7,0,0,75.8795,2870.0065,45,33,16,0.2912,1,1
0,4,0.0,0.8625,0,0,2608.648,10,1,0,99.2075,223053.2556,14,1,13,1.615,0,0
1,3,0.36222677665500125,0.6462308996930094,0,0,2956.6036049191002,3,0,1,147.75620855692873,132541.46075322028,11,4,18,0.426586212413238,0,0
5,0,1.0,0.3097,1,0,535.236,5,1,0,41.449,6631.0181,7,4,2,0.7127,1,1
2,0,1.0,0.593,1,2,260.982,7,2,1,17.9419,3818.3113,1,3,0,0.7409,1,1
0,2,0.0,0.4742,0,0,3167.204,10,0,1,462.5187,445586.6373,9,5,7,0.7871,0,0
0,3,0.0,0.5169,0,0,2782.1689,5,1,0,50.9148,37781.7967,16,7,14,0.4875,0,0
0,3,0.0,0.9586,0,0,910.8443,1,2,0,11.1255,7153.5523,7,6,9,0.2894,0,0
0,4,0.09147475837193919,0.5845148813291237,0,0,2120.2882953046533,11,1,1,523.6484080958026,442660.4980570985,5,2,7,1.2871551953880558,0,0
6,0,1.0,0.5624,1,0,13.5445,14,1,0,36.0136,6475.3651,5,2,9,1.1407,0,1
0,2,0.1065405937889903,0.6540894290178688,0,0,131.11885052521595,3,1,1,184.1626440084563,10806.051490528613,75,91,14,0.7870079296484677,0,1
0,1,0.0,0.4544,0,0,3337.8943,1,0,1,34.9403,96445.6297,10,1,7,0.2339,0,0
0,4,0.0,0.7565,1,1,2916.955,7,1,1,556.5689,8229.0191,1,0,16,1.2551,1,0
12,2,0.9037064648511623,0.46987663843223787,1,1,-115.15116225649662,23,2,0,-43.52125836368718,33954.107115404804,3,13,9,1.2985024403768506,1,1
8,1,0.8889,0.452,1,2,6.9036,36,6,0,12.5891,1038.8534,2,3,6,2.088,0,1
8,0,1.0,0.3095,0,0,0.4591,31,8,0,50.0575,13580.6646,8,7,10,1.4402,1,1
0,2,0.0,0.8545538804357884,0,0,1966.3139679909375,9,1,0,846.4317652243916,-32684.490075086385,13,1,10,0.7116169120952174,0,0
0,5,0.1230498977182385,0.4847723964120927,0,0,2161.288767898007,2,0,1,-11.646497802114979,301552.3311851783,4,1,8,1.336857536046127,0,0
3,0,1.0,0.1654,1,8,7.5418,2,1,0,23.2126,4829.7408,3,5,3,0.6312,0,1
2,3,0.4,0.7187,1,2,2807.2938,11,2,1,7.9386,1316.5646,7,5,2,0.7957,0,0
0,5,0.0,0.5419,0,0,1414.9815,3,1,1,1.0,19812.07,5,1,9,0.8144,1,0
0,1,0.0,0.5581,0,0,2964.3136,8,2,1,1200.0,37184.5947,14,1,15,1.6466,0,0
10,0,1.0,0.3155,0,3,3.9107,18,3,0,81.7576,7869.6303,6,9,11,1.3265,1,1
11,1,0.9167,0.0895,1,0,7.2432,49,9,0,16.7412,7261.9705,11,9,7,2.5309,0,0
0,4,0.0,0.5515,0,0,3362.3558,8,0,1,38.2888,800000.0,8,3,14,0.7887,0,0
2,5,0.2857,0.5675,0,0,1817.5465,4,2,1,92.5291,41558.1799,17,8,0,1.2731,0,0
9,0,1.0,0.5616,0,2,6.5862,27,6,0,40.7595,7599.3359,11,3,13,1.9674,0,1
0,3,0.0,0.8526,0,0,3110.1904,4,0,1,6.6695,59600.3159,7,6,4,1.2982,0,0
1,4,0.2,0.5827,0,0,960.7702,3,1,0,149.8339,92584.0623,4,5,8,1.0133,0,0
0,3,0.0,0.485,0,0,2344.235,11,1,1,310.3553,35404.0602,3,4,19,1.1278,0,0
3,0,1.0,0.013,0,2,6.6239,35,6,0,11.6443,14439.2202,5,6,12,1.9349,1,1
2,0,1.0,0.4472,1,1,526.8106,6,1,0,11.4503,7850.4168,4,0,4,0.7291,1,1
3,1,0.75,0.2334,0,0,116.026,9,1,0,36.0645,7020.6882,15,1,1,1.3027,1,1
1,2,0.3333,0.8395,0,0,1858.1869,9,2,1,436.713,800000.0,1,1,10,1.4365,0,0
5,1,0.8333,0.144,0,1,517.3574,8,0,1,26.7208,963.6472,9,7,2,2.2427,1,1
2,2,0.5,0.5419,0,0,4.0272,4,0,1,54.2634,1709.9314,222,71,13,0.5884,0,1
1,1,0.5,0.2534,1,4,7.1635,3,1,0,11.4334,3772.1384,1,0,2,1.366,1,1
1,1,0.5,0.7304,0,0,1375.6872,4,2,1,22.1242,2361.0687,5,7,1,0.7243,0,0
0,3,0.0,0.813,0,0,2443.815,2,0,1,49.2654,318727.4204,9,8,14,0.829,0,0
1,3,0.25,0.7982,0,0,511.3139,1,2,0,8.1184,2543.3134,7,1,17,0.4279,0,1
1,1,0.5,0.5845,1,2,2879.8587,9,1,1,118.9401,8172.0184,6,2,16,0.7427,0,0
0,1,0.0,0.9859,0,0,3166.4472,4,0,1,62.5284,34891.8374,4,4,1,1.1908,0,1
0,3,0.0,0.7998,0,0,3239.9969,4,2,0,1200.0,3491.6071,1,4,3,0.769,0,0
2,2,0.5,0.6759,0,0,2857.0895,7,0,1,332.6762,22357.8598,2,3,5,0.4688,0,0
3,5,0.375,0.5821,0,0,1598.9639,12,2,0,27.9488,219688.8676,16,1,7,0.6095,0,0
1,2,0.3333,0.4721,0,0,1.8,8,3,1,133.7613,4511.1117,200,90,28,0.259,1,1
1,3,0.25,0.6993,0,0,1297.6817,3,2,0,74.9244,18812.0659,6,1,18,0.895,0,0
20,2,0.9091,0.3645,0,1,16.6669,26,0,0,126.1664,15760.4587,4,9,9,0.256,0,1
1,4,0.2,0.6155,0,0,339.0753,3,1,1,18.3632,281306.4483,14,5,9,1.2093,0,0
1,3,0.25,0.7134,0,0,1471.2738,6,0,0,31.262,2192.3409,8,8,9,0.7321,0,0
1,3,0.25,0.5535,0,0,842.6553,2,1,1,32.2854,800000.0,12,7,16,0.6259,0,0
1,2,0.3333,0.6327,0,0,2422.0774,10,0,0,53.896,23380.6449,17,8,5,0.7895,1,0
1,0,1.0,0.6963,0,0,7.8548,5,0,0,296.4225,4305.7017,287,45,6,0.7539,1,1
6,4,0.6,0.7396,0,0,3559.7233,3,2,1,40.109,1125.8607,16,6,16,1.1075,0,0
0,4,0.0,0.7342,0,0,1903.8798,1,2,0,670.6327,800000.0,15,7,13,1.7738,0,0
1,2,0.3333,0.5519,0,0,1098.3802,10,0,1,242.9662,173103.8246,6,6,14,0.9237,0,0
0,2,0.0,0.7889,0,0,841.7448,4,1,1,35.7251,87304.8249,1,6,15,2.3636,0,0
0,2,0.0,0.7449,0,0,4.6714,4,1,1,200.6967,4311.5304,91,19,16,0.3433,1,1
0,1,0.0,0.6469,0,0,3598.3051,7,1,1,877.149,10003.6015,11,6,18,1.225,0,0
1,4,0.2,0.6695,0,0,1673.2048,9,0,1,30.0611,326705.3649,17,1,7,1.0849,1,0
1,4,0.2,0.8893,0,0,1514.1796,1,0,1,125.0971,65134.6372,16,6,9,1.5165,0,0
0,5,0.0,0.575,0,0,3411.4653,11,1,1,467.3638,6355.1475,2,4,19,0.4173,1,0
0,4,0.0,0.5888,1,2,2348.8478,1,1,1,212.3719,75679.5068,11,3,6,0.7793,0,0
0,2,0.0,0.7757,0,0,820.4575,8,0,1,283.4565,5724.2567,12,1,1,0.9599,0,0
0,2,0.0,0.8827,0,0,2154.3178,7,0,1,105.7616,8357.4182,5,2,1,0.02,1,0
1,2,0.3333,0.7804,0,0,1447.2153,1,2,0,16.5105,18199.9507,3,5,12,1.5038,0,0
11,1,0.9213305256625152,0.45242998427900066,0,1,167.40646770317437,47,5,0,-37.61287532333053,-57094.65956544006,11,8,4,1.3316328511938917,1,1
3,1,0.75,0.2738,1,5,7.6333,9,1,0,4.0869,1447.9676,4,2,1,1.6395,0,1
2,4,0.31128245220504513,0.7305549176594816,0,0,1780.22419844046,1,0,1,2.370758691880191,215505.92177611598,15,6,10,1.0207092179406927,0,1
1,4,0.2,0.66,0,0,808.2351,11,0,1,29.252,5162.5176,2,4,5,0.5502,0,0
1,1,0.5,0.8824,0,0,347.0014,8,2,1,56.8098,800000.0,6,7,19,1.5887,0,0
0,1,0.0,0.5242,0,0,210.0794,9,0,1,57.0693,6979.5837,9,1,13,0.02,0,0
5,0,1.0,0.2937,0,0,395.8955,4,0,1,28.4774,752.9406,4,1,0,0.9752,1,1
0,5,0.0,0.9186,0,0,1976.3476,10,1,0,74.7635,20631.3436,9,8,10,0.7692,0,0
0,4,0.0,0.693,0,0,295.1964,7,2,0,1200.0,9099.2701,17,7,17,1.3315,0,0
18,0,1.0,0.4983457300580556,1,0,-214.45811132366708,31,1,0,102.67459307892481,22555.694961782065,2,2,7,0.5002831958980066,0,1
0,2,0.0,0.6079,0,0,2203.4024,7,0,1,1200.0,800000.0,9,5,12,0.288,0,0
5,0,1.0,0.1242,1,3,50.466,11,0,0,24.1414,2249.7158,4,2,1,0.909,0,1
0,3,0.0,0.7308,0,0,2746.7394,11,0,1,4.7046,15284.9622,9,8,8,1.1563,0,0
1,3,0.24410951472526984,0.8217607153193923,0,0,3653.396859604927,2,0,1,318.70027921216325,-72723.02641719421,13,8,19,1.020549510079209,0,0
0,2,0.0,0.9082,0,0,2300.3816,7,1,1,996.026,141084.1872,10,1,4,0.9728,0,0
2,5,0.2857,0.8355,0,0,779.203,11,2,1,211.7721,77679.3853,13,0,15,1.0759,0,0
0,1,0.0,0.829312875089393,0,0,1960.2726481734037,6,2,0,1167.6361146276436,75465.66377570637,15,8,11,1.8055387986479992,1,0
17,2,0.8947,0.5736,0,1,12.1776,25,2,0,24.9408,5599.0239,4,12,8,2.3382,0,1
3,1,0.7735224162885136,0.3254322819013463,1,1,974.464534691672,6,2,0,17.099855516896113,70527.3949554794,14,4,2,1.4565179294155084,1,1
2,4,0.4014438240131877,0.9815588524029492,0,0,45.82649384006926,5,1,1,711.9643545563496,76439.4434446479,10,1,16,1.4489096641363872,0,0
5,1,0.8333,0.3112,0,0,7.6981,23,7,0,16.099,4186.2459,7,3,9,0.9059,0,1
2,1,0.6667,0.599,0,0,12.3487,9,2,1,45.9138,1676.8698,212,61,22,0.5022,1,1
2,3,0.4,0.9696,0,0,673.1799,8,2,1,5.7634,698005.813,3,1,5,0.5498,0,0
1,5,0.1667,0.8331,0,0,259.2117,2,0,1,65.6193,21318.4731,6,3,7,1.8945,0,0
0,2,0.0,0.7189549746926108,0,0,2423.8420254822904,2,2,1,6.917615460542924,12488.053748887047,9,0,19,1.0140304415782118,0,0
3,2,0.6,0.8638,0,0,14.1699,2,2,1,259.507,4610.7216,72,91,25,0.1705,1,1
10,1,0.9091,0.1032,0,0,4.613,27,2,0,74.926,13273.6304,9,2,6,1.1055,1,1
0,5,0.0,0.5141,0,0,654.2478,7,1,1,26.0976,3354.5454,1,3,2,1.4364,0,0
0,3,0.0,0.547,0,0,2663.8233,8,2,1,21.8741,109930.9387,3,8,11,0.8184,0,0
0,2,0.011243060093809171,0.9439005273204605,1,1,1152.7843146825332,8,2,1,48.563783103626506,33903.32703762343,13,6,12,0.4010332977090272,1,0
0,1,0.0,0.6422936287605514,0,0,3200.2458343980356,3,2,1,-13.798645291892019,278446.2572653982,14,5,8,1.3112379669498464,0,0
1,1,0.5,0.7442,0,0,6.8424,1,0,0,163.3206,1123.4024,257,27,16,0.0,1,1
0,3,0.0,0.5929,0,0,2276.5659,2,1,0,50.9423,33189.3456,1,0,8,1.1411,0,0
0,1,0.0,0.9597648641562408,0,0,3184.3451353643995,3,1,1,15.784597445946247,515319.1568475518,9,5,5,1.1950512318999695,0,0
6,1,0.8571,0.0593,1,4,57.4559,2,0,0,12.4916,5458.0595,5,0,3,0.9574,0,1
0,1,0.011519049369144989,0.48363458600385933,0,0,740.6340578656096,2,2,1,357.7944623835076,45578.89240074594,15,8,3,0.8920755367506247,1,0
6,0,1.0,0.1051,1,8,24.59,2,0,0,13.148,1612.637,4,1,1,0.8995,0,1
0,2,0.0,0.6976405803405997,0,0,-106.53759722189263,8,1,0,342.4209170527244,8963.157947845197,7,6,15,2.402733623019203,0,0
0,3,0.0,0.5925,0,0,2053.1581,11,0,1,27.9682,88528.375,10,1,5,0.8053,0,0
0,5,0.0,0.7933,0,0,430.3048,1,0,1,148.3712,284245.6186,7,4,14,0.4242,0,0
1,4,0.09919455030596443,0.7893209199360715,0,0,1305.8527462645386,12,0,1,54.601476553736134,205843.57334945563,6,4,14,0.7830418581834004,0,0
0,3,0.0,0.5872,0,0,299.8635,4,0,1,238.1197,109156.2552,14,0,15,1.3947,0,0
0,1,0.0,0.915,1,2,1139.7328,2,2,1,61.8198,4193.6845,14,0,16,1.3726,0,0
21,1,0.9545,0.167,1,0,17.6325,25,1,0,86.5669,2067.529,3,10,8,2.0693,0,1
1,1,0.5,0.6052,0,0,2119.6382,11,2,1,15.6918,10320.3423,10,2,13,0.8298,0,0
1,0,1.0,0.202,1,4,23.5392,11,1,0,29.1188,761.539,2,3,2,1.2369,1,1
0,2,0.0,0.6651,0,0,244.6133,4,2,0,209.7991,15184.0323,1,1,18,1.3031,0,0
0,5,0.0,0.5823694708615851,0,0,878.505179697519,3,0,1,181.40709759619253,-4857.784630790252,16,5,5,0.31571372679994625,0,0
1,5,0.1667,0.5935,0,0,871.5569,7,1,1,333.6338,866.1701,11,2,6,1.5958,1,0
1,1,0.5,0.6919,0,0,2270.929,5,2,1,317.7559,433808.9527,1,6,17,1.5992,0,0
7,1,0.875,0.0207,1,0,4.511,16,8,0,71.4439,6253.8951,5,3,3,0.7939,0,1
22,2,0.9167,0.1671,0,0,19.3934,33,2,0,35.8752,9070.6874,7,5,5,0.9141,1,0
0,1,0.0,0.5773,0,0,995.1509,10,0,1,17.768,3464.6947,5,3,6,0.7029,0,0
0,1,0.0,0.844,0,0,334.823,8,0,0,103.1787,800000.0,1,2,18,0.2993,1,0
2,1,0.660595129507901,0.8823520248613256,0,0,-12.136336539115305,3,0,1,189.37905005840008,-45296.120696780374,184,17,7,0.5650129905943725,1,1
0,5,0.0,0.8414,0,0,113.9406,2,2,1,1078.5148,15210.635,4,0,1,0.7431,0,0
1,2,0.3233802360429375,0.7606712270092728,0,0,3293.0221783055263,10,1,1,-26.215997402156365,23661.685271304963,7,7,8,0.5631316458116674,0,0
0,4,0.0,0.468,0,0,689.4766,3,2,0,55.6679,13037.9474,12,3,2,0.9955,0,0
1,3,0.25,0.6582,0,0,3578.1222,7,1,1,150.4813,61634.1773,4,5,3,1.6371,0,0
1,4,0.2,0.9831,0,0,1107.6892,9,1,0,20.0044,6833.2086,1,7,2,1.3454,1,0
2,2,0.5,0.9629,0,0,3167.7079,10,0,1,375.2151,14162.46,4,2,5,1.211,0,0
0,2,0.0,0.6495,0,0,763.5729,7,2,0,205.1186,4020.2985,5,1,1,2.2287,0,0
0,5,0.0,0.641,0,0,3537.9554,12,1,0,190.7662,430.5623,5,7,16,0.9981,0,0
1,4,0.2,0.7381,0,0,3243.2531,2,0,1,33.8751,3379.7761,10,5,10,1.3355,0,0
1,1,0.5,0.5791,0,0,1412.4334,12,2,1,10.4699,800000.0,2,4,17,0.4827,1,0
1,1,0.5,0.7667,0,0,95.4926,1,2,1,299.5821,287211.8573,1,2,15,1.241,0,0
1,1,0.5,0.6813,0,0,2989.1087,3,2,0,334.989,2222.1849,3,7,18,0.5976,0,0
0,1,0.0,0.9538,0,0,2645.3578,5,1,1,40.8682,6435.0203,1,4,19,1.2104,0,0
4,0,1.0,0.2826,0,3,5.3367,36,2,0,51.3543,1394.5316,11,10,8,0.6101,1,1
0,4,0.0,0.809,0,0,2773.6073,10,2,1,313.1039,7820.0618,2,8,7,0.6654,0,0
0,5,0.0,0.575,0,0,2490.7306,11,0,1,400.5894,1048.6282,16,8,16,0.3917,0,0
1,4,0.2,0.8617,0,0,874.5912,9,1,0,2.3501,9997.2857,1,2,14,0.5438,0,0
0,5,0.0,0.8378,0,0,964.5781,6,2,1,7.6489,2384.009,4,4,19,1.2449,0,0
0,1,0.0,0.9499,0,0,287.4974,3,2,0,373.8707,2404.9772,11,8,14,0.9446,0,0
1,5,0.1667,0.5253,1,2,1597.8728,2,2,1,67.61,24686.3959,16,0,16,0.756,0,0
0,3,0.0,0.9874829200584151,1,1,3318.2039210735056,7,0,1,57.922951340313055,356207.39775708073,2,3,8,0.9716340098225078,0,0
0,2,0.0,0.6619,0,0,387.2428,5,0,1,66.6852,1321.6052,4,1,6,0.6766,0,0
0,2,0.023557489972303683,0.9053555337210505,0,0,3085.2188607952185,5,2,0,1006.4042847088667,48675.33251990654,2,3,6,0.779608442342972,0,0
0,1,0.0,0.5717,0,0,12.302,9,0,0,145.7364,4578.6821,210,38,17,0.581,1,1
0,1,0.034136884820541495,0.4926967551886071,0,0,472.21208926295543,9,1,1,385.7207871412442,647681.4673274632,5,3,14,1.2727375670505117,0,0
0,3,0.0,0.9171065248479275,0,0,2679.773145219435,12,1,1,162.0371261489006,7111.238561017715,16,2,7,0.49082636453833517,0,0
2,3,0.4,0.4554,0,0,2587.9319,11,2,1,42.9035,218198.3492,9,8,0,1.6682,1,0
0,4,0.0,0.8122,0,0,633.6434,1,0,1,97.5635,26348.4211,2,2,18,1.315,0,0
0,5,0.0,0.5241,0,0,3589.783,8,2,1,886.4944,28005.9931,15,5,2,1.7914,0,0
2,4,0.40752842256594807,0.7787760812394903,0,0,936.1746965459304,11,0,1,1115.5667776992104,-134496.99113336706,2,2,9,0.9700215093045312,0,0
1,5,0.1667,0.4572,0,0,520.0205,10,1,1,24.4888,800000.0,5,6,6,0.7975,0,0
0,3,0.0,0.6037,0,0,833.4835,4,1,0,152.0282,94354.819,13,7,19,1.5211,0,0
18,2,0.9,0.3616,0,0,12.9769,13,1,0,45.1187,10359.2599,8,5,10,1.3839,0,1
0,5,0.0,1.0,0,0,1873.6777578599958,2,2,0,21.46196275772967,345823.75667196047,1,3,13,1.1301184876719534,0,0
1,3,0.25,0.6132,0,0,920.8393,12,2,1,306.8132,585.5603,3,8,19,1.4677,0,0
0,1,0.0,0.827,0,0,3004.586,4,1,1,15.7214,612896.1692,4,1,1,1.0767,0,0
1,1,0.5,0.7953,0,0,3061.3211,1,0,1,217.4198,456883.7279,3,6,18,1.4601,0,0
0,2,0.0,0.9305,0,0,2078.4189,8,1,1,622.389,35413.5689,2,5,18,0.3403,0,0
0,3,0.0,0.9843,1,2,2192.6387,9,1,0,1200.0,46898.386,8,4,9,0.4718,0,0
0,4,0.0,0.8041,0,0,3153.4777,11,2,1,31.5121,624.736,7,2,14,1.4277,0,0
0,4,0.0,0.6957,0,0,2744.0777,2,1,1,237.7049,6068.0484,16,3,3,1.4259,0,0
1,4,0.2,0.9097,0,0,2417.0887,1,2,0,230.3468,110213.5911,11,2,0,1.1997,0,0
1,1,0.5,0.7356,0,0,1407.7285,1,2,1,15.7984,9868.1938,2,3,3,1.128,0,0
0,3,0.15776717826955164,0.8833594706889869,0,0,3599.5056799103077,6,1,1,257.4494641145052,386670.431520673,16,1,15,1.022504112050257,0,0
5,1,0.8333,0.2468,1,4,58.4005,2,0,0,20.133,3246.7342,4,3,2,1.0185,0,1
0,5,0.0,0.8395,0,0,197.3296,5,2,1,31.1233,15835.9343,10,6,0,1.0845,1,0
0,3,0.0,0.8016,0,0,1357.4808,11,0,1,1200.0,266932.8649,12,8,9,0.9258,0,0
19,1,0.95,0.4754,0,0,6.8064,17,0,0,26.6472,9114.0609,7,8,9,2.2628,0,1
0,4,0.0,0.627,0,0,218.563,4,2,1,82.9144,222873.2145,7,6,2,1.9217,0,0
2,0,1.0,0.0,1,8,93.85383534705545,3,0,0,48.62135936748008,72175.10718093583,7,3,3,1.484798096736725,1,1
2,2,0.3900630196312138,0.8019566424957058,0,0,-285.1866478295598,4,0,1,23.248536786811982,59239.0195700743,205,90,9,0.7863928661691821,1,1
0,3,0.0,0.5773,0,0,2706.4889,11,2,0,765.8986,398278.031,5,1,1,1.3947,0,0
3,1,0.75,0.5306,0,3,2.4623,33,6,0,80.5233,9568.534,2,3,13,1.7146,0,1
0,2,0.0,0.68,0,0,1937.9047,8,0,1,248.9451,7923.4717,10,2,12,0.784,0,0
2,3,0.4,0.4628,0,0,142.3931,7,0,0,6.6561,4348.2693,12,1,7,0.6189,0,0
1,3,0.25,0.7103,0,0,871.0298,9,1,0,13.5031,49712.9171,14,5,15,0.9051,0,0
1,4,0.07796454920989943,0.9667827891889478,0,0,1184.7773020598875,6,2,1,48.56827017653558,111233.161454602,16,0,2,0.20540674166562972,0,0
0,4,0.0,0.9617,0,0,3473.9017,3,1,0,534.72,344220.6679,14,3,8,1.6019,0,0
0,4,0.0,0.7936551655521416,0,0,321.54667675742604,12,2,1,144.4257987966737,81503.24366769288,1,7,15,1.16226093999411,0,0
1,1,0.5,0.787,0,0,624.6735,6,0,1,67.6579,3970.144,17,7,14,1.1922,0,0
3,0,1.0,0.096,1,3,9.7913,22,3,0,55.8161,3961.3088,11,8,11,0.7602,1,1
0,2,0.0,0.7613,0,0,2969.2345,5,0,1,1200.0,27191.0808,5,7,17,1.2048,1,0
1,0,1.0,0.8892025879313581,0,0,-25.01392938865753,9,1,0,303.64414170015027,-8607.100889579273,45,65,9,0.11366511107410537,0,1
0,3,0.0,0.7733,0,0,2622.3689,1,0,1,382.27,800000.0,15,1,1,1.7463,0,0
2,0,1.0,0.1915,0,2,40.8544,6,1,1,13.4192,5833.648,10,7,5,1.302,1,1
0,3,0.1992498154329716,0.8457399212666494,0,0,537.7004576160058,4,2,1,147.55605221964584,-30761.7711256913,12,8,16,1.578501311355777,0,0
0,2,0.0,0.9586884652258776,0,0,1704.223781449172,12,0,1,-87.30479038719686,19190.25845813034,10,4,8,1.2024802215172263,0,0
0,0,0.0,0.6108,0,0,12.0218,3,1,0,193.8271,1645.2522,204,84,15,0.7769,1,1
0,1,0.0,0.868,0,0,1.8719,4,0,1,127.7253,957.7777,116,98,26,0.4066,1,0
0,2,0.0,0.5441,0,0,3.0185,4,2,1,70.4117,1144.6841,131,21,17,0.6709,0,1
0,5,0.0,0.6135,0,0,1882.2548,4,1,0,62.171,8103.5934,8,1,6,0.9463,0,0
